driver_id,global_window_id,start_time,end_time,actual,predicted,risk_score,risk_category
B,B_W0,1,2,700.1485036415551,675.2532509298201,100.0,Dangerous
B,B_W1,2,4,724.0885408987218,714.3402028816691,100.0,Dangerous
B,B_W10,17,19,957.2200176489263,960.8108952348322,90.399598721263,Dangerous
B,B_W100,167,169,135.9789967179487,133.95368894017093,50.98670339439406,Moderate
B,B_W1000,1667,1669,42.28188045874954,42.02076004926396,6.573652170176401,Safe
B,B_W1001,1669,1670,40.29919511604007,41.21324912467448,23.01112015470371,Safe
B,B_W1002,1671,1672,37.782940207129855,38.40402325429682,15.635636942022998,Safe
B,B_W1003,1672,1674,37.01098302031666,38.46311876207387,36.55721622449523,Moderate
B,B_W1004,1674,1675,36.138475665317145,37.29171973977225,29.03268046997901,Safe
B,B_W1005,1676,1677,36.561220244518765,37.23919438448203,17.06785840782458,Safe
B,B_W1006,1677,1679,40.39963965905631,40.593835437931816,4.888838470186898,Safe
B,B_W1007,1679,1680,41.56759173417432,40.92747826344627,16.11472390955723,Safe
B,B_W1008,1681,1682,38.03245133333333,38.47078584862755,11.034980541749782,Safe
B,B_W1009,1682,1684,38.34456959850607,37.823047303069146,13.129215659351454,Safe
B,B_W101,169,170,166.06908661322078,163.70391268631053,59.5427632336679,Moderate
B,B_W1010,1684,1685,39.941096571428574,39.62689956323013,7.909844538294091,Safe
B,B_W1011,1686,1687,43.580471015873016,44.92787349921099,33.92057815834937,Moderate
B,B_W1012,1687,1689,38.78461013823858,38.98640952266282,5.080257663405444,Safe
B,B_W1013,1689,1690,45.17922583872166,44.98898368925763,4.789306669467136,Safe
B,B_W1014,1691,1692,41.51204855973266,42.409343830626774,22.58922240671458,Safe
B,B_W1015,1692,1694,37.71726983902012,37.389866227162074,8.242318047272763,Safe
B,B_W1016,1694,1695,40.624456939014195,40.76841469624251,3.6241066911696236,Safe
B,B_W1017,1696,1697,38.19875685990338,38.429154954070555,5.800224251755328,Safe
B,B_W1018,1697,1699,39.48336749019608,41.08238753187205,40.2549980211308,Moderate
B,B_W1019,1699,1700,42.93348271895425,44.48141313457819,38.96882727778646,Moderate
B,B_W102,171,172,288.4615708888889,289.1253641734213,16.710858312498004,Safe
B,B_W1020,1701,1702,44.79359867750678,44.77545681875263,0.45671753274739635,Safe
B,B_W1021,1702,1704,42.11303344217687,43.14291494518795,25.927053310887278,Safe
B,B_W1022,1704,1705,42.25387912182062,41.42393125495324,20.893765473615154,Safe
B,B_W1023,1706,1707,44.27762589625579,43.051876994094975,30.85797447489768,Safe
B,B_W1024,1707,1709,44.56306238961039,45.059357917846604,12.49413702539037,Safe
B,B_W1025,1709,1710,40.397640940170945,40.87316374464792,11.971188011602274,Safe
B,B_W1026,1711,1712,41.00205443410853,41.38484268769458,9.636614919765396,Safe
B,B_W1027,1712,1714,37.79615350326797,37.90288127424578,2.6868495062814706,Safe
B,B_W1028,1714,1715,45.72775837569944,44.800167445294804,23.35190935363155,Safe
B,B_W1029,1716,1717,41.10591263812436,41.10444756489423,0.03688291481190243,Safe
B,B_W103,172,174,175.81614383976935,176.99719587830418,29.73274020020467,Safe
B,B_W1030,1717,1719,39.30432396114665,38.69116882911082,15.43605332230739,Safe
B,B_W1031,1719,1720,39.354573172353454,40.27805970233825,23.248581924035697,Safe
B,B_W1032,1721,1722,36.73528299238964,35.44307709863558,32.53101545959514,Safe
B,B_W1033,1722,1724,37.76572755555556,37.42106133516682,8.676900637941394,Safe
B,B_W1034,1724,1725,39.72447071794872,39.386837702557635,8.499841160334075,Safe
B,B_W1035,1726,1727,39.95964572890333,39.94340626833444,0.4088250528615827,Safe
B,B_W1036,1727,1729,36.553855580808076,36.96758844432122,10.415639058871456,Safe
B,B_W1037,1729,1730,38.411505481822836,38.73766489369251,8.210995570528036,Safe
B,B_W1038,1731,1732,45.06696754248366,44.48524979265477,14.6446237432238,Safe
B,B_W1039,1732,1734,36.46361525047081,38.49509804168485,51.142158077374475,Moderate
B,B_W104,174,175,62.21061595604395,64.11911334128195,48.04602598074068,Moderate
B,B_W1040,1734,1735,37.710435329059834,39.31627267487546,40.42662223940108,Moderate
B,B_W1041,1736,1737,33.95265466666667,34.00372879226472,1.2857805226290497,Safe
B,B_W1042,1737,1739,35.954049365079364,35.56246317564029,9.858101130771448,Safe
B,B_W1043,1739,1740,42.19670285213033,43.72955539992937,38.58924508141946,Moderate
B,B_W1044,1741,1742,127.60042139325634,129.9546821447798,59.26802630595655,Moderate
B,B_W1045,1742,1744,56.72288587930063,56.0502937648446,16.932367031546107,Safe
B,B_W1046,1744,1745,44.37203654596729,43.33776763761243,26.037505330767424,Safe
B,B_W1047,1746,1747,44.277994108843544,43.93836216298278,8.550163820466022,Safe
B,B_W1048,1747,1749,39.95778476190476,39.23669838209898,18.153200107311935,Safe
B,B_W1049,1749,1750,40.7347039047619,40.02521743912632,17.861174673110717,Safe
B,B_W105,176,177,50.03014680990274,48.69157936007255,33.69815802157623,Moderate
B,B_W1050,1751,1752,38.408940066091375,37.320161183271644,27.409782636257212,Safe
B,B_W1051,1752,1754,38.77340330647131,38.41914728602377,8.918321866148975,Safe
B,B_W1052,1754,1755,40.449462233100235,41.090664735502656,16.142140056168312,Safe
B,B_W1053,1756,1757,39.00367110077519,39.743301536173796,18.620042862084592,Safe
B,B_W1054,1757,1759,40.09607426728023,40.502766022634546,10.238380620820108,Safe
B,B_W1055,1759,1760,42.93142055989436,42.82576802210734,2.6597807336337973,Safe
B,B_W1056,1761,1762,39.88278473504273,41.30475057138264,35.79769511080218,Moderate
B,B_W1057,1762,1764,41.352842613220815,41.249539252083046,2.6006406985483763,Safe
B,B_W1058,1764,1765,40.998682992389654,40.595213236057916,10.157267463450276,Safe
B,B_W1059,1766,1767,42.38402145697577,41.75606865710479,15.80858154202697,Safe
B,B_W106,177,179,80.15437545098038,75.13840417065137,100.0,Dangerous
B,B_W1060,1767,1769,41.65258408369408,41.124037602218216,13.306048086543063,Safe
B,B_W1061,1769,1770,39.832979498336655,40.641276537701685,20.348710380153413,Safe
B,B_W1062,1771,1772,44.02666654596729,43.280571883939,18.78277842724581,Safe
B,B_W1063,1772,1774,43.118339194139196,42.86809639007368,6.299810709002259,Safe
B,B_W1064,1774,1775,40.425481904761895,40.22602707052025,5.0212340986588515,Safe
B,B_W1065,1776,1777,39.15020282679225,39.1148172413953,0.8908247758032242,Safe
B,B_W1066,1777,1779,42.69479764892624,40.946824602826105,44.004859024781254,Moderate
B,B_W1067,1779,1780,38.852258,38.50282130444274,8.796996361236618,Safe
B,B_W1068,1781,1782,41.78388360568087,42.37009525187921,14.75775665259616,Safe
B,B_W1069,1782,1784,54.79473333333334,54.753341614131315,1.0420279490820579,Safe
B,B_W107,179,180,63.042589796610166,61.12387469753873,48.30325480803827,Moderate
B,B_W1070,1784,1785,92.88302301355014,93.45485337550458,14.395710803456666,Safe
B,B_W1071,1786,1787,148.12461327777777,148.5580240212128,10.911025606049911,Safe
B,B_W1072,1787,1789,75.0223970055371,73.35076755215186,42.08292490665527,Moderate
B,B_W1073,1789,1790,41.50085072727273,41.84054267678789,8.551674400024794,Safe
B,B_W1074,1791,1792,42.150129988304094,42.02718219950884,3.0951850919065453,Safe
B,B_W1075,1792,1794,40.75267398845599,41.12485585858644,9.369601415313733,Safe
B,B_W1076,1794,1795,41.14473493183941,39.782698690657135,34.28897997803302,Moderate
B,B_W1077,1796,1797,63.44191170903277,61.992960474108926,36.47704692521554,Moderate
B,B_W1078,1797,1799,38.73590035506095,38.684895393249924,1.2840393386305706,Safe
B,B_W1079,1799,1800,40.53798725763794,40.50007682775092,0.9543872123595748,Safe
B,B_W108,181,182,90.13234395819583,92.02621955137337,47.67792539718453,Moderate
B,B_W1080,1801,1802,45.70315363522013,45.08150212265393,15.649947940587793,Safe
B,B_W1081,1802,1804,48.52519792907802,47.97826588419651,13.76890083336408,Safe
B,B_W1082,1804,1805,39.47320689872173,39.269484021908625,5.12868118549347,Safe
B,B_W1083,1806,1807,43.71578593636998,41.472978541947775,56.462211148782416,Moderate
B,B_W1084,1807,1809,136.15231873923824,138.18001565418442,51.046849427264426,Moderate
B,B_W1085,1809,1810,180.37054157706098,182.7002986043667,58.65115012918175,Moderate
B,B_W1086,1811,1812,255.58969830236794,256.6522125810183,26.748576671787404,Safe
B,B_W1087,1812,1814,67.56030871794871,67.44549772119328,2.8903430393217997,Safe
B,B_W1088,1814,1815,96.4250350930931,95.41258504759001,25.488219982223022,Safe
B,B_W1089,1816,1817,485.4740860606061,483.26852755621417,55.52447806515831,Moderate
B,B_W109,182,184,164.71071823809527,163.02910573892345,42.33424601452742,Moderate
B,B_W1090,1817,1819,551.3417342222223,548.9305052293781,60.702189969863774,Moderate
B,B_W1091,1819,1820,173.7542653216374,173.04483968474693,17.859643322064425,Safe
B,B_W1092,1821,1822,102.10247765761757,105.51377657094311,85.87874287146205,Dangerous
B,B_W1093,1822,1824,38.70588514285714,38.87547678158591,4.269434343219017,Safe
B,B_W1094,1824,1825,36.27940263812437,35.22663763671254,26.50314063864416,Safe
B,B_W1095,1826,1827,42.019610236184505,42.88657447195907,21.82564488617494,Safe
B,B_W1096,1827,1829,89.26041663203463,89.8177709949948,14.031280530114056,Safe
B,B_W1097,1829,1830,59.614284051282056,58.89435881543977,18.123968548773142,Safe
B,B_W1098,1831,1832,68.60998191713747,72.117894688362,88.31097671292234,Dangerous
B,B_W1099,1832,1834,72.8260121029601,72.38547248464417,11.090493553133001,Safe
B,B_W11,19,20,985.0914764297277,993.7597600450777,100.0,Dangerous
B,B_W110,184,185,214.23121198830407,215.1197591610274,22.36899084902581,Safe
B,B_W1100,1834,1835,55.68717447080438,56.33206177695932,16.23490422666019,Safe
B,B_W1101,1836,1837,73.62872466666667,79.93237225085967,100.0,Dangerous
B,B_W1102,1837,1839,359.1753247991604,357.8298762961999,33.87138710746905,Moderate
B,B_W1103,1839,1840,293.14842391639166,300.17420777941146,100.0,Dangerous
B,B_W1104,1841,1842,265.0699867918015,273.16379738474615,100.0,Dangerous
B,B_W1105,1842,1844,328.70350200000007,335.0705737518125,100.0,Dangerous
B,B_W1106,1844,1845,374.32898133333333,374.6439126910459,7.928331635058034,Safe
B,B_W1107,1846,1847,276.65085031645475,281.5449489106311,100.0,Dangerous
B,B_W1108,1847,1849,304.24890539869284,302.92458274298934,33.33954828283883,Moderate
B,B_W1109,1849,1850,104.29918963522013,103.05185790085012,31.401317800951773,Safe
B,B_W111,186,187,626.8843011779628,625.5339091512765,33.99583929231634,Moderate
B,B_W1110,1851,1852,53.06415675184483,54.03928020238704,24.54853069308151,Safe
B,B_W1111,1852,1854,66.70508676190477,66.28179158199693,10.656368391533428,Safe
B,B_W1112,1854,1855,80.26062830285325,81.42332240825615,29.270583039795923,Safe
B,B_W1113,1856,1857,52.515104848484846,52.405618810881094,2.7562882967126647,Safe
B,B_W1114,1857,1859,55.65822192831541,55.13578893382484,13.152142319209965,Safe
B,B_W1115,1859,1860,39.64993472727273,39.743301536173796,2.350490056154883,Safe
B,B_W1116,1861,1862,45.518782013605446,46.38249682966756,21.74384141862269,Safe
B,B_W1117,1862,1864,447.6028676565656,438.40752785047266,100.0,Dangerous
B,B_W1118,1864,1865,518.264165605681,513.9082301869901,100.0,Dangerous
B,B_W1119,1866,1867,889.5050465714285,891.7989128037356,57.74760680640226,Moderate
B,B_W112,187,189,459.289712996943,459.1776671765525,2.8207302976442574,Safe
B,B_W1120,1867,1869,642.5719184341085,641.7965616755719,19.51944563987393,Safe
B,B_W1121,1869,1870,192.4014873017529,193.97386004786847,39.5841578802356,Moderate
B,B_W1122,1871,1872,355.77337331293074,358.20544450041075,61.22688789856717,Moderate
B,B_W1123,1872,1874,344.7092657289033,342.98430843846273,43.42544214795458,Moderate
B,B_W1124,1874,1875,77.18745990739765,78.87141456702403,42.39320941836611,Moderate
B,B_W1125,1876,1877,87.63849426517274,92.40847917573463,100.0,Dangerous
B,B_W1126,1877,1879,326.0127696576175,333.9730549967818,100.0,Dangerous
B,B_W1127,1879,1880,187.75397301355014,185.916054935461,46.269206556618705,Moderate
B,B_W1128,1881,1882,760.4327401594223,750.4033891045048,100.0,Dangerous
B,B_W1129,1882,1884,294.02752109364815,294.2172907809703,4.77741253300187,Safe
B,B_W113,189,190,105.75246823618453,108.32026885926463,64.64384829874102,Moderate
B,B_W1130,1884,1885,47.51755806535948,47.67187610111711,3.8849245551275358,Safe
B,B_W1131,1886,1887,128.23124057142857,127.27428993281455,24.091033920595066,Safe
B,B_W1132,1887,1889,210.86156165905626,213.32006398899773,61.89228643001221,Moderate
B,B_W1133,1889,1890,347.74356427899437,351.07884009452084,83.9648771463933,Dangerous
B,B_W1134,1891,1892,190.14032510077516,192.68917765933665,64.16683470302557,Moderate
B,B_W1135,1892,1894,39.21992133333333,39.6954319728064,11.970881760151057,Safe
B,B_W1136,1894,1895,39.32450077433346,39.82232521117782,12.532626982608674,Safe
B,B_W1137,1896,1897,42.45445594655415,42.820415215866866,9.212948729871647,Safe
B,B_W1138,1897,1899,75.05256332505178,73.50163672097648,39.04425570084369,Moderate
B,B_W1139,1899,1901,99.52936866666666,98.7374066878822,19.93747861681866,Safe
B,B_W114,191,192,66.11512344522144,66.09628068013072,0.4743627044503605,Safe
B,B_W1140,1901,1903,122.15232250149764,120.21299834373812,48.82208358759284,Moderate
B,B_W1141,1903,1905,106.49281576254359,105.30432723898213,29.919952168928603,Safe
B,B_W1142,1905,1907,75.3056746013072,73.90710960247858,35.20858387819848,Moderate
B,B_W1143,1907,1909,40.374415257637935,41.367189164233245,24.992877264713453,Safe
B,B_W1144,1909,1911,39.854125563818215,40.54208962526437,17.319352609925538,Safe
B,B_W1145,1911,1913,52.99934148207348,54.31230479362861,33.053579149059495,Moderate
B,B_W1146,1913,1915,127.98981100115631,128.28917027231338,7.536307584615695,Safe
B,B_W1147,1915,1917,374.03150855973263,373.3969290653274,15.975407203000309,Safe
B,B_W1148,1917,1919,82.0878753333333,80.62514210253251,36.82400581396858,Moderate
B,B_W1149,1919,1921,46.01749443223443,46.639687281382045,15.663575976788472,Safe
B,B_W115,192,194,70.7594302952603,71.20670248316476,11.259984596646753,Safe
B,B_W1150,1921,1923,42.07279851455888,42.201503263765964,3.24011537667211,Safe
B,B_W1151,1923,1925,43.45336941702742,43.00855825716526,11.198028725931657,Safe
B,B_W1152,1925,1927,40.21630829526029,40.21831146565366,0.05042939933178049,Safe
B,B_W1153,1927,1929,40.26826100115631,40.26884925348969,0.014809130529283421,Safe
B,B_W1154,1929,1931,40.18261796491228,39.447498269315695,18.506485922789675,Safe
B,B_W1155,1931,1933,44.38455847619048,42.98222196856388,35.30353083023312,Moderate
B,B_W1156,1933,1935,45.441654982135645,42.8630379126407,64.91615009463897,Moderate
B,B_W1157,1935,1937,45.992957194139194,44.7786326266646,30.570369217802394,Safe
B,B_W1158,1937,1939,82.33702553753753,82.0570404439801,7.048566680432105,Safe
B,B_W1159,1939,1941,471.97379300553735,474.5458055786225,64.74988326684587,Moderate
B,B_W116,194,195,139.38144837569945,140.3303328565751,23.887970071904423,Safe
B,B_W1160,1941,1943,340.8777822073079,335.3779922444275,100.0,Dangerous
B,B_W1161,1943,1945,98.90851212698412,96.87067213623575,51.302199257600144,Moderate
B,B_W1162,1945,1947,76.16567814808903,74.6656838902382,37.762044444549076,Moderate
B,B_W1163,1947,1949,55.58445426794258,56.65069300229011,26.842339071764115,Safe
B,B_W1164,1949,1951,177.62488210399562,177.11306358792956,12.884925025594104,Safe
B,B_W1165,1951,1953,59.42510178848728,60.27315719048262,21.34961891618964,Safe
B,B_W1166,1953,1955,94.13539511923219,93.59232801232538,13.671601821176315,Safe
B,B_W1167,1955,1957,122.60302502553485,118.91269827095724,92.90321092357591,Dangerous
B,B_W1168,1957,1959,119.64677220420421,118.64260766402617,25.279634103515512,Safe
B,B_W1169,1959,1961,124.23774092525669,125.43480783669536,30.135911305162782,Safe
B,B_W117,196,197,108.66358208369405,107.92413208073208,18.61550051290188,Safe
B,B_W1170,1961,1963,99.74547894017094,99.11588561487551,15.849881429454015,Safe
B,B_W1171,1963,1965,83.64695657142857,82.43204657068023,30.585107379090125,Safe
B,B_W1172,1965,1967,151.52698028046137,153.00700192235962,37.25923797890571,Moderate
B,B_W1173,1967,1969,86.2822921120699,87.18990344173889,22.848927047522917,Safe
B,B_W1174,1969,1971,74.95200844134727,74.43134240264038,13.107659573702346,Safe
B,B_W1175,1971,1973,78.21415485527544,80.13871290498288,48.450349878869005,Moderate
B,B_W1176,1973,1975,114.3708049758669,111.56612488292335,70.60723983985352,Dangerous
B,B_W1177,1975,1977,144.24126613823856,146.69213714092973,61.700169348704584,Moderate
B,B_W1178,1978,1980,45.9460786966967,45.45128076419775,12.456435363204339,Safe
B,B_W1179,1980,1982,47.287191030303035,45.75274139305083,38.62945147727507,Moderate
B,B_W118,197,199,43.71043993241901,41.795983591855126,48.19604144558763,Moderate
B,B_W1180,1983,1985,73.63080078269421,69.58066840321,100.0,Dangerous
B,B_W1181,1985,1987,415.02929351515144,414.0134069620364,25.574733348855457,Safe
B,B_W1182,1988,1990,417.13905599671585,414.99044039793426,54.090952222505486,Moderate
B,B_W1183,1990,1992,412.0456577142857,407.2723091485237,100.0,Dangerous
B,B_W1184,1993,1995,226.72760638383843,232.5497343940309,100.0,Dangerous
B,B_W1185,1995,1997,197.3060435151515,194.18077904478343,78.67788507410734,Dangerous
B,B_W1186,1998,2000,90.41107797145769,92.83065914300016,60.91245433692014,Moderate
B,B_W1187,2000,2002,158.9231090109546,158.13551608102983,19.827488717619435,Safe
B,B_W1188,2003,2005,65.98065479916045,65.6896232336359,7.326659321916959,Safe
B,B_W1189,2005,2007,43.637566851569126,44.68769518057068,26.436762957382097,Safe
B,B_W119,199,200,46.054336113849466,46.06523259926665,0.2743167611872422,Safe
B,B_W1190,2008,2010,50.6353507364319,50.910352100956366,6.9231023353138434,Safe
B,B_W1191,2010,2012,261.75660343249194,255.92525581061642,100.0,Dangerous
B,B_W1192,2013,2015,218.10281723809527,218.0892188884405,0.3423356331851422,Safe
B,B_W1193,2015,2017,43.78928098853274,41.825777308806934,49.43079803990494,Moderate
B,B_W1194,2018,2020,356.51116045923067,358.8027978124592,57.691495237716865,Moderate
B,B_W1195,2020,2022,533.3829148943985,536.6304682745309,81.75648302301875,Dangerous
B,B_W1196,2023,2025,56.504583396825396,56.200752790419486,7.6488725224541865,Safe
B,B_W1197,2025,2027,50.25536020730797,51.499944992825974,31.332163933132968,Safe
B,B_W1198,2028,2030,115.81230096903462,118.1335021827075,58.43575929486884,Moderate
B,B_W1199,2030,2032,1018.0641341269842,1019.3910164972383,33.403988565939734,Moderate
B,B_W12,21,22,846.5305940317459,850.6298931590253,100.0,Dangerous
B,B_W120,201,202,48.51950293955694,46.72946768769887,45.06376633389505,Moderate
B,B_W1200,2033,2035,1227.089270222222,1216.9370472510632,100.0,Dangerous
B,B_W1201,2035,2037,993.8464212903829,992.4886131926568,34.18253734315319,Moderate
B,B_W1202,2038,2040,607.8065038397694,609.9429258754858,53.78398180045421,Moderate
B,B_W1203,2040,2042,289.604216499744,292.15687077298566,64.26254208188188,Moderate
B,B_W1204,2043,2045,152.69773723809521,153.7989020970011,27.72159701621674,Safe
B,B_W1205,2045,2047,485.73613405228764,483.84602208762226,47.5831768297116,Moderate
B,B_W1206,2048,2050,254.0445322886003,255.97649493172017,48.636758982817625,Moderate
B,B_W1207,2050,2052,116.92153950326797,118.21077404443939,32.4562122743837,Safe
B,B_W1208,2053,2055,377.0978119560439,379.3186998531567,55.91039234863153,Moderate
B,B_W1209,2055,2057,410.53836548182284,413.75134662588323,80.88613414783653,Dangerous
B,B_W121,202,204,45.25962377676345,44.545594746761275,17.975532789220683,Safe
B,B_W1210,2058,2060,635.1596684093569,637.9045860578889,69.10273269246139,Dangerous
B,B_W1211,2060,2062,990.8487727536233,991.2419052155469,9.897028219978633,Safe
B,B_W1212,2063,2065,147.7373295771526,145.9739481048242,44.392762960417734,Moderate
B,B_W1213,2065,2067,630.3400233333334,634.535795302085,100.0,Dangerous
B,B_W1214,2068,2070,856.0600374901961,853.1984102011176,72.04087369557503,Dangerous
B,B_W1215,2070,2072,973.68967210296,986.0782081158176,100.0,Dangerous
B,B_W1216,2073,2075,865.0888020854701,860.575357165915,100.0,Dangerous
B,B_W1217,2075,2077,1213.3363395985064,1218.0453969244684,100.0,Dangerous
B,B_W1218,2078,2080,908.1101666750524,903.6142226859284,100.0,Dangerous
B,B_W1219,2080,2082,956.7142966750524,964.6462849292388,100.0,Dangerous
B,B_W122,204,205,43.67838501355014,44.070248737308965,9.865087999729399,Safe
B,B_W1220,2083,2085,625.0724888888888,635.8793940970165,100.0,Dangerous
B,B_W1221,2085,2087,530.92233593637,530.1277853788226,20.00264555048002,Safe
B,B_W1222,2088,2090,43.80741294017095,42.55194659797956,31.60610486629038,Safe
B,B_W1223,2090,2092,40.2574735182358,40.314561362749195,1.4371746494864197,Safe
B,B_W1224,2093,2095,143.8857579967159,141.7443906574285,53.908478792535554,Moderate
B,B_W1225,2095,2097,377.0594574252874,373.629052989656,86.35972043432628,Dangerous
B,B_W1226,2098,2100,54.1892533292162,52.135485214950826,51.70318646473071,Moderate
B,B_W1227,2100,2103,96.80708216500331,96.03817690673682,19.35703045817527,Safe
B,B_W1228,2103,2106,221.72080572225116,222.1799258931221,11.5582551113614,Safe
B,B_W1229,2107,2110,83.42514191713747,82.51799567806003,22.83721848830854,Safe
B,B_W123,206,207,45.1537333292162,44.40586169544105,18.827513322549958,Safe
B,B_W1230,2110,2113,48.102051859154926,47.23287930584527,21.88123882226578,Safe
B,B_W1231,2113,2116,43.12060894527363,42.71582308916583,10.19040000244301,Safe
B,B_W1232,2117,2121,85.69003226679907,83.30148973471317,60.131063023904616,Moderate
B,B_W1233,2122,2126,46.66278506165099,46.02647774617169,16.018904740307736,Safe
B,B_W1234,2127,2131,42.55235291064491,42.390873875074305,4.065201240714761,Safe
B,B_W1235,2132,2136,40.85608243585707,42.02076004926396,29.320517442551598,Safe
B,B_W1236,2137,2141,43.502064608962556,43.352177722016854,3.7733713025063795,Safe
B,B_W1237,2142,2146,37.62253523809524,37.56289607534634,1.5014035570952626,Safe
B,B_W1238,2147,2151,33.27972028070175,33.434890943668684,3.906389268344864,Safe
B,B_W1239,2152,2156,34.415479777777776,35.02921043573827,15.450542068135926,Safe
B,B_W124,207,209,63.085422013605445,63.84315054150404,19.07565858845769,Safe
B,B_W1240,2157,2161,39.22542875036075,39.99826457580918,19.45598167204832,Safe
B,B_W1241,2162,2166,122.1388270656875,119.2650920908862,72.34568217333364,Dangerous
B,B_W1242,2167,2171,50.46922272000245,46.750324677701826,93.6224871682598,Dangerous
B,B_W1243,2172,2176,49.9351302439066,48.43114269551904,37.86257470587416,Moderate
B,B_W1244,2177,2181,47.227414267942585,48.026458757436394,20.115779355495327,Safe
B,B_W1245,2182,2186,50.317686164146,48.184361923164516,53.7059954602759,Moderate
B,B_W1246,2187,2191,51.9773756239686,49.84050327045463,53.79531845764386,Moderate
B,B_W1247,2192,2196,46.809942619883046,44.907314452558694,47.89826963664159,Moderate
B,B_W1248,2197,2201,61.32604806535948,60.120786716528386,30.342204567547814,Safe
B,B_W1249,2202,2206,274.3050605467578,281.1545042719501,100.0,Dangerous
B,B_W125,209,210,72.16649502553486,70.90777987056936,31.687893054295678,Safe
B,B_W1250,2207,2211,223.06731675213675,226.76479735847707,93.08330765847954,Dangerous
B,B_W1251,2212,2216,1008.6912275406413,1008.0395726840026,16.405275906959936,Safe
B,B_W1252,2217,2221,229.30228834920626,232.59916358387932,82.99815048507861,Dangerous
B,B_W1253,2222,2228,42.085096233521654,43.33253284955849,31.40395817516886,Safe
B,B_W1254,2229,2238,32.40612496969697,33.35464219395585,23.878724462721312,Safe
B,B_W1255,2239,2248,33.18090428070175,33.26607777639234,2.1442250948173474,Safe
B,B_W1256,2249,2258,37.37614543133195,39.65508657036444,57.37187067766387,Moderate
B,B_W1257,2259,2268,37.40433406837607,38.642259653101604,31.164519933848123,Safe
B,B_W1258,2269,2278,37.89955858380414,40.643735233269695,69.08407819459613,Dangerous
B,B_W1259,2279,2288,33.881316941154665,34.79086418683811,22.897663331809213,Safe
B,B_W126,211,212,131.7766270964591,130.5579529558264,30.67986882025162,Safe
B,B_W1260,2289,2298,36.65011924869129,36.89245644614186,6.100788701556372,Safe
B,B_W1261,2299,2308,38.85468015686275,39.20102574413493,8.719178351045556,Safe
B,B_W1262,2309,2318,34.63106394444445,35.516253376606755,22.284460426569417,Safe
B,B_W1263,2319,2328,38.79484357706093,42.194714236257816,85.59103894321628,Dangerous
B,B_W1264,2329,2338,34.68392843410853,34.35256195533589,8.342082400218558,Safe
B,B_W1265,2339,2348,34.106447668109666,33.50523484410509,15.135408193643531,Safe
B,B_W1266,2349,2358,30.000632,30.049238542457395,1.2236596286721093,Safe
B,B_W1267,2359,2368,36.028264207792205,35.14786548891584,22.163855212864103,Safe
B,B_W1268,2369,2378,40.270391904761894,43.051876994094975,70.02331043302685,Dangerous
B,B_W1269,2379,2388,40.75753210399562,41.61918058330674,21.69182181933423,Safe
B,B_W127,212,214,145.38260813802626,141.77497584543235,90.82139498834627,Dangerous
B,B_W1270,2389,2398,38.55186686486486,38.90800226961846,8.965634976397428,Safe
B,B_W1271,2399,2408,39.819822375699445,41.25793622722948,36.204218045212926,Moderate
B,B_W1272,2409,2418,34.9963719047619,36.23646065753843,31.218977241037994,Safe
B,B_W1273,2419,2428,34.40332694115467,34.67254850757459,6.777597116369261,Safe
B,B_W1274,2429,2438,37.54546116239317,38.534929682753656,24.90966485156425,Safe
B,B_W1275,2439,2448,37.42529971717172,39.698523565038826,57.227939057952916,Moderate
B,B_W1276,2449,2458,36.45702228571428,39.46585596524427,75.74676405459073,Dangerous
B,B_W1277,2459,2468,39.046755100775194,40.593835437931816,38.94742672862027,Moderate
B,B_W1278,2469,2478,35.38046539869281,35.44696585432986,1.6741351829886064,Safe
B,B_W1279,2479,2488,30.000018000000004,30.076513628142383,1.925761578490965,Safe
B,B_W128,214,215,107.44174688372092,102.29648832679673,100.0,Dangerous
B,B_W1280,2489,2498,30.000472000000002,30.076513628142383,1.914332222619761,Safe
B,B_W1281,2499,2508,32.380181086189,32.98325484758145,15.182256906551359,Safe
B,B_W1282,2509,2518,35.493332793650794,38.32535431498718,71.29555463088934,Dangerous
B,B_W1283,2519,2528,36.05897341636141,38.95034162525211,72.78959518560023,Dangerous
B,B_W1284,2529,2538,35.73980089872173,36.31099479437052,14.37968789617177,Safe
B,B_W1285,2539,2548,34.24892622773186,35.87623581294304,40.967181414301365,Moderate
B,B_W1286,2549,2552,38.31119516789517,39.481926750929304,29.472924872735557,Safe
B,B_W129,216,217,155.6355300884235,154.66229886363453,24.500894302062733,Safe
B,B_W13,22,24,1154.7453353846154,1153.010206084529,43.681520381803516,Moderate
B,B_W130,217,219,437.55487144522147,435.11721690413884,61.36744766790506,Moderate
B,B_W131,219,220,660.5698922361845,662.374434427099,45.428975516887675,Moderate
B,B_W132,221,222,123.6331350198355,122.3975831202189,31.10476290337197,Safe
B,B_W133,222,224,78.44136629059827,79.32909767753765,22.348453611053586,Safe
B,B_W134,224,225,128.43493034428792,128.78475905697454,8.806865311190482,Safe
B,B_W135,226,227,84.91668510077518,86.94240962203523,50.997194825156456,Moderate
B,B_W136,227,229,116.60803843410851,116.26592826000768,8.612552702593405,Safe
B,B_W137,229,230,115.48115191570882,116.096284296305,15.485830144867286,Safe
B,B_W138,231,232,101.43681789056393,99.18917310685727,56.58399142107283,Moderate
B,B_W139,232,234,117.55894472214158,117.65051342181617,2.3052230291841136,Safe
B,B_W14,24,25,979.9512076357012,987.6639648316036,100.0,Dangerous
B,B_W140,234,235,121.7686003018868,119.07278246160453,67.86665519973693,Dangerous
B,B_W141,236,237,80.47261420644313,82.24015062555529,44.4973628842453,Moderate
B,B_W142,237,239,112.75610761232768,111.96499959970414,19.915980195772086,Safe
B,B_W143,239,240,112.24072011965814,115.91396114731697,92.47308129081398,Dangerous
B,B_W144,241,242,127.31638021001223,128.4369357947975,28.20975451991194,Safe
B,B_W145,242,244,140.8246674202898,140.19692172994746,15.803367602584121,Safe
B,B_W146,244,245,137.93337939495797,139.16553278286503,31.019206075704403,Safe
B,B_W147,246,247,166.48320263203468,166.23600723511603,6.223092865904819,Safe
B,B_W148,247,249,162.429508,162.79325463007171,9.157245995730404,Safe
B,B_W149,249,250,166.67778577777776,165.73220014937237,23.80492214492324,Safe
B,B_W15,26,27,809.5264033333333,807.898973087049,40.97021903180148,Moderate
B,B_W150,251,252,172.40277181872392,175.30851708989175,73.15153474760166,Dangerous
B,B_W151,252,254,226.66373229500968,232.17291566516863,100.0,Dangerous
B,B_W152,254,255,230.99548879916043,233.70674496301018,68.25531179468936,Dangerous
B,B_W153,256,257,83.24583331369342,83.57704102367087,8.338085428717369,Safe
B,B_W154,257,259,107.82603244134728,110.58417955736492,69.43578179351985,Dangerous
B,B_W155,259,260,114.71866269344811,115.85513414713142,28.610433219550636,Safe
B,B_W156,261,262,84.72998450568677,87.24692389442254,63.36342726928497,Moderate
B,B_W157,262,264,118.83147210884353,118.34682278103588,12.200946344231372,Safe
B,B_W158,264,265,119.28869408695653,119.07281809883781,5.434633242882984,Safe
B,B_W159,266,267,83.35268701095461,82.22800685352406,28.313589781100546,Safe
B,B_W16,27,29,771.3254014820735,767.7482007592106,90.05528652980783,Dangerous
B,B_W160,267,269,112.48706155857214,111.89215848973309,14.976561415565579,Safe
B,B_W161,269,270,119.98865242979241,117.32739307874476,66.99665239833672,Dangerous
B,B_W162,271,272,90.14539530788056,83.54721576469335,100.0,Dangerous
B,B_W163,272,274,116.23045220664869,116.1248685957758,2.6580455128614635,Safe
B,B_W164,274,275,117.14012173149885,116.65633698731352,12.179180630795422,Safe
B,B_W165,276,277,88.04452534281121,86.31667565757752,43.498257587185705,Moderate
B,B_W166,277,279,125.64751738461536,125.31258423305097,8.431872648265164,Safe
B,B_W167,279,280,118.16154753753753,117.1317256586087,25.925552286978675,Safe
B,B_W168,281,282,86.4570800884235,82.06296211649716,100.0,Dangerous
B,B_W169,282,284,117.42742990476192,116.96857931467552,11.551468471003517,Safe
B,B_W17,29,30,541.246997598506,544.7259755017213,87.58254740991507,Dangerous
B,B_W170,284,285,116.96166005128205,117.02443041095752,1.5802307905241972,Safe
B,B_W171,286,287,85.39276001619433,82.55089481309253,71.54336727842325,Dangerous
B,B_W172,287,289,124.00764959437657,118.6415603972208,100.0,Dangerous
B,B_W173,289,290,121.22843991627602,118.87013959274019,59.369721693835075,Moderate
B,B_W174,291,292,83.33414712668082,82.87547021473303,11.547096159873087,Safe
B,B_W175,292,294,122.46752950312111,118.96856163129365,88.08579072516532,Dangerous
B,B_W176,294,295,133.76096133333334,132.5592090864289,30.253863654093706,Safe
B,B_W177,296,297,101.71405294017097,101.26227036327442,11.373532704374492,Safe
B,B_W178,297,299,154.1053428016428,153.66780210937733,11.014996211585562,Safe
B,B_W179,299,300,140.1543807094548,141.51201940861807,34.17827276945564,Moderate
B,B_W18,31,32,973.1587339649126,980.2151994576844,100.0,Dangerous
B,B_W180,301,302,85.59717336336337,84.26807463996211,33.4597847968982,Moderate
B,B_W181,302,304,118.95584783976932,118.8662099509913,2.2566152651816016,Safe
B,B_W182,304,305,120.23047341991341,118.82199469232505,35.45815994429152,Moderate
B,B_W183,306,307,84.48381018181819,83.6198242176983,21.750667514759556,Safe
B,B_W184,307,309,117.4391573136934,117.87809074197615,11.050058052062168,Safe
B,B_W185,309,310,119.59117055973269,118.1694761659192,35.79086160147814,Moderate
B,B_W186,311,312,85.00553927988746,85.7974766033397,19.936857923942075,Safe
B,B_W187,312,314,118.39911021001222,118.67635725601895,6.979636901027991,Safe
B,B_W188,314,315,120.74926100115633,118.25698124885498,62.742626034780734,Moderate
B,B_W189,316,317,86.47102475862067,85.81615202598776,16.48628526794435,Safe
B,B_W19,32,34,1119.238032356096,1115.8760028067154,84.63839684926575,Dangerous
B,B_W190,317,319,123.83159538461538,120.8327915028505,75.49426597535242,Dangerous
B,B_W191,319,320,121.59368165564945,118.18761252318,85.7470842227112,Dangerous
B,B_W192,321,322,86.43121009523809,85.4454273949011,24.816875096661015,Safe
B,B_W193,322,324,124.62338680990275,122.17147821383575,61.72629054681469,Moderate
B,B_W194,324,325,118.96729772890332,117.68609043284727,32.254128042909194,Safe
B,B_W195,326,327,84.21822912668084,84.14534784173769,1.834771237819493,Safe
B,B_W196,327,329,118.05195731369339,117.73382329523245,8.008957955384151,Safe
B,B_W197,329,330,118.33802282679225,117.711425847366,15.77444904343591,Safe
B,B_W198,331,332,84.13923732163742,84.69278286572755,13.93539430475089,Safe
B,B_W199,332,334,117.6486477289033,117.44745665076043,5.064943678893289,Safe
B,B_W2,4,5,432.5261887918015,433.92735094969447,35.273966819169985,Moderate
B,B_W20,34,35,572.4618374017093,570.2075698827981,56.75071740674215,Moderate
B,B_W200,334,335,117.25323421001224,117.17905590482245,1.8674234536148002,Safe
B,B_W201,336,337,84.16576088888888,81.96340770269126,55.443784844181465,Moderate
B,B_W202,337,339,118.08678701983548,117.74573830049378,8.585830799106008,Safe
B,B_W203,339,340,117.4159315182358,117.14230352103117,6.88852809778,Safe
B,B_W204,341,342,86.35009612698411,86.3674776049559,0.43757510420259216,Safe
B,B_W205,342,344,118.58907556381823,118.56586052011032,0.5844339121245595,Safe
B,B_W206,344,345,125.99948205128203,127.44937248374433,36.5006910285203,Moderate
B,B_W207,346,347,84.26928882539681,83.12350806448488,28.84479309891362,Safe
B,B_W208,347,349,50.381720499743984,51.40576697577227,25.780157716383567,Safe
B,B_W209,349,350,51.66387398324711,53.89280054269137,56.11276400615422,Moderate
B,B_W21,36,37,847.6995646666666,850.0687731946564,59.64433347934435,Moderate
B,B_W210,351,352,58.13297473643189,58.828274456258185,17.50402628872873,Safe
B,B_W211,352,354,65.43854695424837,64.19918210691807,31.200753071517784,Safe
B,B_W212,354,355,66.55376027234755,67.89664790974606,33.80691784789577,Moderate
B,B_W213,356,357,139.6017586111111,140.63975009393002,26.13122037109097,Safe
B,B_W214,357,359,80.82622459574469,81.68959487178036,21.73516769489107,Safe
B,B_W215,359,360,39.93832156381822,40.26884925348969,8.320966058504354,Safe
B,B_W216,361,362,39.59484910423117,39.9154630476302,8.071389551532615,Safe
B,B_W217,362,364,52.08876109364816,54.072112339952454,49.93045641348231,Moderate
B,B_W218,364,365,51.783957814343125,54.323816880324834,63.94042539196854,Moderate
B,B_W219,366,367,46.24869744217687,46.57397234507421,8.188728240536571,Safe
B,B_W22,37,39,158.4195653729195,158.30214493539964,2.9560351695453524,Safe
B,B_W220,367,369,42.55722702865762,42.0385982151007,13.056372852933881,Safe
B,B_W221,369,370,38.570806859903385,38.549274724609525,0.5420670417217383,Safe
B,B_W222,371,372,39.8149898699187,39.99230836129212,4.463956256524124,Safe
B,B_W223,372,374,37.51065108618899,37.26709890665202,6.13137562367686,Safe
B,B_W224,374,375,35.768229154486875,36.23646065753843,11.787631009937648,Safe
B,B_W225,376,377,38.70307011965812,39.74686954565589,26.277434136446114,Safe
B,B_W226,377,379,38.33822111111111,38.5202337059876,4.5821293389759274,Safe
B,B_W227,379,380,44.77759294017094,46.76384490221151,50.003481330731745,Moderate
B,B_W228,381,382,52.83324657142857,51.66949967880206,29.29708673987354,Safe
B,B_W229,382,384,49.4162898699187,49.823580691405475,10.253461986499165,Safe
B,B_W23,39,40,309.4019821837563,310.84424577571383,36.30868690010171,Moderate
B,B_W230,384,385,60.937384917182435,60.309910555757696,15.79653695333839,Safe
B,B_W231,386,387,46.26261810896611,47.44026205569436,29.646942195580667,Safe
B,B_W232,387,389,40.35016294017095,42.02503671774698,42.16460009550625,Moderate
B,B_W233,389,390,44.30716587930062,43.394758286287995,22.969671982779776,Safe
B,B_W234,391,392,48.661818476190476,46.87616002098733,44.95358138555744,Moderate
B,B_W235,392,394,50.517488793650784,51.13968430026494,15.663642877957596,Safe
B,B_W236,394,395,52.43555882679225,53.549576409947456,28.04516168441188,Safe
B,B_W237,396,397,37.988075612347245,39.190583655649824,30.272890671715864,Safe
B,B_W238,397,399,40.59312957731158,40.22212444604914,9.33997725828702,Safe
B,B_W239,399,400,43.88588258665517,43.158946808582336,18.300457495917406,Safe
B,B_W24,41,42,894.5980795104426,899.0370511548805,100.0,Dangerous
B,B_W240,401,402,42.64593024332713,42.98222196856388,8.466074458791066,Safe
B,B_W241,402,404,44.689450876427834,44.7978289572961,2.728395715611658,Safe
B,B_W242,404,405,40.607014776556774,41.34917199943382,18.683654212970474,Safe
B,B_W243,406,407,42.105295253257154,41.08238753187205,25.75148980434166,Safe
B,B_W244,407,409,36.8140466031746,37.374028306161016,14.097423270543022,Safe
B,B_W245,409,410,33.16213053832442,34.38345502843213,30.746590818783076,Safe
B,B_W246,411,412,38.100843677621285,38.74705583521756,16.26825708701159,Safe
B,B_W247,412,414,40.58635977777777,39.846694367338905,18.62092335147181,Safe
B,B_W248,414,415,41.16633751044277,41.43564925497965,6.779867331766817,Safe
B,B_W249,416,417,47.59245463157895,48.279011311615925,17.283922074744666,Safe
B,B_W25,42,44,714.3925928515692,712.9717424262853,35.76961486872767,Moderate
B,B_W250,417,419,47.27597976391684,46.92602534370023,8.810029972194757,Safe
B,B_W251,419,420,49.44683015873015,51.13630743398912,42.53224012190138,Moderate
B,B_W252,421,422,59.712419254534076,61.05440693918944,33.784261724175884,Moderate
B,B_W253,422,424,63.06093507711537,63.59559593790224,13.459976317991043,Safe
B,B_W254,424,425,40.80293576254361,41.421643638045786,15.575842487811112,Safe
B,B_W255,426,427,42.070366265706284,42.84281391011927,19.446209294963296,Safe
B,B_W256,427,429,43.38172373142468,44.88143391029022,37.75489281499311,Moderate
B,B_W257,429,430,42.53027973142468,42.009344033672114,13.114448184268152,Safe
B,B_W258,431,432,42.57567133333333,44.03968827113997,36.8563228716872,Moderate
B,B_W259,432,434,41.73666484246261,43.17433401723223,36.193023399965355,Moderate
B,B_W26,44,45,64.2020451192322,65.50597237855875,32.826098407668155,Safe
B,B_W260,434,435,169.21553776576582,164.69455879055712,100.0,Dangerous
B,B_W261,436,437,522.5044034199132,524.2096178137092,42.92841881826361,Moderate
B,B_W262,437,439,615.9784057090327,610.2276245811634,100.0,Dangerous
B,B_W263,439,440,69.72410595604396,70.80285800761372,27.157359238422522,Safe
B,B_W264,441,442,68.21799232362957,69.41657328695055,30.1740272473885,Safe
B,B_W265,442,444,88.76723343133195,92.47853190660653,93.431169644013,Dangerous
B,B_W266,444,445,90.48550109364818,92.5874358735322,52.91577228518781,Moderate
B,B_W267,446,447,68.64986372890334,69.68398146389502,26.03369957269248,Safe
B,B_W268,447,449,92.40228891718243,95.42890591672801,76.19445544893144,Dangerous
B,B_W269,449,450,92.14617405128205,95.08825565317954,74.06629434003607,Dangerous
B,B_W27,46,47,746.9207935555557,745.3689084768395,39.068385101207916,Moderate
B,B_W270,451,452,79.2564344619925,74.7080464125089,100.0,Dangerous
B,B_W271,452,454,100.36208314774117,100.23832071456249,3.1156935953575786,Safe
B,B_W272,454,455,46.13020927988748,46.22365476280047,2.3524706580934236,Safe
B,B_W273,456,457,41.70573612698413,40.97017034310466,18.517716102822746,Safe
B,B_W274,457,459,40.795687312930795,40.02544775190373,19.39062125352925,Safe
B,B_W275,459,460,35.406380232055064,37.148114629449566,43.84780233708861,Moderate
B,B_W276,461,462,36.38898320325204,37.189587758212845,20.155053680175442,Safe
B,B_W277,462,464,38.26642959850608,38.026947026133854,6.028924107064306,Safe
B,B_W278,464,465,37.07536597145769,37.92551677598934,21.402370240597083,Safe
B,B_W279,466,467,37.694581956043955,38.417445668802486,18.197944095899345,Safe
B,B_W28,47,49,877.2577850512612,875.5699194678016,42.491666115007604,Moderate
B,B_W280,467,469,46.328391077115356,46.25987741980991,1.724817117589333,Safe
B,B_W281,469,470,38.477548916146915,39.040436769696775,14.170585008439732,Safe
B,B_W282,471,472,42.22618570903278,41.42723106766382,20.11351744758059,Safe
B,B_W283,472,474,44.965076165003325,43.76511227061423,30.208842250302393,Safe
B,B_W284,474,475,46.59167974129353,45.42628882423702,29.338474714040057,Safe
B,B_W285,476,477,45.04212985915493,44.77545681875263,6.713438502266743,Safe
B,B_W286,477,479,42.59207403174603,43.047291163584845,11.45999691295283,Safe
B,B_W287,479,480,40.53415370903278,39.85433003871574,17.114419951013954,Safe
B,B_W288,481,482,41.096183648926235,40.94016588430279,3.927714876916228,Safe
B,B_W289,482,484,41.199302559732665,42.35399155223279,29.069055982184715,Safe
B,B_W29,49,50,1430.3797035634184,1442.2436830411928,100.0,Dangerous
B,B_W290,484,485,39.95455474066689,40.61610082165955,16.654285429302167,Safe
B,B_W291,486,487,40.878580945273626,40.49275512709166,9.713084978683115,Safe
B,B_W292,487,489,39.91306356381822,41.09046847195629,29.640924448633232,Safe
B,B_W293,489,490,39.19027663203463,38.70778479420842,12.146631981265502,Safe
B,B_W294,491,492,40.06529210399562,39.850779157995674,5.400318940145269,Safe
B,B_W295,492,494,40.03647338971807,41.30475057138264,31.928615093930468,Safe
B,B_W296,494,495,38.7740970055371,39.765078004391334,24.94774118405903,Safe
B,B_W297,496,497,41.53604192907802,40.52268798271161,25.510975499049525,Safe
B,B_W298,497,499,44.435512317460315,43.26754737983486,29.403275148186303,Safe
B,B_W299,499,500,42.13217764892624,41.968676740302456,4.116101475629379,Safe
B,B_W3,6,7,684.5712401568628,683.45638315279,28.066293931975057,Safe
B,B_W30,51,52,1168.576175541973,1171.6676474792887,77.8271650607873,Dangerous
B,B_W300,501,502,43.89994509456345,42.530824162259606,34.46733560813519,Moderate
B,B_W301,502,504,40.08133401360544,41.99622859349969,48.2070740298685,Moderate
B,B_W302,504,505,41.985768302853245,41.5975832980739,9.772477012137259,Safe
B,B_W303,506,507,41.85324354064131,42.009344033672114,3.9297975474193607,Safe
B,B_W304,507,509,44.781588718954254,44.70358226640136,1.9637962697833435,Safe
B,B_W305,509,510,46.100383013550136,44.85709332961754,31.29956001923641,Safe
B,B_W306,511,512,43.468962165003326,43.391402921003916,1.9525378871701022,Safe
B,B_W307,512,514,43.88129477480689,43.14470573276439,18.543476414922853,Safe
B,B_W308,514,515,44.178499879300624,43.110333672740126,26.8908627850989,Safe
B,B_W309,516,517,43.32564945510836,42.43341653922072,22.461778669014937,Safe
B,B_W31,52,54,1056.6915854901963,1045.5019530200773,100.0,Dangerous
B,B_W310,517,519,40.53354677655678,40.56802346202124,0.867943408446667,Safe
B,B_W311,519,520,42.99177742528735,41.96581160176401,25.828476891629354,Safe
B,B_W312,521,522,41.00220783976933,41.27290882791826,6.814841251665378,Safe
B,B_W313,522,524,44.19728463157895,44.32679044162254,3.2602819171456425,Safe
B,B_W314,524,525,40.66742661111111,39.93885498452534,18.341639643066713,Safe
B,B_W315,526,527,39.75310994444445,39.67900795682241,1.8655021746696845,Safe
B,B_W316,527,529,41.69103939495798,40.79314378945973,22.604335705905314,Safe
B,B_W317,529,530,41.63768501095461,41.57557116996641,1.5637030686896516,Safe
B,B_W318,531,532,40.76451288413547,40.16339601662655,15.132992508760246,Safe
B,B_W319,532,534,40.46429666666667,40.34528437394703,2.9961097941573596,Safe
B,B_W32,54,55,940.522639988304,931.4351779931068,100.0,Dangerous
B,B_W320,534,535,40.18856237569945,40.61946076727611,10.84777766890677,Safe
B,B_W321,536,537,41.41609573417433,41.70847074438018,7.360480263229673,Safe
B,B_W322,537,539,42.39798484848485,42.02718219950884,9.334879808707315,Safe
B,B_W323,539,540,45.28190519248827,44.954650805587356,8.238561339916021,Safe
B,B_W324,541,542,44.26950658665517,44.7978289572961,13.300406142738922,Safe
B,B_W325,542,544,42.1056882051282,43.08215406369852,24.582325536864786,Safe
B,B_W326,544,545,47.38992594655415,47.05300357905625,8.481950746963186,Safe
B,B_W327,546,547,64.4789204592307,65.0430771731955,14.2025283063106,Safe
B,B_W328,547,549,44.6852665056868,45.31102801777634,15.753416326453276,Safe
B,B_W329,549,550,39.20423866666667,39.761804569596734,14.036606004997191,Safe
B,B_W33,56,57,468.9390057625437,468.7354036136095,5.125641886172355,Safe
B,B_W330,551,552,40.0134833292162,40.3063648798542,7.373232313586958,Safe
B,B_W331,552,554,37.93776415686274,37.84734480084473,2.2762885409253153,Safe
B,B_W332,554,555,36.33901965761757,37.006799852946216,16.811227965179143,Safe
B,B_W333,556,557,42.770646379084965,43.104552757950906,8.406023858464668,Safe
B,B_W334,557,559,43.3605731299435,43.352177722016854,0.21135265391647173,Safe
B,B_W335,559,560,40.79576992907801,41.78384362956432,24.87455055042263,Safe
B,B_W336,561,562,42.48650555555556,42.84629188140263,9.057546157972773,Safe
B,B_W337,562,564,41.84357484246261,43.051876994094975,30.41875614761406,Safe
B,B_W338,564,565,40.88515192907801,41.948182666415526,26.761578412157483,Safe
B,B_W339,566,567,41.754019577152604,41.888739880192375,3.3915556971931182,Safe
B,B_W34,57,59,540.1957399047619,545.5759737486151,100.0,Dangerous
B,B_W340,567,569,38.863725162393166,39.93340948013038,26.92908091921964,Safe
B,B_W341,569,570,37.2856391017871,39.2215454695987,48.73604143427151,Moderate
B,B_W342,571,572,37.382665300324206,38.49189782533134,27.924698837630107,Safe
B,B_W343,572,574,38.31477443410853,40.98894142287131,67.32159950164848,Dangerous
B,B_W344,574,575,59.08605902608171,63.94957629022803,100.0,Dangerous
B,B_W345,576,577,61.06753427234754,62.10619201242523,26.147993259444434,Safe
B,B_W346,577,579,64.43324759850609,65.66264139610296,30.949733961796788,Safe
B,B_W347,579,580,53.208455510442775,54.85454996820216,41.440086685996725,Moderate
B,B_W348,581,582,42.82231461322082,43.01760625975393,4.916426711258794,Safe
B,B_W349,582,584,40.06888917235346,40.260515608102246,4.824155789678939,Safe
B,B_W35,59,60,150.15725048856606,151.86219302104013,42.92157476584839,Moderate
B,B_W350,584,585,44.13895743133195,45.734040304173675,40.15588061202978,Moderate
B,B_W351,586,587,39.12412634920635,38.41024807186225,17.971737622309565,Safe
B,B_W352,587,589,45.72671260896255,44.76622930587404,24.179968016305907,Safe
B,B_W353,589,590,41.85198538971808,43.111314673142346,31.703353610916572,Safe
B,B_W354,591,592,42.56180894017094,42.82777996337743,6.695765364912792,Safe
B,B_W355,592,594,42.85867541702742,43.12371145989968,6.672227428849944,Safe
B,B_W356,594,595,42.87143301355014,43.44193430594608,14.362251752880075,Safe
B,B_W357,596,597,36.23001419047619,36.95992804254917,18.375429891420996,Safe
B,B_W358,597,599,37.466452901960785,38.14991341977098,17.20597683261918,Safe
B,B_W359,599,600,40.08269491039427,41.1286598788097,26.331951217824525,Safe
B,B_W36,61,62,212.70799723809523,213.52149203517547,20.479562852972165,Safe
B,B_W360,601,602,35.795963612327654,36.32353401403395,13.281475480716862,Safe
B,B_W361,602,604,36.387378,37.152649225115034,19.26554442703898,Safe
B,B_W362,604,605,37.29454820512821,37.36964456901218,1.8905353908978744,Safe
B,B_W363,606,607,35.19641012513484,35.02844673927531,4.2284434148248975,Safe
B,B_W364,607,609,37.478255612347255,37.4838232967719,0.14016530103122532,Safe
B,B_W365,609,610,39.27626244134727,39.27032361285554,0.14950877596994577,Safe
B,B_W366,611,612,39.25319296855346,40.65134880260384,35.19828323973924,Moderate
B,B_W367,612,614,33.66220391570881,35.002546695745814,33.74285159145009,Moderate
B,B_W368,614,615,45.12174071794872,45.357401138918505,5.9327022379623005,Safe
B,B_W369,616,617,43.8940198762196,44.2287503648519,8.426770650968326,Safe
B,B_W37,62,64,352.9643196153309,355.7059449509492,69.01984939745981,Dangerous
B,B_W370,617,619,41.08389251587302,42.202039577839535,28.149120457313526,Safe
B,B_W371,619,620,41.16825211206988,41.62430886240686,11.481134134564435,Safe
B,B_W372,621,622,40.81130436477606,40.96302064848302,3.8194259866783686,Safe
B,B_W373,622,624,38.72418834920635,39.13436659968538,10.32615241272263,Safe
B,B_W374,624,625,41.280417126680824,41.0670827437886,5.37064885826225,Safe
B,B_W375,626,627,45.96803959450172,43.968394278467095,50.34065624066086,Moderate
B,B_W376,627,629,42.696153555555554,42.009344033672114,17.29028731580728,Safe
B,B_W377,629,630,42.92269570903277,43.15684656290499,5.89469919926255,Safe
B,B_W378,631,632,42.36010410884354,42.07786173635456,7.105393209527534,Safe
B,B_W379,632,634,43.977001645357156,42.54432951657529,36.06722380327123,Moderate
B,B_W38,64,65,398.65158689872175,406.61439035348684,100.0,Dangerous
B,B_W380,634,635,43.31759283645444,42.84629188140263,11.86490382764835,Safe
B,B_W381,636,637,38.93803338461539,38.581234961408946,8.982326328482907,Safe
B,B_W382,637,639,43.28781309456345,42.30161036731594,24.82744918704846,Safe
B,B_W383,639,640,41.293306206443134,41.34133376569689,1.209083846562181,Safe
B,B_W384,641,642,44.14308338461538,45.24610754215933,27.768404473937746,Safe
B,B_W385,642,644,46.03603191713748,47.02366991663587,24.863581868386476,Safe
B,B_W386,644,645,44.04544754064131,43.238827043173266,20.306503785497668,Safe
B,B_W387,646,647,42.97569235506094,41.496619853663915,37.235343563574716,Moderate
B,B_W388,647,649,52.44583859574468,53.40155326356096,24.059918612018368,Safe
B,B_W389,649,650,45.526484083694086,45.120733697359135,10.214681850933529,Safe
B,B_W39,66,67,859.3446207918017,859.5817290791148,5.9691519729648785,Safe
B,B_W390,651,652,44.225890961555635,43.07736025821033,28.914022329522716,Safe
B,B_W391,652,654,43.52633745697577,41.13753313324384,60.1376535743157,Moderate
B,B_W392,654,655,41.85616109639441,41.37370717768563,12.145677375346004,Safe
B,B_W393,656,657,42.773027490196085,43.27348809232691,12.59899189713384,Safe
B,B_W394,657,659,37.142249470150304,38.42718698942229,32.34803563897555,Safe
B,B_W395,659,660,41.297742108843536,41.26607232905574,0.7972801399982656,Safe
B,B_W396,661,662,38.50641434920635,38.54985507507048,1.0936112669758542,Safe
B,B_W397,662,664,43.09425945697578,40.90960787587723,54.9981506059218,Moderate
B,B_W398,664,665,41.564588954248364,41.374984236846245,4.773259449468519,Safe
B,B_W399,666,667,43.94681942528736,43.167515977048694,19.618802734847097,Safe
B,B_W4,7,9,1048.7028205714284,1043.3477977311372,100.0,Dangerous
B,B_W40,67,69,799.3970166894062,803.1957961688483,95.63348578631759,Dangerous
B,B_W400,667,669,42.11653242972774,41.374951544843434,18.669145023496565,Safe
B,B_W401,669,670,42.36902755555556,41.818986120954314,13.847179074882456,Safe
B,B_W402,671,672,41.02130876797385,41.412292778175015,9.842941393308136,Safe
B,B_W403,672,674,42.5704799883041,41.675114882074446,22.5406309114718,Safe
B,B_W404,674,675,42.53590902865761,41.01467139039978,38.29684214186225,Moderate
B,B_W405,676,677,39.92401142028985,40.3163055424785,9.875923190964928,Safe
B,B_W406,677,679,41.709637065687474,40.58858332391288,28.222295518834073,Safe
B,B_W407,679,680,39.43546317235346,39.65755993789405,5.5912400247124525,Safe
B,B_W408,681,682,39.501256227731865,39.7490135969941,6.2372404031398325,Safe
B,B_W409,682,684,40.64503317235346,40.39413155833959,6.316396112859699,Safe
B,B_W41,69,70,583.209671956044,594.4944916996271,100.0,Dangerous
B,B_W410,684,685,38.87607826517274,39.03288169767606,3.9474939028981373,Safe
B,B_W411,686,687,42.35159373392368,42.736584557692886,9.692064167463066,Safe
B,B_W412,687,689,43.486517389718074,43.82897664073722,8.621340641637255,Safe
B,B_W413,689,690,42.90449075362319,42.786383618453506,2.9733226405054842,Safe
B,B_W414,691,692,40.92292705126128,39.97253713423807,23.925869114794317,Safe
B,B_W415,692,694,40.69966142028986,40.5772206827132,3.0824201826064734,Safe
B,B_W416,694,695,36.63215141636142,37.7143597823367,27.24437123697679,Safe
B,B_W417,696,697,39.66626591713748,38.83260078078756,20.987346962129163,Safe
B,B_W418,697,699,40.88072073504274,39.90275075276457,24.62019153935716,Safe
B,B_W419,699,700,39.790080571428575,39.140061422378984,16.364097307537598,Safe
B,B_W42,71,72,615.793744916147,614.6468386636776,28.87312711552294,Safe
B,B_W420,701,702,41.21325094527363,40.37931904561751,20.99406267305418,Safe
B,B_W421,702,704,38.64292514285714,38.442754738160545,5.039248436501556,Safe
B,B_W422,704,705,42.35995088888889,42.17832818251023,4.572313976879469,Safe
B,B_W423,706,707,39.871520888888895,40.616201945764445,18.74719121061116,Safe
B,B_W424,707,709,41.058678825396825,42.02718219950884,24.38187164150519,Safe
B,B_W425,709,710,40.456217964912284,39.63150306801036,20.76202653969708,Safe
B,B_W426,711,712,36.555409249724974,37.42525176713269,21.898105029529567,Safe
B,B_W427,712,714,38.23564108618899,38.177380455782995,1.4666992911765366,Safe
B,B_W428,714,715,38.51526708618899,38.77822202246589,6.619836001791741,Safe
B,B_W429,716,717,40.024013458468175,41.17429598708463,28.95812416751443,Safe
B,B_W43,72,74,433.9382168599034,436.10360703708886,54.5132487559163,Moderate
B,B_W430,717,719,39.77749953153153,39.34578579361987,10.868303843843057,Safe
B,B_W431,719,720,40.43347403174604,39.61903922866841,20.503227309063004,Safe
B,B_W432,721,722,39.40901803174603,39.00864478574987,10.079313457757777,Safe
B,B_W433,722,724,39.6681698699187,39.93984131041299,6.839272188254056,Safe
B,B_W434,724,725,41.72077538461538,42.31783368843709,15.030819009404972,Safe
B,B_W435,726,727,38.82968277433346,39.57131428564028,18.67041953318669,Safe
B,B_W436,727,729,38.971322870870864,38.96355076749861,0.19566109099057055,Safe
B,B_W437,729,730,38.9329907833082,39.21828165303417,7.18213849541781,Safe
B,B_W438,731,732,37.26984085213033,38.36339406772116,27.52997547389755,Safe
B,B_W439,732,734,38.22498803174603,38.742413522651496,13.026079454670795,Safe
B,B_W44,74,75,673.9277909318394,672.722777316525,30.335967927626335,Safe
B,B_W440,734,735,38.14881415686274,38.48009763223444,8.339992806809022,Safe
B,B_W441,736,737,37.52099,38.02165358300606,12.604101898583494,Safe
B,B_W442,737,739,39.90391573392368,40.21305839605838,7.78260242406713,Safe
B,B_W443,739,740,39.971489394957985,40.163604911388006,4.83646829442692,Safe
B,B_W444,741,742,37.42406679180151,37.471674325903535,1.1985098004521406,Safe
B,B_W445,742,744,39.78441349019607,39.05402931824781,18.38727009676889,Safe
B,B_W446,744,745,35.88248647080438,36.9076196335092,25.80751482816026,Safe
B,B_W447,746,747,39.443886571428564,40.0701241810679,15.765401983559046,Safe
B,B_W448,747,749,39.97130022773187,40.613007740168456,16.15485357907373,Safe
B,B_W449,749,750,39.739444851569125,39.67172474167705,1.7048397259854562,Safe
B,B_W45,76,77,172.64432155857216,176.75976802917634,100.0,Dangerous
B,B_W450,751,752,58.86467208547008,61.572088816904085,68.15865487966009,Dangerous
B,B_W451,752,754,59.3399175653884,61.12553178830155,44.95246784682761,Moderate
B,B_W452,754,755,56.800179717171716,57.71769760533214,23.098322603597843,Safe
B,B_W453,756,757,84.80081019819818,86.96736895427159,54.54266748713606,Moderate
B,B_W454,757,759,56.02836650568679,55.5149460250713,12.925254150987445,Safe
B,B_W455,759,760,38.450668583804145,38.00386136226927,11.248279164694885,Safe
B,B_W456,761,762,43.93469567201426,44.05067094980051,2.9196535728798865,Safe
B,B_W457,762,764,40.41236725763794,40.90726275691635,12.458891586648503,Safe
B,B_W458,764,765,39.91302273504274,39.86193248570897,1.2861864343328093,Safe
B,B_W459,766,767,41.96547682352941,41.30475057138264,16.633646408083628,Safe
B,B_W46,77,79,143.32146024332712,141.55090974407705,44.573241726801996,Moderate
B,B_W460,767,769,38.664928873974645,38.97839199580564,7.891369101151706,Safe
B,B_W461,769,770,39.17623241545894,38.5378756206154,16.070499958379735,Safe
B,B_W462,771,772,39.10361991570882,39.66112490068156,14.035072408051716,Safe
B,B_W463,772,774,40.89862570903277,41.432098739766076,13.430072942667701,Safe
B,B_W464,774,775,41.70204754961871,42.573484797607165,21.93825204126084,Safe
B,B_W465,776,777,39.30586953153153,38.83667433330542,11.811891836152197,Safe
B,B_W466,777,779,41.10798142028986,41.22926440041347,3.0532738787661216,Safe
B,B_W467,779,780,41.57898349019608,41.008066519066944,14.372716378804821,Safe
B,B_W468,781,782,40.24807117796287,39.420080561408454,20.844492102786994,Safe
B,B_W469,782,784,38.65070878330819,38.86616773370039,5.42413440458327,Safe
B,B_W47,79,80,458.7447991299435,458.55229500781155,4.84625136240221,Safe
B,B_W470,784,785,37.615671980651584,35.950503052620874,41.92028252032886,Moderate
B,B_W471,786,787,38.60130887087087,38.3770623523529,5.645359610205206,Safe
B,B_W472,787,789,38.191322583804144,38.804754827422485,15.443029548943041,Safe
B,B_W473,789,790,37.84799479916043,38.04185664189324,4.8804316970302,Safe
B,B_W474,791,792,37.4373594701503,37.08712289273113,8.81713322126904,Safe
B,B_W475,792,794,35.66528361403509,36.002063391465306,8.478361071572774,Safe
B,B_W476,794,795,40.714554666666665,40.414478875882175,7.554345817678461,Safe
B,B_W477,796,797,41.950514222222225,40.63931559327506,33.00915363027925,Moderate
B,B_W478,797,799,41.235747442176866,42.02718219950884,19.92420592606238,Safe
B,B_W479,799,800,45.09545706008855,43.882590796716336,30.53365671437816,Safe
B,B_W48,81,82,606.8863962657063,598.3734587833794,100.0,Dangerous
B,B_W480,801,802,40.1698553292162,40.29190232220937,3.072507744352956,Safe
B,B_W481,802,804,40.89306361232766,41.32679739313703,10.919158004973193,Safe
B,B_W482,804,805,40.802638825396826,40.98421794177547,4.571216607666609,Safe
B,B_W483,806,807,45.25712985915493,44.85335463172902,10.164957634912131,Safe
B,B_W484,807,809,45.864113714285715,46.22911287058803,9.188778083896995,Safe
B,B_W485,809,810,45.04486562396859,43.993309658421225,26.472703411428167,Safe
B,B_W486,811,812,42.24182512668082,41.6491203807751,14.921219091501877,Safe
B,B_W487,812,814,43.56095158543418,43.58410772662447,0.5829510534557906,Safe
B,B_W488,814,815,42.788218138026224,43.12657645100794,8.518100376800868,Safe
B,B_W489,816,817,41.267390752607426,42.02076004926396,18.965915845747176,Safe
B,B_W49,82,84,157.43642755555553,156.28700273701563,28.936531494167816,Safe
B,B_W490,817,819,39.67695107711536,39.27032361285554,10.23676210584577,Safe
B,B_W491,819,820,38.017513956043956,38.59194471969634,14.461175377055934,Safe
B,B_W492,821,822,36.96667775285566,37.3975384147771,10.846827832659203,Safe
B,B_W493,822,824,39.84792622773186,40.3083165198699,11.590230150923949,Safe
B,B_W494,824,825,39.227820783308196,39.33337686659795,2.657352511663195,Safe
B,B_W495,826,827,47.641527964912285,47.77926518211726,3.467505885799133,Safe
B,B_W496,827,829,74.85436893770071,73.40497113990361,36.48828905296301,Moderate
B,B_W497,829,830,169.30474232362954,173.5404985398276,100.0,Dangerous
B,B_W498,831,832,262.3690642320551,266.6589456998739,100.0,Dangerous
B,B_W499,832,834,196.01470542299768,195.34354653004664,16.896285977310722,Safe
B,B_W5,9,10,986.015905946554,990.4667225309523,100.0,Dangerous
B,B_W50,84,85,232.05219170903277,232.8163546616037,19.237643895521437,Safe
B,B_W500,834,835,104.10955280164282,103.85411653081611,6.430555157943283,Safe
B,B_W501,836,837,45.10138657142858,44.77424208663358,8.235794577185915,Safe
B,B_W502,837,839,52.865689142857136,51.95962819639442,22.80989647174893,Safe
B,B_W503,839,840,55.9339038699187,57.000025165921265,26.83938258577835,Safe
B,B_W504,841,842,43.70160437908497,42.82863898208496,21.97672287579252,Safe
B,B_W505,842,844,36.75145311111112,38.73861549042415,50.02640089680739,Moderate
B,B_W506,844,845,40.85071194444444,40.40816699527171,11.140977341683373,Safe
B,B_W507,846,847,36.36744468940641,37.13993162489674,19.447198439689103,Safe
B,B_W508,847,849,37.73133829500965,37.449657104413184,7.091265571734634,Safe
B,B_W509,849,850,40.369242851569126,41.13312820227533,19.230655326132766,Safe
B,B_W51,86,87,133.70810078330817,134.66228903850723,24.02149149085397,Safe
B,B_W510,851,852,38.635821306471314,38.566476361454214,1.7457446133776886,Safe
B,B_W511,852,854,38.36725159850607,39.36619408866624,25.148170077013827,Safe
B,B_W512,854,855,41.59814436106695,41.93783840225319,8.551727057410515,Safe
B,B_W513,856,857,41.085220290598286,41.15414427442113,1.7351470025909674,Safe
B,B_W514,857,859,39.737103917137475,39.08481883266704,16.421141761956378,Safe
B,B_W515,859,860,42.282025793347486,42.473648171489664,4.824053640273809,Safe
B,B_W516,861,862,41.4248027364319,41.12485585858644,7.551100461166087,Safe
B,B_W517,862,864,45.94906393162393,44.71632444125265,31.033961083723298,Safe
B,B_W518,864,865,46.651357133430366,46.23010319722216,10.604980504610442,Safe
B,B_W519,866,867,44.86930619594965,46.068600018484396,30.19197333029663,Safe
B,B_W52,87,89,220.38938533116954,221.44953468799955,26.68904025528354,Safe
B,B_W520,867,869,40.44880206535948,39.85505681995987,14.94741345053168,Safe
B,B_W521,869,870,41.917513540641316,41.32679739313703,14.871156539045952,Safe
B,B_W522,871,872,41.33279373149885,41.4314974139231,2.4848447405960776,Safe
B,B_W523,872,874,39.88473760568087,40.37216853809852,12.270972663572586,Safe
B,B_W524,874,875,39.86064650568679,39.50312217012209,9.000601021597117,Safe
B,B_W525,876,877,40.590288666666666,39.76261126424112,20.836607002031933,Safe
B,B_W526,877,879,40.79983220814479,40.182145566357384,15.550133140776321,Safe
B,B_W527,879,880,39.94469751044278,39.719509619564846,5.669058464190759,Safe
B,B_W528,881,882,39.118643100775195,39.29206328800806,4.365817258028919,Safe
B,B_W529,882,884,40.19052691571652,40.4601386887157,6.787420486099852,Safe
B,B_W53,89,90,502.4515164632768,507.4109109533059,100.0,Dangerous
B,B_W530,884,885,40.82886361232765,39.992178425010586,21.063376119073748,Safe
B,B_W531,886,887,39.543559051261276,38.239208287098734,32.83676005410799,Safe
B,B_W532,887,889,40.391948060606055,40.73870115342527,8.729437218703112,Safe
B,B_W533,889,890,46.05032053658537,46.386277787366396,8.45765413371559,Safe
B,B_W534,891,892,46.475258295260296,46.284607296045664,4.799599377170819,Safe
B,B_W535,892,894,46.23614532905984,47.711590245573866,37.14401986625974,Moderate
B,B_W536,894,895,42.43932263203463,42.59325049619755,3.875102066125792,Safe
B,B_W537,896,897,42.79808224451877,44.070931970027445,32.04372793717105,Safe
B,B_W538,897,899,44.4695214229977,44.26193621206126,5.225914646263012,Safe
B,B_W539,899,900,40.0047621029601,40.49886003735966,12.438813056184154,Safe
B,B_W54,91,92,966.338953312931,974.5396903981622,100.0,Dangerous
B,B_W540,901,902,41.50954399023199,42.28325958188408,19.47812960382175,Safe
B,B_W541,902,904,46.301450735042735,46.145368283162725,3.9293433651885925,Safe
B,B_W542,904,905,41.05581844134727,42.10858987557509,26.503302583453074,Safe
B,B_W543,906,907,42.99375405128205,43.439435824697256,11.219946241623555,Safe
B,B_W544,907,909,43.34499479916043,42.244365713418645,27.70810903789339,Safe
B,B_W545,909,910,41.249134051282056,41.48117996294516,5.84170771557018,Safe
B,B_W546,911,912,41.50130468940641,42.55895145793071,26.626038113554003,Safe
B,B_W547,912,914,42.2261018762196,42.893777067519444,16.808584510524714,Safe
B,B_W548,914,915,38.03776466666667,39.21755666664114,29.70101899069394,Safe
B,B_W549,916,917,43.691670947368415,43.301577257288756,9.820527768841089,Safe
B,B_W55,92,94,1294.2686546666669,1306.4930483256273,100.0,Dangerous
B,B_W550,917,919,41.81142447080438,43.11098979189062,32.716287516837525,Safe
B,B_W551,919,920,41.33731930479103,41.194768999144046,3.5886743894194475,Safe
B,B_W552,921,922,41.380457365079366,40.88974300262809,12.353632333908932,Safe
B,B_W553,922,924,43.32311302031666,45.07033699258003,43.98600124624769,Moderate
B,B_W554,924,925,40.538709470150295,41.202067340926895,16.699896861470894,Safe
B,B_W555,926,927,43.8971735653884,44.51142305634194,15.463603581165133,Safe
B,B_W556,927,929,38.80811361403509,39.39002484055019,14.649494478685131,Safe
B,B_W557,929,930,39.56072866666666,40.02318283610183,11.642187833971398,Safe
B,B_W558,931,932,43.13638246001415,42.59969691563889,13.510947307546967,Safe
B,B_W559,932,934,31.74495058305831,33.23314528871334,37.46499316444485,Moderate
B,B_W56,94,95,1096.5076719560443,1102.178880536381,100.0,Dangerous
B,B_W560,934,935,35.70579724904215,35.872489767370034,4.196449588207281,Safe
B,B_W561,936,937,36.47520296903461,37.1548354022019,17.10960559541841,Safe
B,B_W562,937,939,37.778729531531525,38.733363243733635,24.032705778548333,Safe
B,B_W563,939,940,33.61401885990338,34.74087490322111,28.368367257179568,Safe
B,B_W564,941,942,37.73300350326797,38.44057351546604,17.81292835516359,Safe
B,B_W565,942,944,36.3653198762196,36.59781019000043,5.852895446745044,Safe
B,B_W566,944,945,37.4944,37.41605727962132,1.9722617425784479,Safe
B,B_W567,946,947,41.19009170903277,39.911619184515736,32.18528073642014,Safe
B,B_W568,947,949,39.07375533333334,39.20144166771544,3.2144769946033374,Safe
B,B_W569,949,950,38.49681107711536,38.389463009011685,2.7024653578177937,Safe
B,B_W57,96,97,1035.496157238095,1037.8471952555758,59.186894644606625,Moderate
B,B_W570,951,952,38.38486914285714,37.59707750384669,19.83249117765303,Safe
B,B_W571,952,954,36.64162024451877,37.003289130802436,9.104939226649078,Safe
B,B_W572,954,955,38.041291956043956,37.835279128213934,5.186330227564243,Safe
B,B_W573,956,957,37.30696428571429,38.01743885224546,17.886049908292417,Safe
B,B_W574,957,959,35.76131071794872,36.54611798124873,19.757360137899354,Safe
B,B_W575,959,960,37.49615743133195,37.36542974028008,3.291042518194135,Safe
B,B_W576,961,962,39.22153244444445,39.30097956676977,2.000064832607246,Safe
B,B_W577,962,964,38.26409914285715,38.185070617020784,1.9895267527862404,Safe
B,B_W578,964,965,36.82711828860029,37.34985516525679,13.159792489732752,Safe
B,B_W579,966,967,36.465395665317146,37.969674390086375,37.86990501091258,Moderate
B,B_W58,97,99,339.08056597145764,338.1610177480066,23.14943587358567,Safe
B,B_W580,967,969,39.33653479916044,37.992981535911625,33.82367484067141,Moderate
B,B_W581,969,970,37.32406848713738,38.12636914861475,20.197752810072682,Safe
B,B_W582,971,972,37.72113152657005,37.98523992351728,6.648874135017982,Safe
B,B_W583,972,974,36.743564285714285,37.80636404756469,26.755763652158194,Safe
B,B_W584,974,975,39.42137050050658,40.96302064848302,38.81072284186114,Moderate
B,B_W585,976,977,41.23591220664869,41.76540644860992,13.329907760261081,Safe
B,B_W586,977,979,41.46484880469289,41.249539252083046,5.420373346387516,Safe
B,B_W587,979,980,39.87266869344812,40.17785154813218,7.682915092492302,Safe
B,B_W588,981,982,38.14226428070175,38.78351966011233,16.14347122388561,Safe
B,B_W589,982,984,37.1597726031746,37.52969172956964,9.312637310913908,Safe
B,B_W59,99,100,146.33268858237548,146.3920168421598,1.4935766394217829,Safe
B,B_W590,984,985,40.715352910394266,40.21442481978343,12.610760822692821,Safe
B,B_W591,986,987,42.50067061111112,41.09250443306974,35.45029157424776,Moderate
B,B_W592,987,989,42.393649329059826,43.31841859586906,23.28087455763863,Safe
B,B_W593,989,990,45.94021299238965,44.22598254431934,43.15539611530138,Moderate
B,B_W594,991,992,40.87970410884354,40.6017305386857,6.997926995900694,Safe
B,B_W595,992,994,41.02333992907802,39.86193248570897,29.238191589859852,Safe
B,B_W596,994,995,38.401028236184516,38.4594135650802,1.4698385498003717,Safe
B,B_W597,996,997,42.31365484493284,41.437582371784565,22.054942873628786,Safe
B,B_W598,997,999,41.28503022222222,40.49805422041429,19.811957680187273,Safe
B,B_W599,999,1000,40.728272278994325,41.30761525870804,14.584839397940167,Safe
B,B_W6,11,12,725.8982548552758,716.9968415772178,100.0,Dangerous
B,B_W60,101,102,47.00832936323008,49.80634005749442,70.43933911088403,Dangerous
B,B_W600,1001,1002,44.284251999999995,44.36441095629398,2.0179851051824245,Safe
B,B_W601,1002,1004,40.705939762543615,41.374984236846245,16.84305592622368,Safe
B,B_W602,1004,1005,37.73015873202614,38.73861549042415,25.38768980728905,Safe
B,B_W603,1006,1007,39.18292618375622,38.76632295150844,10.4878999966465,Safe
B,B_W604,1007,1009,37.7818750423661,38.41017008167103,15.817197348819418,Safe
B,B_W605,1009,1010,35.135692851569125,35.32506014927551,4.767282457853066,Safe
B,B_W606,1011,1012,37.384837767441866,37.27841675228689,2.6791269920421144,Safe
B,B_W607,1012,1014,40.463260325722985,40.63700986362007,4.37410859271581,Safe
B,B_W608,1014,1015,44.495576823529404,43.95893009009583,13.5099702501367,Safe
B,B_W609,1016,1017,46.62937859574468,47.26591607206643,16.024698991796672,Safe
B,B_W61,102,104,41.16511885213032,41.32449592957187,4.012284880618903,Safe
B,B_W610,1017,1019,40.41684739682539,39.404443485327896,25.487058568197256,Safe
B,B_W611,1019,1020,39.3755307755102,39.18748386579463,4.734041963942985,Safe
B,B_W612,1021,1022,40.98120882539682,41.29695549876965,7.948857037764076,Safe
B,B_W613,1022,1024,35.31364305050505,35.34278832083518,0.7337261378132126,Safe
B,B_W614,1024,1025,38.20732350326797,38.97135058483592,19.234223371191774,Safe
B,B_W615,1026,1027,38.079598799160436,37.92752317529008,3.8284723007893997,Safe
B,B_W616,1027,1029,36.771665839020116,37.131543432346895,9.05984379785182,Safe
B,B_W617,1029,1030,36.56551019323672,35.67464642907808,22.427310558106328,Safe
B,B_W618,1031,1032,35.08689485156913,34.955134827297165,3.317031292974123,Safe
B,B_W619,1032,1034,40.12067156381822,40.26884925348969,3.730342615498952,Safe
B,B_W62,104,105,71.61485959850607,72.175381221059,14.111015633687382,Safe
B,B_W620,1034,1035,37.63116427234753,37.18063354237826,11.342017717528305,Safe
B,B_W621,1036,1037,39.45719132505176,38.62838333408807,20.86506933407255,Safe
B,B_W622,1037,1039,37.34167872305141,37.44607415892321,2.628133453555571,Safe
B,B_W623,1039,1040,41.24630553753754,40.72585362519642,13.102268986839183,Safe
B,B_W624,1041,1042,41.17274702658252,41.12485585858644,1.2056502249284533,Safe
B,B_W625,1042,1044,38.986530295260295,38.93369667167819,1.3300755195773266,Safe
B,B_W626,1044,1045,38.71328344522145,39.049788433901035,8.471443321748165,Safe
B,B_W627,1046,1047,40.48669725763794,40.17061200030634,7.957380818726868,Safe
B,B_W628,1047,1049,41.07121621324749,40.24143864418857,20.889478261595375,Safe
B,B_W629,1049,1050,41.05878365905632,40.485161203962235,14.440826376688848,Safe
B,B_W63,106,107,110.48286005128207,113.81362924956535,83.85142399166196,Dangerous
B,B_W630,1051,1052,42.91654325325715,42.080367519442824,21.050550732768375,Safe
B,B_W631,1052,1054,43.45627798528329,41.88507097366709,39.55481075590796,Moderate
B,B_W632,1054,1055,38.64206375285566,38.08304371239447,14.07321361585403,Safe
B,B_W633,1056,1057,43.11277696155564,41.42905070360755,42.387459453470086,Moderate
B,B_W634,1057,1059,39.81153191713747,38.82597949404373,24.81107791480629,Safe
B,B_W635,1059,1060,37.80338341880342,37.65892929345436,3.636602655696496,Safe
B,B_W636,1061,1062,41.14858053256219,40.3063648798542,21.20260443864773,Safe
B,B_W637,1062,1064,39.73769317235346,39.678076954366865,1.5008259274613676,Safe
B,B_W638,1064,1065,40.173744735042746,39.86868780142131,7.679745055848166,Safe
B,B_W639,1066,1067,39.60213977777778,38.470486725528914,28.489130962447312,Safe
B,B_W64,107,109,50.38063691064491,49.57566670643966,20.264957994765357,Safe
B,B_W640,1067,1069,33.43152391570881,33.4363033363363,0.12032092337018185,Safe
B,B_W641,1069,1070,37.33911248856605,37.374028306161016,0.8789984687860846,Safe
B,B_W642,1071,1072,38.82746391713748,38.6871726779217,3.53180286039061,Safe
B,B_W643,1072,1074,37.86073723809524,37.90882973447984,1.2107186253676345,Safe
B,B_W644,1074,1075,39.03716163570128,39.54633767022122,12.818401100541625,Safe
B,B_W645,1076,1077,39.342780740666896,40.206085488920294,21.733518046558466,Safe
B,B_W646,1077,1079,35.59716223205506,35.63748934770123,1.0152267752896724,Safe
B,B_W647,1079,1080,37.05931631645478,38.25301094489639,30.051014779893986,Safe
B,B_W648,1081,1082,38.059654349206355,38.56676323777942,12.766361129914614,Safe
B,B_W649,1082,1084,38.987937836257316,38.43831000025192,13.836766815984205,Safe
B,B_W65,109,110,55.8079122042042,55.60465480999435,5.1169627574660135,Safe
B,B_W650,1084,1085,35.8176471017871,37.40256226797272,39.899910705053536,Moderate
B,B_W651,1086,1087,37.0072379714577,37.97546430677542,24.374897247297834,Safe
B,B_W652,1087,1089,36.7721619047619,37.161555672928955,9.802907379807465,Safe
B,B_W653,1089,1090,34.99828702097902,35.73931809438159,18.65530363343729,Safe
B,B_W654,1091,1092,35.28643023205507,37.16379112702559,47.262171293848645,Moderate
B,B_W655,1092,1094,36.68076190476191,36.47449352788495,5.1927636218372895,Safe
B,B_W656,1094,1095,40.400655709032776,39.72721643207169,16.953694171966905,Safe
B,B_W657,1096,1097,38.31628548182284,38.04857741464557,6.739495086732275,Safe
B,B_W658,1097,1099,36.155012283337115,38.24685976923425,52.66182675048706,Moderate
B,B_W659,1099,1100,37.920823565388396,39.32983428527773,35.47155274016942,Moderate
B,B_W66,111,112,81.27556810896613,81.94400199385903,16.8276844644286,Safe
B,B_W660,1101,1102,38.96185310423117,38.5214294036928,11.08757534711613,Safe
B,B_W661,1102,1104,37.7184675653884,38.31898167685029,15.117818250246895,Safe
B,B_W662,1104,1105,38.02876473202615,37.29166872350076,18.556239191019174,Safe
B,B_W663,1106,1107,40.66700072727273,39.491314868125656,29.59764774669873,Safe
B,B_W664,1107,1109,37.70674229500965,38.76131636057627,26.548683453664108,Safe
B,B_W665,1109,1110,39.44779300553709,38.94055443031255,12.769625964477335,Safe
B,B_W666,1111,1112,39.58686844134727,39.201440325533284,9.70307290402574,Safe
B,B_W667,1112,1114,37.69122789030217,38.166428830722424,11.963085150707007,Safe
B,B_W668,1114,1115,39.74059028046134,38.73766489369251,25.24843867335487,Safe
B,B_W669,1116,1117,36.22615671794871,37.1976223979739,24.456447078688416,Safe
B,B_W67,112,114,186.75126813823857,189.45802271982254,68.14198539447028,Dangerous
B,B_W670,1117,1119,36.95276210296011,37.342444244094615,9.81016710947416,Safe
B,B_W671,1119,1120,36.39687491614691,36.94632927791915,13.832399638131044,Safe
B,B_W672,1121,1122,38.8758293064713,38.59005627705319,7.194276765700297,Safe
B,B_W673,1122,1124,40.64807410896611,41.21847580800233,14.359744510698173,Safe
B,B_W674,1124,1125,41.461106954248365,40.36998611666935,27.468740861759887,Safe
B,B_W675,1126,1127,36.29500219323671,36.277105598074186,0.45054307267928917,Safe
B,B_W676,1127,1129,39.5509798699187,38.88506143523849,16.76435852685731,Safe
B,B_W677,1129,1130,39.095384666666675,39.52434748174521,10.799049931873416,Safe
B,B_W678,1131,1132,35.56984423205506,37.107091214470636,38.69987406178374,Moderate
B,B_W679,1132,1134,38.02940516239316,39.81214150369869,44.880017774032694,Moderate
B,B_W68,114,115,105.04897696127584,102.14873480642278,73.01299493534957,Dangerous
B,B_W680,1134,1135,38.75443251587302,38.40373528307315,8.828730124969535,Safe
B,B_W681,1136,1137,38.709376444444445,39.03938394441746,8.30787039069771,Safe
B,B_W682,1137,1139,38.989097093648155,38.54718682278726,11.124999446772112,Safe
B,B_W683,1139,1140,37.603318799160434,38.40402325429682,20.15756864638309,Safe
B,B_W684,1141,1142,36.87669228860029,36.64154762619534,5.91971812302578,Safe
B,B_W685,1142,1144,37.79175152657005,37.98523992351728,4.8710302768053895,Safe
B,B_W686,1144,1145,35.10144486486487,35.75484408277358,16.449189840269497,Safe
B,B_W687,1146,1147,38.453983384615384,39.536724977521104,27.2577951143955,Safe
B,B_W688,1147,1149,37.097000487137386,37.59707750384669,12.589335213676698,Safe
B,B_W689,1149,1150,38.51109293183941,38.43831000025192,1.8322952124825362,Safe
B,B_W69,116,117,303.8840983770051,303.97941290185605,2.3995234013692714,Safe
B,B_W690,1151,1152,37.90035858380414,39.32983428527773,35.98675440850697,Moderate
B,B_W691,1152,1154,39.1176438699187,39.71895865648162,15.137975079909626,Safe
B,B_W692,1154,1155,39.96017806060606,39.74043553983469,5.531972400757617,Safe
B,B_W693,1156,1157,38.41140834920635,38.5899269729049,4.494169338983437,Safe
B,B_W694,1157,1159,36.906468102960105,38.35775711432641,36.53589996245854,Moderate
B,B_W695,1159,1160,36.4990198762196,37.922381061780264,35.832822738134176,Moderate
B,B_W696,1161,1162,36.63260828860029,37.374028306161016,18.6650952219784,Safe
B,B_W697,1162,1164,36.764523277777776,36.93595214987006,4.315686312228246,Safe
B,B_W698,1164,1165,38.96622317235346,38.804754827422485,4.064932106078487,Safe
B,B_W699,1166,1167,39.849844278994325,39.386761059959774,11.658024027213724,Safe
B,B_W7,12,14,824.9141044341083,825.140805778165,5.707159334180865,Safe
B,B_W70,117,119,208.94201212698408,206.13101801846392,70.76619387289695,Dangerous
B,B_W700,1167,1169,33.048503304791026,33.44642286449283,10.01754241402521,Safe
B,B_W701,1169,1170,36.519624244518766,38.26244150590876,43.87506321366274,Moderate
B,B_W702,1171,1172,37.8739846984127,37.92076439119366,1.1776690668322467,Safe
B,B_W703,1172,1174,36.8215582437276,37.479256581568464,16.557419293216114,Safe
B,B_W704,1174,1175,37.563759254534084,38.27870440598568,17.99859595676855,Safe
B,B_W705,1176,1177,36.71860965761756,37.38034036505331,16.658933361727904,Safe
B,B_W706,1177,1179,37.729251086188995,38.1017918104394,9.378635493381573,Safe
B,B_W707,1179,1180,38.262761598506074,37.98523992351728,6.986550628712379,Safe
B,B_W708,1181,1182,38.984083172353465,39.253679004007935,6.787019166051837,Safe
B,B_W709,1182,1184,38.373490536585365,39.29206328800806,23.124878567518522,Safe
B,B_W71,119,120,153.36258031645482,154.97864287951623,40.68403996354866,Moderate
B,B_W710,1184,1185,37.113295956043956,37.342444244094615,5.768760641896974,Safe
B,B_W711,1186,1187,38.55254021001221,39.31627267487546,19.22680645673443,Safe
B,B_W712,1187,1189,36.697763277777774,36.16829783085282,13.329182851192892,Safe
B,B_W713,1189,1190,38.10069689439853,38.10557024480745,0.12268558614299048,Safe
B,B_W714,1191,1192,39.46916968021681,39.44091175089858,0.7113875118127453,Safe
B,B_W715,1192,1194,34.9900323030303,35.70424357122807,17.98012059801107,Safe
B,B_W716,1194,1195,36.4172502437276,37.32444143548973,22.838350162825645,Safe
B,B_W717,1196,1197,35.098363864095504,35.966955557571,21.866615796371676,Safe
B,B_W718,1197,1199,39.23856577777778,41.096738630707506,46.77911631376722,Moderate
B,B_W719,1199,1200,37.81189844134727,38.40402325429682,14.906619399568942,Safe
B,B_W72,121,122,152.06048526241133,152.8893978129349,20.867701599313975,Safe
B,B_W720,1201,1202,37.76620815873016,38.25501989262581,12.305734054496863,Safe
B,B_W721,1202,1204,36.6448246031746,37.59707750384669,23.97276934189863,Safe
B,B_W722,1204,1205,40.28680475362319,40.640261334963796,8.898196152381404,Safe
B,B_W723,1206,1207,38.40819077551021,38.694500904159746,7.207798127493669,Safe
B,B_W724,1207,1209,35.57150361232765,35.253333282542656,8.00987208543885,Safe
B,B_W725,1209,1210,40.223190753623186,40.555768717039506,8.372581274943535,Safe
B,B_W726,1211,1212,39.79622285156913,39.84111093095274,1.1300480917460536,Safe
B,B_W727,1212,1214,37.369388487137385,37.51406460399553,3.6421912459116133,Safe
B,B_W728,1214,1215,39.29336650568679,39.8340971418817,13.61278165542954,Safe
B,B_W729,1216,1217,39.63625533333334,39.487524878068164,3.7442583747144154,Safe
B,B_W73,122,124,140.84442612698416,140.45968500938258,9.68577786646508,Safe
B,B_W730,1217,1219,41.45072291064491,40.14911949137411,32.76759621607107,Safe
B,B_W731,1219,1220,39.62294781434312,39.32310480667669,7.548485550944746,Safe
B,B_W732,1221,1222,39.15441330647131,39.073846853108826,2.0282437593947473,Safe
B,B_W733,1222,1224,38.720009915708815,38.655318687259566,1.628588263646502,Safe
B,B_W734,1224,1225,39.99512871794872,39.835482019830266,4.019072525258937,Safe
B,B_W735,1226,1227,38.86726887087087,39.48084768551085,15.446719444023909,Safe
B,B_W736,1227,1229,39.944470939014195,39.94963840535392,0.13008989372139357,Safe
B,B_W737,1229,1230,34.93152273504273,35.32506014927551,9.907222810401462,Safe
B,B_W738,1231,1232,38.04592944522145,38.31590525828638,6.796585119277879,Safe
B,B_W739,1232,1234,36.22642224451877,38.06063141103262,46.17583547668698,Moderate
B,B_W74,124,125,55.75939099694305,56.89531727879083,28.59670863162267,Safe
B,B_W740,1234,1235,39.95722556381822,40.294474582834,8.490174131200513,Safe
B,B_W741,1236,1237,38.50479644444445,38.67120538034373,4.189310459362793,Safe
B,B_W742,1237,1239,39.686941420289855,40.269723268421664,14.671412197378134,Safe
B,B_W743,1239,1240,40.5023309390142,40.52426180696009,0.5521050535665526,Safe
B,B_W744,1241,1242,39.268228571428565,39.53311856245822,6.66855060399357,Safe
B,B_W745,1242,1244,39.20989977777778,40.72585362519642,38.16382380298478,Moderate
B,B_W746,1244,1245,39.207381635701275,39.49348668611926,7.202635325533629,Safe
B,B_W747,1246,1247,40.62292761232766,42.009344033672114,34.90274595882387,Moderate
B,B_W748,1247,1249,42.30273236417072,41.5625497629383,18.633943522469266,Safe
B,B_W749,1249,1250,42.1385106168769,41.38825899895421,18.887428930017297,Safe
B,B_W75,126,127,53.20536815873016,53.67234598072692,11.756069849311327,Safe
B,B_W750,1251,1252,39.08618853658537,39.598303939596214,12.892399092874982,Safe
B,B_W751,1252,1254,38.49265289439853,40.593835437931816,52.89683489102075,Moderate
B,B_W752,1254,1255,39.399835777777774,39.72100068725038,8.085260008202143,Safe
B,B_W753,1256,1257,38.63303289439853,38.285752677978564,8.742707446062502,Safe
B,B_W754,1257,1259,41.72467835609646,40.72654838276399,25.127715134337404,Safe
B,B_W755,1259,1260,41.66328669218501,39.97706339958783,42.45032178304583,Moderate
B,B_W756,1261,1262,39.499335510442776,39.973630645460005,11.940281687488397,Safe
B,B_W757,1262,1264,40.99695606060606,40.10077163621354,22.561257076351122,Safe
B,B_W758,1264,1265,37.86706595604396,37.45435134594592,10.390004740262572,Safe
B,B_W759,1266,1267,37.581084698412695,37.79834267029454,5.469424397590333,Safe
B,B_W76,127,129,67.59829349206349,66.07224638744351,38.4179194603729,Moderate
B,B_W760,1267,1269,39.79627843410853,39.87829606772151,2.064776921324727,Safe
B,B_W761,1269,1270,37.06495,37.38967783048891,8.174955806079785,Safe
B,B_W762,1271,1272,36.891886603174605,37.498054996079,15.26016361324829,Safe
B,B_W763,1272,1274,41.57489748463357,41.374984236846245,5.032774564627526,Safe
B,B_W764,1274,1275,36.65639667505241,37.891071390468525,31.08267997299282,Safe
B,B_W765,1276,1277,36.67529947015031,37.374028306161016,17.59035357770575,Safe
B,B_W766,1277,1279,35.04814936507937,35.28130614620885,5.869673624067313,Safe
B,B_W767,1279,1280,38.72365596114665,38.52334904306894,5.042685132567528,Safe
B,B_W768,1281,1282,35.31047305050505,35.37416366681398,1.6033980604727944,Safe
B,B_W769,1282,1284,35.36025079365079,36.24640152176683,22.308660852897116,Safe
B,B_W77,129,130,129.09318695424838,127.33195469062106,44.338657076967735,Moderate
B,B_W770,1284,1285,35.59193539300113,36.56464587299667,24.48778465985511,Safe
B,B_W771,1286,1287,39.07451061111111,39.5378153565299,11.663600908007385,Safe
B,B_W772,1287,1289,36.45357024451877,37.35532269947756,22.701431091425825,Safe
B,B_W773,1289,1290,36.402995665317135,37.95060548591768,38.96075636454208,Moderate
B,B_W774,1291,1292,38.66957830236794,39.36619408866624,17.537157989298798,Safe
B,B_W775,1292,1294,38.88001348182284,40.14785333011914,31.917605317057358,Safe
B,B_W776,1294,1295,40.621063558572146,40.19884594109446,10.62924098076749,Safe
B,B_W777,1296,1297,39.92222460130719,40.3063648798542,9.670651867839453,Safe
B,B_W778,1297,1299,38.915535961146645,40.61726476512881,42.84066981737364,Moderate
B,B_W779,1299,1300,38.471397384615386,38.97589353288425,12.700585934461087,Safe
B,B_W78,131,132,172.07149373392375,175.10088433008968,76.26428016879355,Dangerous
B,B_W780,1301,1302,35.83509871794872,36.608560686680725,19.471744699392783,Safe
B,B_W781,1302,1304,38.194450540701126,38.823534681595355,15.837062817723965,Safe
B,B_W782,1304,1305,35.66718447080438,37.09885288610065,36.04195552437333,Moderate
B,B_W783,1306,1307,38.06768015686274,38.0734517394641,0.14529839535520703,Safe
B,B_W784,1307,1309,36.56904566531714,36.90024384010619,8.337845382326423,Safe
B,B_W785,1309,1310,37.79909152657005,37.79834267029454,0.018852301474183722,Safe
B,B_W786,1311,1312,40.12083300115631,41.12485585858644,25.27606726971228,Safe
B,B_W787,1312,1314,34.008936859903386,33.602100176407,10.242029156748487,Safe
B,B_W788,1314,1315,34.63669412513484,35.22684317187621,14.856879894917723,Safe
B,B_W789,1316,1317,36.55830228333711,36.6597179248607,2.553117748646084,Safe
B,B_W79,132,134,71.00880130479104,71.93659798539537,23.357089072250325,Safe
B,B_W790,1317,1319,37.90634323809524,37.34985516525679,14.009471855909423,Safe
B,B_W791,1319,1320,37.24134,37.77985256488737,13.556942170139472,Safe
B,B_W792,1321,1322,33.97033391639164,34.93845192281076,24.37217008973568,Safe
B,B_W793,1322,1324,36.68597565761756,36.99349154535953,7.741648716012685,Safe
B,B_W794,1324,1325,37.015598,37.98523992351728,24.4105343867249,Safe
B,B_W795,1326,1327,38.88977910423117,38.41937933732869,11.842216602834004,Safe
B,B_W796,1327,1329,39.02846538461539,38.43205960703954,15.014391796454902,Safe
B,B_W797,1329,1330,37.7565335653884,37.70672707231941,1.2538681365308568,Safe
B,B_W798,1331,1332,37.475181956043954,37.31649728815638,3.994853613656378,Safe
B,B_W799,1332,1334,37.71791552657005,38.105426253760776,9.755502213643027,Safe
B,B_W8,14,15,1332.451918302368,1344.6871249414596,100.0,Dangerous
B,B_W80,134,135,54.12976486034659,52.29207309410022,46.26350920289893,Moderate
B,B_W800,1334,1335,39.260532441347266,38.42708870500313,20.981773262886843,Safe
B,B_W801,1336,1337,35.66216466666667,35.653066845825236,0.22903575341345953,Safe
B,B_W802,1337,1339,37.7728646984127,37.89844718387153,3.1615130341552855,Safe
B,B_W803,1339,1340,38.356579304791026,38.1604378414841,4.937820672345363,Safe
B,B_W804,1341,1342,38.21444350326797,37.639297026943744,14.479193295179376,Safe
B,B_W805,1342,1344,36.183042207792205,35.810153630511714,9.387392621292898,Safe
B,B_W806,1344,1345,37.232601876219604,37.1095076619055,3.098871323984882,Safe
B,B_W807,1346,1347,37.46742575285566,37.9504042738988,12.158884130346623,Safe
B,B_W808,1347,1349,38.15596930479103,38.59908050919198,11.155232699651012,Safe
B,B_W809,1349,1350,39.387488355060945,38.98741669224532,10.071721163715786,Safe
B,B_W81,136,137,58.61337854070112,57.44896888236062,29.313771729310865,Safe
B,B_W810,1351,1352,37.817829619047615,38.14991341977098,8.360140831604216,Safe
B,B_W811,1352,1354,37.176810102960104,38.144158883170256,24.35280497941,Safe
B,B_W812,1354,1355,39.82497073504274,39.84821724647088,0.5852261054571841,Safe
B,B_W813,1356,1357,39.828424060606054,39.864815412833146,0.9161447472243256,Safe
B,B_W814,1357,1359,37.710120947368424,38.285752677978564,14.491409471218475,Safe
B,B_W815,1359,1360,39.03479372890334,39.548959503417684,12.944016770367933,Safe
B,B_W816,1361,1362,38.399852515873015,38.566476361454214,4.19472076604753,Safe
B,B_W817,1362,1364,39.42350360568087,40.563388922455836,28.69637651507982,Safe
B,B_W818,1364,1365,38.566371917137474,39.67776872159895,27.979184124168704,Safe
B,B_W819,1366,1367,36.627099301752864,38.5183049619554,47.61071038810144,Moderate
B,B_W82,137,139,41.02020738461539,39.87750098086513,28.76739679478121,Safe
B,B_W820,1367,1369,36.5352762437276,37.31837814518894,19.71442800718686,Safe
B,B_W821,1369,1370,35.79948925047081,35.76787543052878,0.7958713624833493,Safe
B,B_W822,1371,1372,36.617919111111114,37.091967182743666,11.934061918003307,Safe
B,B_W823,1372,1374,34.82435463812436,35.38863731149391,14.205699308209537,Safe
B,B_W824,1374,1375,34.662522419522325,35.60499223446615,23.7264821870365,Safe
B,B_W825,1376,1377,35.13868736507936,35.36902689744395,5.798749970517054,Safe
B,B_W826,1377,1379,35.42936361403508,35.65986193520768,5.802747445836654,Safe
B,B_W827,1379,1380,37.92548005128205,37.98523992351728,1.504442393386545,Safe
B,B_W828,1381,1382,35.63668936507936,35.62968049233074,0.17644691828275608,Safe
B,B_W829,1382,1384,36.78666876923077,38.47824279380083,42.58502535108487,Moderate
B,B_W83,139,140,40.321054740666895,40.658426056558966,8.493252929705099,Safe
B,B_W830,1384,1385,36.97271911111112,37.5069710669616,13.449682220996445,Safe
B,B_W831,1386,1387,40.54836837569944,40.70926809698319,4.0506171236534705,Safe
B,B_W832,1387,1389,37.33540205128206,37.58815373467487,6.362971225895862,Safe
B,B_W833,1389,1390,38.16907789030218,39.0271967159385,21.602963519881474,Safe
B,B_W834,1391,1392,38.38278189030218,39.091774270317636,17.848736170063997,Safe
B,B_W835,1392,1394,38.86227005128205,39.20441974043135,8.613547485745919,Safe
B,B_W836,1394,1395,39.3780230055371,39.26866623101814,2.753034125353526,Safe
B,B_W837,1396,1397,36.70009628333712,36.8232412481482,3.100148957224195,Safe
B,B_W838,1397,1399,38.15026502031666,39.145471818117514,25.05412479639676,Safe
B,B_W839,1399,1400,37.81956838383839,38.02925409949935,5.278794417200828,Safe
B,B_W84,141,142,46.64307260770975,49.67763851665562,76.39456759502028,Dangerous
B,B_W840,1401,1402,37.75719228571428,37.40963082912108,8.74978760911365,Safe
B,B_W841,1402,1404,39.1090806984127,38.154800554127036,24.023804779557693,Safe
B,B_W842,1404,1405,39.53797930479103,39.435816768191536,2.5719206773267547,Safe
B,B_W843,1406,1407,40.58551601360544,41.0566405978989,11.860463730374107,Safe
B,B_W844,1407,1409,39.25567910423117,40.102900042816316,21.32861147284902,Safe
B,B_W845,1409,1410,42.88326355555556,43.22100354637622,8.502534244594173,Safe
B,B_W846,1411,1412,37.881941526570046,38.78906581575491,22.836665904314003,Safe
B,B_W847,1412,1414,38.02811789030217,38.73361308692568,17.76069530324977,Safe
B,B_W848,1414,1415,38.195058158730156,38.80434166428061,15.338585928250167,Safe
B,B_W849,1416,1417,39.03925432362959,39.3263609099596,7.227848784468202,Safe
B,B_W85,142,144,47.124382355060945,47.40189275533069,6.986266789997907,Safe
B,B_W850,1417,1419,41.415194364776056,42.436309041703744,25.70635028188178,Safe
B,B_W851,1419,1420,38.20837479916044,38.75640243175039,13.796482026773674,Safe
B,B_W852,1421,1422,37.365143277777776,38.311177260643404,23.816209375501707,Safe
B,B_W853,1422,1424,37.4047181029601,37.189870719995355,5.408738321394772,Safe
B,B_W854,1424,1425,40.12112512668082,40.45668597648085,8.447674821205448,Safe
B,B_W855,1426,1427,42.10062073643189,42.284605007786894,4.631765885530783,Safe
B,B_W856,1427,1429,45.63474001151411,44.6178566822816,25.599826980949636,Safe
B,B_W857,1429,1430,42.47061901639344,40.954318991756715,38.17253874267642,Moderate
B,B_W858,1431,1432,43.87298163522013,43.78752302027952,2.1514029128221477,Safe
B,B_W859,1432,1434,40.948447312930796,42.07577191292713,28.380163074416643,Safe
B,B_W86,144,145,61.9580175419732,59.73823971239714,55.88244662854693,Moderate
B,B_W860,1434,1435,40.416857389718075,41.383221731925936,24.328021956807845,Safe
B,B_W861,1436,1437,42.60336594655415,44.55815980304683,49.211530045836284,Moderate
B,B_W862,1437,1439,38.171917042366104,40.359807405049686,55.07968626082186,Moderate
B,B_W863,1439,1440,43.39864620861678,44.69036294687837,32.51870107148971,Safe
B,B_W864,1441,1442,41.25605752264161,41.98552377332066,18.364161619130744,Safe
B,B_W865,1442,1444,42.155797993577934,42.28620963672599,3.2830860777424244,Safe
B,B_W866,1444,1445,37.71865925453409,38.51592062687872,20.070889750961992,Safe
B,B_W867,1446,1447,38.65097333333333,39.351260514719996,17.62958459945051,Safe
B,B_W868,1447,1449,39.2235698699187,39.071756956398595,3.82185862218997,Safe
B,B_W869,1449,1450,41.52954420730798,40.12256155852151,35.42049647063892,Moderate
B,B_W87,146,147,99.04017601619434,99.6662201873096,15.760532208821724,Safe
B,B_W870,1451,1452,41.46401443585707,40.49965145209234,24.277638172947714,Safe
B,B_W871,1452,1454,39.798729970121386,40.49412208809793,17.506352393004207,Safe
B,B_W872,1454,1455,40.88017942028985,41.404702932705206,13.204770674535107,Safe
B,B_W873,1456,1457,38.97431666666667,39.748037986827924,19.478273817852294,Safe
B,B_W874,1457,1459,38.70181930647131,38.583055921010605,2.989843605520103,Safe
B,B_W875,1459,1460,41.46076630188679,40.86432910273374,15.01518282814634,Safe
B,B_W876,1461,1462,40.34754901983551,39.77636904083895,14.379337547337276,Safe
B,B_W877,1462,1464,41.69507287179487,41.295019407426295,10.071263021584384,Safe
B,B_W878,1464,1465,40.82352526241135,41.172420296159274,8.783360137490416,Safe
B,B_W879,1466,1467,40.276495481822835,40.654464758407634,9.515298172887187,Safe
B,B_W88,147,149,151.34010877433346,154.1693168824815,71.2247275371833,Dangerous
B,B_W880,1467,1469,45.38400321447028,46.108735434722696,18.244983384656376,Safe
B,B_W881,1469,1470,41.613900295260294,41.72400513716744,2.771866566752635,Safe
B,B_W882,1471,1472,42.14262869344812,42.52573502670471,9.644622509523195,Safe
B,B_W883,1472,1474,43.188385492063496,43.151717421011675,0.9231110862642046,Safe
B,B_W884,1474,1475,42.33267553753754,42.487647299479065,3.90138197626881,Safe
B,B_W885,1476,1477,41.22963428070175,42.571384091547294,33.77827330033245,Moderate
B,B_W886,1477,1479,45.781902091896406,45.229903606909424,13.896447412584086,Safe
B,B_W887,1479,1480,40.139683077115365,39.2451253405005,22.52030554881303,Safe
B,B_W888,1481,1482,42.62175243585707,41.805611491844985,20.54617905335036,Safe
B,B_W889,1482,1484,42.75121406060606,43.62343060142722,21.95787057675197,Safe
B,B_W89,149,150,331.4100171919192,327.37244437481735,100.0,Dangerous
B,B_W890,1484,1485,41.64156601360544,42.202218204679404,14.11430266913345,Safe
B,B_W891,1486,1487,42.34422065497077,42.188048801373064,3.931594034895716,Safe
B,B_W892,1487,1489,40.82814677655678,41.12485585858644,7.469589622802275,Safe
B,B_W893,1489,1490,39.866798060606065,39.864815412833146,0.049912746616877106,Safe
B,B_W894,1491,1492,41.63227192831541,41.43169950844342,5.049369085191539,Safe
B,B_W895,1492,1494,41.14652619923372,40.8403485140693,7.707959743575114,Safe
B,B_W896,1494,1495,45.00706894017094,44.36634525770509,16.130085863539744,Safe
B,B_W897,1496,1497,43.23015192831541,42.47694687559267,18.961781038766894,Safe
B,B_W898,1497,1499,43.456189172353454,43.78872949572641,8.371633694655769,Safe
B,B_W899,1499,1500,46.424823815919055,45.2811942114149,28.790638182351447,Safe
B,B_W9,16,17,1115.5489515315317,1112.2056484973443,84.16696071188088,Dangerous
B,B_W90,151,152,714.3730483770049,713.7384666326534,15.975463844932067,Safe
B,B_W900,1501,1502,46.17511245515395,46.48039095834477,7.685323023818927,Safe
B,B_W901,1502,1504,80.69041745098039,75.8650865459461,100.0,Dangerous
B,B_W902,1504,1505,225.78967851798268,223.17357783593596,65.85979226907665,Moderate
B,B_W903,1506,1507,135.38984237569946,135.82169639676422,10.871835443137185,Safe
B,B_W904,1507,1509,189.12637530032418,192.72529636844487,90.60209171834885,Dangerous
B,B_W905,1509,1510,186.91421989030223,189.12976142530104,55.7757987908841,Moderate
B,B_W906,1511,1512,121.53128556381822,121.32199477994776,5.268852091256933,Safe
B,B_W907,1512,1514,159.9495966381244,164.71933975099668,100.0,Dangerous
B,B_W908,1514,1515,68.7625948016428,66.56687424492297,55.276809772234536,Moderate
B,B_W909,1516,1517,54.857945431331956,56.83746763265781,49.83406100003377,Moderate
B,B_W91,152,154,208.3595007406669,208.98775478022955,15.816165188808027,Safe
B,B_W910,1517,1519,136.69337073504272,138.86945113808846,54.78237297552215,Moderate
B,B_W911,1519,1520,57.73644109364816,58.268080601408386,13.383914381968454,Safe
B,B_W912,1521,1522,59.60230220420421,59.087420529267135,12.96203941508098,Safe
B,B_W913,1522,1524,65.37538021001222,65.97981672434133,15.216563929189384,Safe
B,B_W914,1524,1525,36.12649361403509,37.11876852467576,24.980315145013144,Safe
B,B_W915,1526,1527,39.37970663203463,39.337064916783405,1.073496340456548,Safe
B,B_W916,1527,1529,36.20070799999999,37.28964040560002,27.413647540420943,Safe
B,B_W917,1529,1530,39.90151005638475,39.351260514719996,13.852418127058991,Safe
B,B_W918,1531,1532,38.74445709364816,38.28778789585365,11.496552372327715,Safe
B,B_W919,1532,1534,41.63967533333333,41.30475057138264,8.431661441479775,Safe
B,B_W92,154,155,559.332083483871,561.0017708879774,42.034034218709884,Moderate
B,B_W920,1534,1535,41.69356859498208,41.269561030397306,10.674302528075172,Safe
B,B_W921,1536,1537,39.311033384615385,39.15736947916621,3.868456960234351,Safe
B,B_W922,1537,1539,37.757388,39.34769276023574,40.03559261782992,Moderate
B,B_W923,1539,1540,37.51896595604396,38.04857741464557,13.332858664879968,Safe
B,B_W924,1541,1542,37.04563776744186,37.148114629449566,2.579833754308765,Safe
B,B_W925,1542,1544,39.99156091571652,40.5756203461459,14.703575066835691,Safe
B,B_W926,1544,1545,35.55207647080438,37.2054936217209,41.62443396799881,Moderate
B,B_W927,1546,1547,37.00352806837607,39.03947101560368,51.25444158028297,Moderate
B,B_W928,1547,1549,42.2867568046929,41.2239845456075,26.755071275751334,Safe
B,B_W929,1549,1550,39.705138500506585,38.70100476866117,25.278858510129247,Safe
B,B_W93,156,157,938.3609189377008,933.2262848966611,100.0,Dangerous
B,B_W930,1551,1552,43.639138826792255,43.175766010344184,11.665314582056272,Safe
B,B_W931,1552,1554,119.98970620512821,118.96941612829505,25.685591145468123,Safe
B,B_W932,1554,1555,99.29596649974398,99.05302374386456,6.11603350945124,Safe
B,B_W933,1556,1557,59.88410451798273,59.60813090975896,6.947578368866507,Safe
B,B_W934,1557,1559,44.736045555555556,43.37898257957092,34.16377905779954,Moderate
B,B_W935,1559,1560,40.38023500115631,41.61549129036319,31.09732097259654,Safe
B,B_W936,1561,1562,41.037207929078015,42.009344033672114,24.473324878210224,Safe
B,B_W937,1562,1564,40.668235398692815,40.098270688639104,14.348743403665187,Safe
B,B_W938,1564,1565,39.468913384615384,39.43319772261306,0.8991343859080301,Safe
B,B_W939,1566,1567,38.92556759850608,38.18278138913458,18.699488817559153,Safe
B,B_W94,157,159,224.06388220664866,222.2858065472225,44.76268607402793,Moderate
B,B_W940,1567,1569,38.671288355060945,38.482814967124824,4.7447784647228355,Safe
B,B_W941,1569,1570,39.08219685527544,40.17246174714837,27.447192606074143,Safe
B,B_W942,1571,1572,37.99838953153153,38.239208287098734,6.062562241964345,Safe
B,B_W943,1572,1574,37.01066566531714,36.984099662688294,0.6687936081981327,Safe
B,B_W944,1574,1575,37.43466248713739,36.872318475253344,14.156893907258592,Safe
B,B_W945,1576,1577,41.56369554064131,41.52932850993896,0.865182872545592,Safe
B,B_W946,1577,1579,41.04778410884353,40.63931559327506,10.283110190832195,Safe
B,B_W947,1579,1580,39.77804427899433,40.1456518118466,9.254443422742014,Safe
B,B_W948,1581,1582,38.17483879916043,38.179440839040225,0.11585539982352379,Safe
B,B_W949,1582,1584,38.38253689439853,37.98523992351728,10.001868869550341,Safe
B,B_W95,159,160,250.0234981380263,247.22905189746845,70.34960472784859,Dangerous
B,B_W950,1584,1585,39.86412917796288,38.624811876771076,31.19955610733915,Safe
B,B_W951,1586,1587,39.17842372890334,38.48628249719934,17.42451200510568,Safe
B,B_W952,1587,1589,43.36136352264161,42.26448786149548,27.613617351902825,Safe
B,B_W953,1589,1590,43.71892739495799,42.895850897986065,20.720780161152057,Safe
B,B_W954,1591,1592,42.906195121820616,42.27757486940068,15.825384521562572,Safe
B,B_W955,1592,1594,38.39236595604396,39.250296594146484,21.598225937735325,Safe
B,B_W956,1594,1595,38.220348442577034,37.67338706739964,13.769639217481952,Safe
B,B_W957,1596,1597,38.0175361981982,38.028682448446666,0.2806045390304969,Safe
B,B_W958,1597,1599,37.578137999999996,37.961647870099995,9.654781465889867,Safe
B,B_W959,1599,1600,38.47754444257703,38.143745932758854,8.403308277551844,Safe
B,B_W96,161,162,524.4170684592307,526.6558758009743,56.36151065193771,Moderate
B,B_W960,1601,1602,42.27183541702742,42.96375996098735,17.41905693607517,Safe
B,B_W961,1602,1604,42.92743451455888,42.69608523949999,5.824170033494074,Safe
B,B_W962,1604,1605,44.24123240018987,43.3631604006774,22.105280535281537,Safe
B,B_W963,1606,1607,45.3583605572306,45.81492775158831,11.493984456954825,Safe
B,B_W964,1607,1609,40.87511894017094,40.23563103404975,16.098975450279006,Safe
B,B_W965,1609,1610,39.47966237700504,39.46083615489894,0.47394623824232074,Safe
B,B_W966,1611,1612,38.473841481822845,38.892324674166,10.535227602271576,Safe
B,B_W967,1612,1614,36.2303508034188,36.462571964553035,5.846119584670973,Safe
B,B_W968,1614,1615,36.908623904761896,36.64187301311549,6.715398391195909,Safe
B,B_W969,1616,1617,36.2375071017871,37.22855408668794,24.94940236910135,Safe
B,B_W97,162,164,206.22114355857215,204.77504959451912,36.405115723446585,Moderate
B,B_W970,1617,1619,39.808802632034634,41.62430886240686,45.70499293703942,Moderate
B,B_W971,1619,1620,41.224055010954615,41.58397986868256,9.061033669351797,Safe
B,B_W972,1621,1622,40.401573605680866,40.314561362749195,2.190515175380369,Safe
B,B_W973,1622,1624,41.82686373417432,40.364973850934646,36.80277471397027,Moderate
B,B_W974,1624,1625,42.17076010884354,41.0247844575154,28.849699424734514,Safe
B,B_W975,1626,1627,36.40045891614692,37.01066492420544,15.36180973762665,Safe
B,B_W976,1627,1629,37.608544488566054,38.34253893322802,18.478157963811153,Safe
B,B_W977,1629,1630,38.856044210012215,38.6332151357457,5.609675745056498,Safe
B,B_W978,1631,1632,40.66414357731158,40.35780341088331,7.7120501757049595,Safe
B,B_W979,1632,1634,36.453500717948714,37.37081649753412,23.093234562125364,Safe
B,B_W98,164,165,107.21358273504273,107.29441160165007,2.034849958427112,Safe
B,B_W980,1634,1635,39.20820066332498,38.34160807776131,21.816288669170664,Safe
B,B_W981,1636,1637,38.66723310423117,39.396445744824106,18.357777037794364,Safe
B,B_W982,1637,1639,40.45835405638475,40.31542425716671,3.5982280613895377,Safe
B,B_W983,1639,1640,38.517814302367945,38.525999486291745,0.20606030823091112,Safe
B,B_W984,1641,1642,39.36232048739495,40.07068032631815,17.832812079212236,Safe
B,B_W985,1642,1644,42.75935717041288,43.158946808582336,10.059586293187483,Safe
B,B_W986,1644,1645,37.071468102960104,36.99844874421791,1.838247217083282,Safe
B,B_W987,1646,1647,37.71312152657005,38.02075090762323,7.74450588659163,Safe
B,B_W988,1647,1649,36.98139761904762,37.82382867864856,21.20802726251696,Safe
B,B_W989,1649,1650,40.81382276797385,40.74958828812692,1.6170897122817662,Safe
B,B_W99,166,167,187.08004704761908,182.6263000580744,100.0,Dangerous
B,B_W990,1651,1652,42.72602579334749,43.32351714439015,15.041720883407875,Safe
B,B_W991,1652,1654,42.54512334623546,44.131114004407806,39.9269859928356,Moderate
B,B_W992,1654,1655,42.77105034972678,43.12322962754022,8.86604030091088,Safe
B,B_W993,1656,1657,40.001655389718074,41.443671357557804,36.302453014275855,Moderate
B,B_W994,1657,1659,39.615610278994325,39.57660282169591,0.9820046499925877,Safe
B,B_W995,1659,1660,39.176852183756225,39.489454994211336,7.869710940634002,Safe
B,B_W996,1661,1662,40.77972253256219,40.44340409116673,8.466747032547591,Safe
B,B_W997,1662,1664,43.60386722458629,43.4312002445427,4.346855423202846,Safe
B,B_W998,1664,1665,43.62662240018987,43.3631604006774,6.6326012136168675,Safe
B,B_W999,1666,1667,41.04779459498208,41.09708507861365,1.2408777059291136,Safe
F,F_W0,1,3,509.39054902564095,494.80932441952405,100.0,Dangerous
F,F_W1,3,5,614.4080526031747,613.3737539989738,26.03825291753454,Safe
F,F_W10,26,28,998.4072008521301,1011.7349415017725,100.0,Dangerous
F,F_W100,251,253,41.99272579334749,43.08215406369852,27.42613083271878,Safe
F,F_W1000,2565,2568,1207.332415333334,1201.2386267301817,100.0,Dangerous
F,F_W1001,2568,2571,1095.5893169103938,1095.6814023514041,2.318231885174444,Safe
F,F_W1002,2571,2574,69.56000251587301,70.13345266174284,14.436488527693466,Safe
F,F_W1003,2575,2578,39.53493473504274,39.857474512965275,8.119872036374849,Safe
F,F_W1004,2578,2581,35.89230420779221,35.71218543532135,4.534452752564119,Safe
F,F_W1005,2581,2584,39.75456685156912,39.70017913249415,1.36919955139659,Safe
F,F_W1006,2585,2588,41.12515361232766,41.757472687166086,15.918501609063782,Safe
F,F_W1007,2588,2591,45.51603610356964,44.393396578230494,28.262217291287918,Safe
F,F_W1008,2591,2594,47.17863800000001,46.16340720948092,25.558224661463246,Safe
F,F_W1009,2595,2598,50.76753779661017,49.51841069122721,31.446515893964964,Safe
F,F_W101,253,255,39.30846205638474,39.5378153565299,5.773921778870369,Safe
F,F_W1010,2598,2601,80.27494082352942,80.83693798158423,14.1481619340215,Safe
F,F_W1011,2601,2604,361.2329916590564,356.6853778768899,100.0,Dangerous
F,F_W1012,2605,2608,71.97501963522012,71.75463200581399,5.548212876886118,Safe
F,F_W1013,2608,2611,43.6085331299435,43.114895255107804,12.42723115204897,Safe
F,F_W1014,2611,2614,40.04579250568679,40.929544917471006,22.24828373649131,Safe
F,F_W1015,2615,2618,43.0062891299435,43.14470573276439,3.484609277821646,Safe
F,F_W1016,2618,2621,42.36828999671593,43.051876994094975,17.20916092954167,Safe
F,F_W1017,2621,2624,41.35675553753754,41.30475057138264,1.30921424065463,Safe
F,F_W1018,2625,2628,39.491276898721736,38.26892099049423,30.772556556102888,Safe
F,F_W1019,2628,2631,44.52951991570881,43.942198140705656,14.785703915092025,Safe
F,F_W102,256,258,39.17465997012138,41.312162302312004,53.811178040213925,Moderate
F,F_W1020,2631,2634,42.25460682539683,40.65071459963566,40.377654245315775,Moderate
F,F_W1021,2635,2638,43.730519250470806,42.81345989546511,23.086779126496186,Safe
F,F_W1022,2638,2641,38.47451347338935,40.4614580717967,50.0209183076597,Moderate
F,F_W1023,2641,2644,45.0851568235294,46.11955483256152,26.04075541355064,Safe
F,F_W1024,2645,2648,34.58452777777778,34.37480659839735,5.27968720898573,Safe
F,F_W1025,2648,2651,37.22447675213675,39.001375639475654,44.733061080713995,Moderate
F,F_W1026,2651,2654,50.32953676190476,50.01556400726654,7.9041990014105155,Safe
F,F_W1027,2655,2658,41.42197482539683,40.165328690560905,31.63580590150776,Safe
F,F_W1028,2658,2661,75.60564904761904,72.62655520764693,74.99806975974212,Dangerous
F,F_W1029,2661,2664,49.081534051282055,49.9002050136591,20.60987174113434,Safe
F,F_W103,258,260,45.44504142995169,45.58125365865243,3.42911461638411,Safe
F,F_W1030,2665,2668,38.710125537537536,37.00167210908571,43.009960844167374,Moderate
F,F_W1031,2668,2671,42.80880533116954,41.776384776988394,25.990973397667116,Safe
F,F_W1032,2671,2674,41.94687424055683,41.367189164233245,14.593451609166067,Safe
F,F_W1033,2675,2678,45.16165425730995,44.18093913104661,24.689299970027456,Safe
F,F_W1034,2678,2681,258.1078324600142,256.3050184051204,45.3854700508648,Moderate
F,F_W1035,2681,2684,197.7412576388889,194.36487433255155,84.99974970465777,Dangerous
F,F_W1036,2685,2688,209.9732768515691,213.38656371620058,85.92878913342335,Dangerous
F,F_W1037,2688,2691,62.03829654780362,60.22769225511024,45.58158767230298,Moderate
F,F_W1038,2691,2694,65.28783800000001,63.96737443042006,33.24239658979065,Moderate
F,F_W1039,2695,2698,92.69291405128206,93.24026993903631,13.779570989809159,Safe
F,F_W104,261,263,44.35718882352941,43.45507436286838,22.710544509924418,Safe
F,F_W1040,2698,2701,38.88556405128206,38.9848704143017,2.5000170996302686,Safe
F,F_W1041,2701,2704,40.25440355857215,40.156365363562166,2.468091232918941,Safe
F,F_W1042,2705,2708,37.952964031746035,38.060460038981034,2.706189694776355,Safe
F,F_W1043,2708,2711,42.723482455153956,41.78384362956432,23.655212616999403,Safe
F,F_W1044,2711,2714,387.3232268484849,384.5196816231095,70.57866978412068,Dangerous
F,F_W1045,2715,2718,50.9679554701503,51.52187897026593,13.94490926933053,Safe
F,F_W1046,2718,2721,653.673298031746,645.3452954355985,100.0,Dangerous
F,F_W1047,2721,2724,689.3020962857144,691.1176929273728,45.7072690224244,Moderate
F,F_W1048,2725,2728,33.50568403174603,33.12479636525182,9.588768033780914,Safe
F,F_W1049,2728,2731,34.40338163570128,33.43062855872195,24.488857030090283,Safe
F,F_W105,263,265,40.05481149206349,41.25793622722948,30.28841576151715,Safe
F,F_W1050,2731,2734,522.5387189696971,527.6658539108952,100.0,Dangerous
F,F_W1051,2735,2738,64.29760028860028,64.54094987979028,6.126275504044873,Safe
F,F_W1052,2738,2741,1013.8262253333332,1022.3670425217385,100.0,Dangerous
F,F_W1053,2741,2744,840.4069017171718,849.6997701504409,100.0,Dangerous
F,F_W1054,2745,2748,1193.7025114202897,1196.7367218797451,76.38561922779321,Dangerous
F,F_W1055,2748,2751,896.6712975375378,901.3914002959448,100.0,Dangerous
F,F_W1056,2751,2754,1086.8852842807016,1092.1691536423052,100.0,Dangerous
F,F_W1057,2755,2758,822.0283849318394,823.0863251901162,26.633426657224817,Safe
F,F_W1058,2758,2761,204.9554429019608,205.99009005908428,26.047027665094515,Safe
F,F_W1059,2761,2764,124.21258696969697,127.41760069237895,80.68555596653665,Dangerous
F,F_W106,266,268,41.127846910644905,42.02718219950884,22.640579436143888,Safe
F,F_W1060,2765,2768,1148.6374905830583,1161.079353366467,100.0,Dangerous
F,F_W1061,2768,2771,1184.0421686666664,1174.7533886040203,100.0,Dangerous
F,F_W1062,2771,2774,857.9893781283204,858.3256526820726,8.465642170228236,Safe
F,F_W1063,2775,2778,1135.2917068552754,1123.1041495049078,100.0,Dangerous
F,F_W1064,2778,2781,837.1721942222222,830.8256058470345,100.0,Dangerous
F,F_W1065,2781,2784,1180.9462902807018,1174.1022393165981,100.0,Dangerous
F,F_W1066,2785,2788,1197.6101942833373,1199.3273776669078,43.229735654280745,Moderate
F,F_W1067,2788,2791,698.8516159806516,705.4931758872184,100.0,Dangerous
F,F_W1068,2791,2794,1128.4740967230514,1125.4614082868432,75.84380675475101,Dangerous
F,F_W1069,2795,2798,1177.0569765478037,1176.5377327037265,13.071856118766572,Safe
F,F_W107,268,270,46.14344315151516,46.21215560039632,1.729821654292219,Safe
F,F_W1070,2798,2801,1197.9060829318394,1196.492046745462,35.598067817066834,Moderate
F,F_W1071,2801,2804,421.4752702277318,418.6509432896435,71.10184509295203,Dangerous
F,F_W1072,2805,2808,71.81672744217687,73.77778989763527,49.36934072511711,Moderate
F,F_W1073,2808,2811,44.329204323232325,43.368505695465494,24.18538877043897,Safe
F,F_W1074,2811,2814,1962.0265354170272,2302.545660295229,100.0,Dangerous
F,F_W1075,2815,2818,1390.3694990109548,1378.3008837921973,100.0,Dangerous
F,F_W1076,2818,2821,831.4718589390138,828.6303132125754,71.53532451966045,Dangerous
F,F_W1077,2821,2824,1286.3124468484846,1301.5580606162548,100.0,Dangerous
F,F_W1078,2825,2828,1188.5495165179825,1176.6385368053407,100.0,Dangerous
F,F_W1079,2828,2831,1199.9447786666665,1195.6531478962017,100.0,Dangerous
F,F_W108,271,273,59.9577572338839,61.389650040370704,36.04760452607139,Moderate
F,F_W1080,2831,2834,2187.72075163522,2809.907401852578,100.0,Dangerous
F,F_W1081,2835,2838,1021.1419027272725,1024.8733239572844,93.93775582243201,Dangerous
F,F_W1082,2838,2841,241.18180371717182,242.91341366135646,43.59292132665371,Moderate
F,F_W1083,2841,2844,41.78584353030068,39.918963450806324,46.998318937244896,Moderate
F,F_W1084,2845,2848,110.53860742356154,107.49893495637441,76.52312413999093,Dangerous
F,F_W1085,2848,2851,149.97351723809527,148.66552417808515,32.928454096906165,Safe
F,F_W1086,2851,2855,44.11935095424837,42.77887645579497,33.74616757527328,Moderate
F,F_W1087,2856,2860,595.9773012982457,595.1393108706437,21.096235272628707,Safe
F,F_W1088,2861,2865,1397.5572483146389,1387.310105381314,100.0,Dangerous
F,F_W1089,2866,2870,1239.011392496267,1251.833717716535,100.0,Dangerous
F,F_W109,273,275,68.2079409758669,66.62234459550028,39.917060130822875,Moderate
F,F_W1090,2871,2875,1455.706516459231,1450.7220821099268,100.0,Dangerous
F,F_W1091,2876,2880,1416.696484931839,1442.5978948268544,100.0,Dangerous
F,F_W1092,2881,2885,2883.7392090286576,2857.698782637571,100.0,Dangerous
F,F_W1093,2886,2890,1978.3200901088435,2522.4377464304334,100.0,Dangerous
F,F_W1094,2891,2895,923.9628212624114,924.112490453761,3.767890861010569,Safe
F,F_W1095,2896,2900,844.2613596653174,851.3963460058853,100.0,Dangerous
F,F_W1096,2901,2905,2905.850699423381,2823.806544633224,100.0,Dangerous
F,F_W1097,2906,2910,914.0516155062824,921.3149416234348,100.0,Dangerous
F,F_W1098,2911,2915,456.79312538461545,462.1510510233351,100.0,Dangerous
F,F_W1099,2916,2920,2029.2269033608134,2408.622832624733,100.0,Dangerous
F,F_W11,28,30,1632.1471633968256,1559.544113658884,100.0,Dangerous
F,F_W110,276,278,45.1704924619925,44.21257929888572,24.11526527513823,Safe
F,F_W1100,2921,2930,51.16907736507936,52.11279809181097,23.757973631939926,Safe
F,F_W1101,2931,2932,30.00005,30.106538122825864,2.6808164137430337,Safe
F,F_W111,278,280,43.12615065985207,44.40672987687981,32.23831628359221,Safe
F,F_W112,281,283,40.6482142042042,41.93001879055076,32.269164702135306,Safe
F,F_W113,283,285,36.651988102960104,36.59781019000043,1.363917725943423,Safe
F,F_W114,286,288,32.97919153153153,33.83741502845519,21.605598597838522,Safe
F,F_W115,288,290,33.28500028070175,33.54840503057137,6.631159965727615,Safe
F,F_W116,291,293,32.448331086189,33.18080005100982,18.43975432509105,Safe
F,F_W117,293,295,41.346860460014156,42.350250956433655,25.260147712378338,Safe
F,F_W118,296,298,45.05336917289487,45.47574192263952,10.633146403424531,Safe
F,F_W119,298,300,48.63457601137913,46.99008292718503,41.399772438506844,Moderate
F,F_W12,31,33,1141.0386026320348,1134.9585910249023,100.0,Dangerous
F,F_W120,301,303,42.444854761904764,43.352177722016854,22.84166740371607,Safe
F,F_W121,303,305,40.481761333333324,40.5308602785195,1.2360557652782367,Safe
F,F_W122,306,308,40.15914866666667,41.2151518654529,26.584661586162873,Safe
F,F_W123,308,310,35.116882735042736,35.02921043573827,2.207131957714642,Safe
F,F_W124,311,313,35.391276939014205,35.40050578218984,0.23233421351186162,Safe
F,F_W125,313,315,44.58271838961039,45.97114757055493,34.95341676444648,Moderate
F,F_W126,316,318,41.456997932419,44.04666993056338,65.1944556313478,Moderate
F,F_W127,318,320,34.80301073504273,34.922190517265335,3.0003263076685345,Safe
F,F_W128,321,323,33.64453391713748,33.21081259556514,10.918844346264239,Safe
F,F_W129,323,325,33.20588228070175,33.07721738058017,3.2391121842065544,Safe
F,F_W13,33,35,1238.953826945661,1243.366362337581,100.0,Dangerous
F,F_W130,326,328,33.43603991570881,33.080073484202764,8.961381109924,Safe
F,F_W131,328,330,34.372375777777776,33.26068511433175,27.98658196317833,Safe
F,F_W132,331,333,33.89591466666667,33.30657371250186,14.836536331846231,Safe
F,F_W133,333,335,35.084052851569126,33.775496775459395,32.94262791048263,Safe
F,F_W134,336,338,38.95930875036075,39.38415081491923,10.695310891894657,Safe
F,F_W135,338,340,41.18455661322081,41.249539252083046,1.6359244603746714,Safe
F,F_W136,341,343,39.43403339682539,39.80589779348007,9.361609086383517,Safe
F,F_W137,343,345,36.875165565441655,36.74763555445709,3.2105415854811055,Safe
F,F_W138,346,348,37.393394732026145,37.51808867934993,3.1391442708277872,Safe
F,F_W139,348,350,35.47009275362319,35.987742886761644,13.03173477631069,Safe
F,F_W14,36,38,363.92751285156913,364.0667953441495,3.5064078729899117,Safe
F,F_W140,351,353,34.95815806060607,35.011944638718475,1.3540659522997711,Safe
F,F_W141,353,355,36.202742244518774,37.35532269947756,29.015973986748854,Safe
F,F_W142,356,358,36.4914239047619,37.08491151552741,14.940927552034047,Safe
F,F_W143,358,360,41.46732314774115,42.84473786645704,34.676129961490936,Moderate
F,F_W144,361,363,40.17945788113695,40.850574242971305,16.895215265266277,Safe
F,F_W145,363,365,44.124513904761905,43.417370664355,17.80218446380455,Safe
F,F_W146,366,368,64.12223525047082,64.03276753452873,2.2523311993195376,Safe
F,F_W147,368,370,54.30452911111111,55.53711206970956,31.030020428796334,Safe
F,F_W148,371,373,35.910964825396825,36.36130003351952,11.337095495578641,Safe
F,F_W149,373,375,35.51620075362319,36.14705952529358,15.881738779576034,Safe
F,F_W15,38,40,943.0178409690345,945.5673213563658,64.18264016213648,Moderate
F,F_W150,376,378,37.22932072305141,37.41605727962132,4.701054095179288,Safe
F,F_W151,378,380,38.28993078330819,38.589409119822434,7.5393050302963465,Safe
F,F_W152,381,383,34.45598057142857,34.90815872546562,11.383491276870815,Safe
F,F_W153,383,385,35.77394192907802,36.02944572081577,6.4322549828796065,Safe
F,F_W154,386,388,34.90411705050505,35.16834193196422,6.651806608455149,Safe
F,F_W155,388,390,40.19642100115631,39.79749453450544,10.042891087703877,Safe
F,F_W156,391,393,43.95765723809524,44.65491306955422,17.553270993517042,Safe
F,F_W157,393,395,42.92736991627601,45.47574192263952,64.15473690107534,Moderate
F,F_W158,396,398,43.761833576660464,41.5625497629383,55.36651402849082,Moderate
F,F_W159,398,400,40.05732742028985,39.51540998199196,13.642659152310118,Safe
F,F_W16,41,43,864.350709126681,859.7769467968714,100.0,Dangerous
F,F_W160,401,403,39.94014027899432,39.734464756669915,5.177838631394561,Safe
F,F_W161,403,405,43.9104405572306,43.646424167381056,6.64655787540979,Safe
F,F_W162,406,408,41.7255102051282,42.035618171586606,7.806903760277943,Safe
F,F_W163,408,410,43.99128096155564,42.380491400329646,40.55129323560429,Moderate
F,F_W164,411,413,55.121615540641315,54.80905572262147,7.868628614989821,Safe
F,F_W165,413,415,56.57603142028986,57.46614776370682,22.40849439589892,Safe
F,F_W166,416,418,61.886388312722104,61.072231512831884,20.496228636459072,Safe
F,F_W167,418,420,52.043298398091345,51.20498094927095,21.104467964000044,Safe
F,F_W168,421,423,59.86828039809135,59.354041116831624,12.945867287442582,Safe
F,F_W169,423,425,63.8308683652968,61.57132487303551,56.883538941952374,Moderate
F,F_W17,43,45,592.267727929078,592.331735405285,1.6113749427129522,Safe
F,F_W170,426,428,127.7837521269841,125.46506908862453,58.37236475345458,Moderate
F,F_W171,428,430,104.70670220420422,103.6952856410222,25.462202279064243,Safe
F,F_W172,431,433,107.41976198572884,106.46405919521705,24.059619603340444,Safe
F,F_W173,433,435,59.53187887087087,59.94887766158453,10.497858099013156,Safe
F,F_W174,436,438,55.03376806535948,53.323986430982565,43.04339815295192,Moderate
F,F_W175,438,440,38.97370096903461,39.36933217098737,9.959933482142853,Safe
F,F_W176,441,443,37.71414427234754,37.2649757088075,11.307725460093122,Safe
F,F_W177,443,445,41.18191001619434,39.8236179488673,34.19472117751452,Moderate
F,F_W178,446,448,40.682063904761904,40.36523358373196,7.976137642857173,Safe
F,F_W179,448,450,35.93466220779221,36.114490528590814,4.5271406919351715,Safe
F,F_W18,46,48,70.14551533333335,70.75532857959806,15.351922040899357,Safe
F,F_W180,451,453,35.808355249042144,37.424460538595945,40.68511559413615,Moderate
F,F_W181,453,455,36.220948,36.071801993507975,3.754719790693315,Safe
F,F_W182,456,458,37.05820810296011,36.24640152176683,20.43706236803922,Safe
F,F_W183,458,460,32.51671000838574,32.94021510021873,10.661652880727535,Safe
F,F_W184,461,463,38.949407510442775,38.7140842489895,5.924214317038075,Safe
F,F_W185,463,465,37.214468,36.82630200473455,9.771998451566132,Safe
F,F_W186,466,468,38.67682053658537,39.32983428527773,16.439485732667887,Safe
F,F_W187,468,470,34.60373895238095,35.20455409333101,15.125396605198532,Safe
F,F_W188,471,473,37.86281932905983,39.315217451234346,36.56382159710099,Moderate
F,F_W189,473,475,40.08432210399562,40.72787877604719,16.201405788990954,Safe
F,F_W19,48,50,43.75490759850607,44.18255412768435,10.765912707242611,Safe
F,F_W190,476,478,38.38251759850607,38.285752677978564,2.436036811813112,Safe
F,F_W191,478,480,41.98347408369408,41.43012955799612,13.930333708405602,Safe
F,F_W192,481,483,43.36485466666667,42.442452841471,23.221274705863596,Safe
F,F_W193,483,485,41.12673537765717,40.114912007237,25.472443566940328,Safe
F,F_W194,486,488,42.53460131942374,42.14946071377563,9.69583489520988,Safe
F,F_W195,488,490,39.54564396114665,40.022879908040075,12.014316016747092,Safe
F,F_W196,491,493,40.09326401360544,41.29135276070274,30.161635806009627,Safe
F,F_W197,493,495,36.89686267505241,37.38967783048891,12.406519361750119,Safe
F,F_W198,496,498,39.63340850050659,40.26884925348969,15.997089209132076,Safe
F,F_W199,498,500,39.78223405638475,40.1456518118466,9.148966645613154,Safe
F,F_W2,6,8,466.41950760568074,465.36162310530733,26.632022963565777,Safe
F,F_W20,51,53,333.9545641089661,332.9356850822194,25.65006825209807,Safe
F,F_W200,501,503,38.21807434920635,38.41242651327145,4.89277543491137,Safe
F,F_W201,503,505,36.10240133333333,37.25715804242362,29.070760733302155,Safe
F,F_W202,506,508,35.90751999023199,36.23646065753843,8.281013099505293,Safe
F,F_W203,508,510,38.092908582375486,38.026947026133854,1.6605685024401204,Safe
F,F_W204,511,513,52.22292548849441,51.7484665008495,11.944406643418326,Safe
F,F_W205,513,515,59.97978197012138,58.48753088758033,37.56711161153365,Moderate
F,F_W206,516,518,43.36839283166999,42.84950217575176,13.062964680091591,Safe
F,F_W207,518,520,39.75778323809524,39.51589075941664,6.089592998676564,Safe
F,F_W208,521,523,39.13628489439853,39.268001078400914,3.31592762327703,Safe
F,F_W209,523,525,38.72289244134727,39.09451252411537,9.355458534943065,Safe
F,F_W21,53,55,590.4354242804613,591.5817198533441,28.857753383542278,Safe
F,F_W210,526,528,38.051386198198195,38.1745826075143,3.1014440619721233,Safe
F,F_W211,528,530,43.75304445072919,43.51161226467682,6.078005227244642,Safe
F,F_W212,531,533,45.35736917289488,44.96132753640188,9.970266086597055,Safe
F,F_W213,533,535,41.503542,40.81029372257463,17.452381651615298,Safe
F,F_W214,536,538,41.273996939014204,40.39180341325918,22.20903910391334,Safe
F,F_W215,538,540,36.4350101463078,38.33481741946863,47.827254210936495,Moderate
F,F_W216,541,543,38.90881228571429,39.21181970063566,7.628148847504786,Safe
F,F_W217,543,545,38.07376547338935,38.897461939227725,20.736387748825592,Safe
F,F_W218,546,548,40.10813152657005,39.2812746077461,20.815951497474344,Safe
F,F_W219,548,550,35.94226057142857,38.12385124966432,54.92109301097402,Moderate
F,F_W22,56,58,81.13480220664869,80.70257966575876,10.881112853329597,Safe
F,F_W220,551,553,44.4281570218036,44.32743059348616,2.5357669490772046,Safe
F,F_W221,553,555,47.35748261037473,46.99764045763069,9.058951588529428,Safe
F,F_W222,556,558,53.83778091571653,54.857020355608185,25.659141578296367,Safe
F,F_W223,558,560,43.99495851587302,44.815662779120615,20.66105966898207,Safe
F,F_W224,561,563,40.02394254070113,38.89037623240903,28.53729678665641,Safe
F,F_W225,563,565,44.91802240935672,43.921578357391546,25.085272413461183,Safe
F,F_W226,566,568,40.15047835506094,38.921489330481954,30.939543884993963,Safe
F,F_W227,568,570,42.21065634875066,40.55384054381093,41.709994378383435,Moderate
F,F_W228,571,573,40.172836267942586,40.336649714004686,4.1239695408400365,Safe
F,F_W229,573,575,42.56763342338046,41.43150344322972,28.601836694166355,Safe
F,F_W23,58,60,478.67357976391685,473.92884378631175,100.0,Dangerous
F,F_W230,576,578,42.73891216311048,41.202148203115556,38.68771407248982,Moderate
F,F_W231,578,580,40.75961812832044,40.51338552677666,6.198854691961019,Safe
F,F_W232,581,583,42.222168767973855,41.62850561818074,14.945346710659239,Safe
F,F_W233,583,585,42.844641333333335,42.876565134150404,0.8036750667434623,Safe
F,F_W234,586,588,42.13531427899432,42.34118623211042,5.182783735848946,Safe
F,F_W235,588,590,40.86802434920635,43.35028950707009,62.49051069616013,Moderate
F,F_W236,591,593,43.39404549019608,42.939037719954534,11.454726278148893,Safe
F,F_W237,593,595,46.17893216414599,44.984798746927574,30.062061196375257,Safe
F,F_W238,596,598,43.88881957059315,42.83732884300238,26.47106105939674,Safe
F,F_W239,598,600,41.547779717171714,41.202148203115556,8.701201705882402,Safe
F,F_W24,61,63,245.00454496127583,242.17508248509805,71.23113119959345,Dangerous
F,F_W240,601,603,37.6248323030303,37.21585617598088,10.295889204620954,Safe
F,F_W241,603,605,38.14769533333333,38.960843525319504,20.470837141591392,Safe
F,F_W242,606,608,40.57055254070113,39.6382223300943,23.471219750117246,Safe
F,F_W243,608,610,48.14496046071762,46.31868523461783,45.976100171723054,Moderate
F,F_W244,611,613,43.034444280461344,42.639724957834424,9.936977109176595,Safe
F,F_W245,613,615,62.69518071794872,62.03200174427025,16.695393164116727,Safe
F,F_W246,616,618,79.65439142299769,81.65849557410662,50.45290648919731,Moderate
F,F_W247,618,620,45.80288164474938,48.143555680235636,58.925983546681124,Moderate
F,F_W248,621,623,53.721717999999996,55.13470043556699,35.57153985889078,Moderate
F,F_W249,623,625,49.94688042979243,47.65810159112569,57.61953272628585,Moderate
F,F_W25,63,65,382.8115286666666,385.4829422405499,67.25228285292832,Dangerous
F,F_W250,626,628,40.930815333333335,40.34427390067121,14.766058958446528,Safe
F,F_W251,628,630,42.65059218375623,42.52196909931486,3.2380594831271083,Safe
F,F_W252,631,633,42.54966148182284,43.63966533733565,27.440621069829447,Safe
F,F_W253,633,635,43.65186053658537,41.488871721787,54.452794955699915,Moderate
F,F_W254,636,638,41.77158552657005,41.3043968374125,11.761378386364843,Safe
F,F_W255,638,640,39.50898991570881,38.83260078078756,17.027956234514107,Safe
F,F_W256,641,643,37.99313130175287,37.35281375158464,16.119861567151396,Safe
F,F_W257,643,645,37.64905457981432,36.60686695109407,26.236857474161763,Safe
F,F_W258,646,648,33.05866141880342,32.70815755208087,8.823862174064011,Safe
F,F_W259,648,650,37.51462702608171,35.896456229444965,40.73711430670356,Moderate
F,F_W26,66,68,625.6259457528556,636.2098723490786,100.0,Dangerous
F,F_W260,651,653,47.10684029059829,46.08181840342037,25.80471348984159,Safe
F,F_W261,653,655,54.494456323629585,53.60439378612296,22.407139843261785,Safe
F,F_W262,656,658,43.02270406060606,42.662757614184535,9.061577160236588,Safe
F,F_W263,658,660,43.89193227899432,42.84708576927258,26.303794252103025,Safe
F,F_W264,661,663,42.19665267505241,41.97858152176769,5.4898960708093645,Safe
F,F_W265,663,665,43.565017137265734,42.7282954525384,21.064294933810235,Safe
F,F_W266,666,668,42.77114133333334,41.47385086953902,32.659018456164326,Safe
F,F_W267,668,670,40.2824646031746,40.84640126719961,14.196988594699567,Safe
F,F_W268,671,673,44.25335037569944,43.36639683300131,22.32887154355217,Safe
F,F_W269,673,675,38.66435532905983,39.10904393670772,11.194943499346541,Safe
F,F_W27,68,70,131.63335390243904,128.3170387746467,83.4875457638442,Dangerous
F,F_W270,676,678,43.41407691571652,43.634423508844556,5.547179797093129,Safe
F,F_W271,678,680,44.84296459574469,45.93699930671369,27.542097020213507,Safe
F,F_W272,681,683,40.81250653658537,40.87654592908847,1.6121784288487977,Safe
F,F_W273,683,685,38.64777533333333,38.54687478697202,2.5401503347314556,Safe
F,F_W274,686,688,48.08956222222222,48.079714385897496,0.24791723770308532,Safe
F,F_W275,688,690,85.70813830188679,84.09005416741516,40.73493260466458,Moderate
F,F_W276,691,693,98.1891999047619,101.02046883982179,71.27660842741356,Dangerous
F,F_W277,693,695,41.626476775510206,41.647218509006116,0.5221688403339548,Safe
F,F_W278,696,698,41.26034760568087,39.908740904819076,34.026418462842635,Moderate
F,F_W279,698,700,39.28143811965812,39.38859789828155,2.697725209191139,Safe
F,F_W28,71,73,407.90766246199246,405.5603560772405,59.09295156434674,Moderate
F,F_W280,701,703,38.763828515873016,38.09758760417871,16.772476818827332,Safe
F,F_W281,703,705,36.423819111111115,37.07365594795605,16.359507635584507,Safe
F,F_W282,706,708,41.655610205128205,42.009344033672114,8.905175793242261,Safe
F,F_W283,708,710,40.30313165905631,40.34528437394703,1.0611858577661482,Safe
F,F_W284,711,713,41.612782156862735,40.7922702902578,20.65621612339326,Safe
F,F_W285,713,715,42.89118227103404,42.96375996098735,1.8271282968952962,Safe
F,F_W286,716,718,37.88506479916043,37.374028306161016,12.86523775702984,Safe
F,F_W287,718,720,37.92797834920635,38.55807310247958,15.862504774833114,Safe
F,F_W288,721,723,38.71242917235345,39.44321141328785,18.39729140096225,Safe
F,F_W289,723,725,40.5542054229977,37.83737939022443,68.39553209002666,Dangerous
F,F_W29,73,75,229.96006873202612,233.943029891302,100.0,Dangerous
F,F_W290,726,728,41.226605100775195,40.52786401863709,17.59066187142397,Safe
F,F_W291,728,730,40.68470057142857,40.14542304414987,13.576199939739992,Safe
F,F_W292,731,733,41.52235932505177,41.417449451075704,2.6410843261708536,Safe
F,F_W293,733,735,34.58533391706539,35.68550508943765,27.696581163755575,Safe
F,F_W294,736,738,39.72532657142857,38.75791969253382,24.354267601749026,Safe
F,F_W295,738,740,38.834987367788315,38.01854608556321,20.553740005593486,Safe
F,F_W296,741,743,42.571296254488686,43.24761493451082,17.026182547036406,Safe
F,F_W297,743,745,45.206040862475575,43.43684504561614,44.53913787848665,Moderate
F,F_W298,746,748,40.865062146520145,40.03453469751258,20.90835633382833,Safe
F,F_W299,748,750,34.15435738461538,33.61639981032536,13.542970396918482,Safe
F,F_W3,8,10,577.615842148089,579.8509362937917,56.268031711473796,Moderate
F,F_W30,76,78,158.19565410884354,158.03595087789898,4.0204957274351285,Safe
F,F_W300,751,753,36.4371915610652,35.62081398133939,20.552136308381257,Safe
F,F_W301,753,755,40.37684180952381,39.819598703472025,14.028479660512636,Safe
F,F_W302,756,758,40.576140793650794,40.87943258497023,7.635307964365881,Safe
F,F_W303,758,760,37.944775956043955,38.380260983345785,10.963245272331413,Safe
F,F_W304,761,763,40.15458276797386,40.1850796504878,0.7677526943081611,Safe
F,F_W305,763,765,34.71999666666667,35.395880786380644,17.015242581376807,Safe
F,F_W306,766,768,36.64115375285566,37.435002074274344,19.984966901536144,Safe
F,F_W307,768,770,36.13830745846818,37.61922480253909,37.281787095394755,Moderate
F,F_W308,771,773,35.96606628333711,36.81074893404322,21.264710601762527,Safe
F,F_W309,773,775,36.0841339047619,36.9910729508149,22.83200244687627,Safe
F,F_W31,78,80,245.3325891723534,244.7370479924414,14.992625729526466,Safe
F,F_W310,776,778,37.51550094566099,37.41605727962132,2.5034736746920996,Safe
F,F_W311,778,780,38.878758750360745,39.295327922736625,10.487042546433104,Safe
F,F_W312,781,783,39.69654206535947,40.414478875882175,18.07391035361693,Safe
F,F_W313,783,785,41.316530309178745,41.0245743027541,7.34993192991077,Safe
F,F_W314,786,788,40.27301650149765,38.43831000025192,46.18835577544888,Moderate
F,F_W315,788,790,38.07474759850608,39.32983428527773,31.596547119813096,Safe
F,F_W316,791,793,37.728225909718404,37.76798779930918,1.0009973265347947,Safe
F,F_W317,793,795,39.395569530300676,38.41196841616652,24.76195411631744,Safe
F,F_W318,796,798,40.21700325763794,40.3063648798542,2.249660311768318,Safe
F,F_W319,798,800,40.04755211206988,38.56676323777942,37.27855289530784,Moderate
F,F_W32,81,83,51.00748742528735,50.28500938113631,18.188234968667174,Safe
F,F_W320,801,803,41.52472133333333,40.294474582834,30.971206874271832,Safe
F,F_W321,803,805,41.640311298245614,40.341253358134296,32.70351430599033,Safe
F,F_W322,806,808,38.93532196114665,38.33581816047569,15.092383885554971,Safe
F,F_W323,808,810,38.455921598506066,39.19922111828662,18.712411300681598,Safe
F,F_W324,811,813,38.701411422997694,38.57516649675405,3.178189843567636,Safe
F,F_W325,813,815,37.55135195604395,37.644119176692705,2.33539554621673,Safe
F,F_W326,816,818,37.51013343133195,37.36542974028008,3.6428854205217553,Safe
F,F_W327,818,820,38.25475858380414,37.88163357125793,9.393344830086786,Safe
F,F_W328,821,823,35.65415871794872,35.62081398133939,0.8394468307081391,Safe
F,F_W329,823,825,39.29587072727273,39.336670629672994,1.0271290838003584,Safe
F,F_W33,83,85,57.38949742028986,57.06252533993283,8.23145433120484,Safe
F,F_W330,826,828,40.20565560436737,39.91708659456395,7.264664992204331,Safe
F,F_W331,828,830,42.338612165003326,41.432098739766076,22.82128753108448,Safe
F,F_W332,831,833,46.5054320471581,44.77545681875263,43.551767695842074,Moderate
F,F_W333,833,835,43.45419033333333,42.350250956433655,27.791444931463854,Safe
F,F_W334,836,838,41.384456083694076,40.414478875882175,24.418975099326822,Safe
F,F_W335,838,840,42.60705538562091,41.303416382572735,32.81884161562467,Safe
F,F_W336,841,843,41.908927385202134,40.36295546360497,38.919522596720974,Moderate
F,F_W337,843,845,41.092092945273635,40.20311841684351,22.379749440340095,Safe
F,F_W338,846,848,39.90628454728776,38.280540058557094,40.927780434899105,Moderate
F,F_W339,848,850,39.97962578328742,40.20311841684351,5.626380712594523,Safe
F,F_W34,86,88,46.54619551044277,46.10505057215333,11.105732357963701,Safe
F,F_W340,851,853,36.8119718762196,36.50337215613242,7.7689339705901705,Safe
F,F_W341,853,855,38.87973653658537,39.336670629672994,11.50322105641058,Safe
F,F_W342,856,858,44.6824530867329,43.558968877671795,28.283482028858227,Safe
F,F_W343,858,860,44.36614912994351,43.685525863550694,17.134549616439653,Safe
F,F_W344,861,863,37.47586141880342,37.38285257741768,2.341478298174641,Safe
F,F_W345,863,865,40.3362514920635,40.6017305386857,6.683379956405901,Safe
F,F_W346,866,868,44.65062028814461,43.26839680245791,34.797189672969715,Moderate
F,F_W347,868,870,41.900975333333335,42.97360651864611,27.003267699454327,Safe
F,F_W348,871,873,42.75034921447029,42.057295718848465,17.447478060095424,Safe
F,F_W349,873,875,40.698795988455984,40.96302064848302,6.651801033946976,Safe
F,F_W35,88,90,41.90647657142857,42.54297849353605,16.023803921823916,Safe
F,F_W350,876,878,40.31401338971808,40.07896096057178,5.917396169862215,Safe
F,F_W351,878,880,35.45508338971808,36.744327798633606,32.45646069279564,Safe
F,F_W352,881,883,37.51229363522013,35.312611158358635,55.376550290367966,Moderate
F,F_W353,883,885,35.84395316789517,34.743331084572915,27.70793275343356,Safe
F,F_W354,886,888,43.326958375699434,42.603570882749345,18.211130153625383,Safe
F,F_W355,888,890,43.35833246327684,41.31191902475584,51.51803402772591,Moderate
F,F_W356,891,893,40.208847555555565,39.81841287403834,9.82911215758342,Safe
F,F_W357,893,895,35.50359286486487,35.387891419169705,2.9127599067608743,Safe
F,F_W358,896,898,41.30204659498208,42.98222196856388,42.29806667576075,Moderate
F,F_W359,898,900,38.738321961146646,40.26884925348969,38.53070725741476,Moderate
F,F_W36,91,93,37.26504885990338,40.01737666206847,69.28928177381206,Dangerous
F,F_W360,901,903,39.59280205638475,41.03844683753423,36.39380763697967,Moderate
F,F_W361,903,905,42.3978939047619,42.84007815039327,11.13189670481501,Safe
F,F_W362,906,908,38.81281851587302,39.58328965287493,19.396451130682834,Safe
F,F_W363,908,910,38.01139150326797,38.18393073538511,4.343639395640735,Safe
F,F_W364,911,913,37.10023267505241,37.28402287834377,4.626880262265112,Safe
F,F_W365,913,915,38.38620430236794,39.22487074610176,21.11325383858748,Safe
F,F_W366,916,918,40.756498,40.80999362377482,1.3467412371751848,Safe
F,F_W367,918,920,39.58717349019608,40.22846340018897,16.144340524136013,Safe
F,F_W368,921,923,43.48380828384688,43.3631604006774,3.0372854446217237,Safe
F,F_W369,923,925,41.83545912182062,42.06142361454664,5.688609254701939,Safe
F,F_W37,93,95,40.571136666666675,40.22408351128183,8.736991231580229,Safe
F,F_W370,926,928,39.22284560568087,39.5378153565299,7.929298174308383,Safe
F,F_W371,928,930,41.38411002129703,40.80675338699026,14.534833564153447,Safe
F,F_W372,931,933,39.52226616311047,38.34784410032118,29.565831935417,Safe
F,F_W373,933,935,39.461878500506586,38.57465266203597,22.33572653316879,Safe
F,F_W374,936,938,37.113408,37.959432926642314,21.298502120159828,Safe
F,F_W375,938,940,40.93226539495798,41.025899852069756,2.35722804436744,Safe
F,F_W376,941,943,39.77226018181818,39.48626128653399,7.199962892049759,Safe
F,F_W377,943,945,41.36898608369408,40.61946076727611,18.86914444022153,Safe
F,F_W378,946,948,37.847894799160436,38.531752302043564,17.21597084952252,Safe
F,F_W379,948,950,40.13364237569944,40.32823363990112,4.898794731276713,Safe
F,F_W38,96,98,39.347000628753285,39.04497848451229,7.603344862404532,Safe
F,F_W380,951,953,38.4300926399647,37.84734480084473,14.670556027556184,Safe
F,F_W381,953,955,39.025069869918696,39.67172474167705,16.27940232425323,Safe
F,F_W382,956,958,35.39460761403509,35.62968049233074,5.917910972957423,Safe
F,F_W383,958,960,37.51814117390117,37.616019753602984,2.4640729506291095,Safe
F,F_W384,961,963,39.64626181434313,39.788195144029366,3.5731421475265432,Safe
F,F_W385,963,965,40.819410207307975,41.249539252083046,10.828409522686968,Safe
F,F_W386,966,968,40.97723212698413,41.34917199943382,9.363509173874464,Safe
F,F_W387,968,970,35.275917389718074,36.012101258824444,18.533276270261194,Safe
F,F_W388,971,973,36.25581941414141,35.854436092224766,10.104741909635036,Safe
F,F_W389,973,975,37.473948852130334,36.99349154535953,12.095413083769053,Safe
F,F_W39,98,100,45.37961633455433,45.83126413102282,11.370139635042491,Safe
F,F_W390,976,978,38.5251055653884,38.12610343453638,10.044795918280169,Safe
F,F_W391,978,980,37.64894660317461,36.96794705155228,17.14402251907669,Safe
F,F_W392,981,983,37.775126198198194,37.384704951307846,9.82877394363716,Safe
F,F_W393,983,985,35.63767819323671,35.605581139241714,0.8080366795768382,Safe
F,F_W394,986,988,39.837337401709405,39.563579880185586,6.891788845661116,Safe
F,F_W395,988,990,41.13660738971808,40.24046521772054,22.56019338106768,Safe
F,F_W396,991,993,40.02465159850607,39.7757503605344,6.26603706073922,Safe
F,F_W397,993,995,38.88796620712985,39.18250868340396,7.415045772112936,Safe
F,F_W398,996,998,41.402323492063495,41.02890327124397,9.40077663716135,Safe
F,F_W399,998,1000,38.67210244444445,39.253679004007935,14.64106930756555,Safe
F,F_W4,11,13,494.59478132482724,485.60651865253254,100.0,Dangerous
F,F_W40,101,103,47.74125744147356,47.344322323539494,9.992759296628625,Safe
F,F_W400,1001,1003,41.381761026582524,42.151211760837874,19.370762703100304,Safe
F,F_W401,1003,1005,42.041365647058825,42.02076004926396,0.5187416522853596,Safe
F,F_W402,1006,1008,45.25676337133302,44.637187986720036,15.597681849813375,Safe
F,F_W403,1008,1010,38.80796142299769,38.58188726950638,5.691369941731921,Safe
F,F_W404,1011,1013,35.66323866666667,36.39816161414769,18.50153282977238,Safe
F,F_W405,1013,1015,40.56292798845599,41.12485585858644,14.146417624891484,Safe
F,F_W406,1016,1018,39.00595620712984,37.623053792725216,34.8142815626798,Moderate
F,F_W407,1018,1020,41.01413796491228,39.33303885360149,42.32132158156782,Moderate
F,F_W408,1021,1023,34.3792698699187,34.702533776227064,8.138101818353023,Safe
F,F_W409,1023,1025,35.20628073504274,35.1436181101886,1.5775185887341634,Safe
F,F_W41,103,105,48.82336556381822,49.31657295778373,12.416393885394328,Safe
F,F_W410,1026,1028,40.52841276630714,37.949747455179875,64.91736456773062,Moderate
F,F_W411,1028,1030,39.9354554920635,40.593835437931816,16.57457863398815,Safe
F,F_W412,1031,1033,39.9248333129308,39.57263665054525,8.866477953909389,Safe
F,F_W413,1033,1035,35.99666199999999,36.70681227041295,17.87788582075314,Safe
F,F_W414,1036,1038,42.8866535653884,41.539726238948106,33.908616181965556,Moderate
F,F_W415,1038,1040,43.25556642972774,44.72270551769492,36.934922354656976,Moderate
F,F_W416,1041,1043,49.676092,50.889412031749025,30.545080239183758,Safe
F,F_W417,1043,1045,50.159533384615386,52.097155750610355,48.77924133275633,Moderate
F,F_W418,1046,1048,48.86519361403509,50.88904828132651,50.95012163917685,Moderate
F,F_W419,1048,1050,40.30440796767369,41.51602420020992,30.502187447253704,Safe
F,F_W42,106,108,140.81989287179488,141.47736026093074,16.55160520745073,Safe
F,F_W420,1051,1053,71.7672650055371,71.02859256159259,18.59592562585009,Safe
F,F_W421,1053,1055,59.68837269841269,60.719630748260094,25.96170759208954,Safe
F,F_W422,1056,1058,42.52004323809524,42.72495338437727,5.15857044821477,Safe
F,F_W423,1058,1060,47.07086255495409,45.33406439392905,43.72353360992734,Moderate
F,F_W424,1061,1063,53.424333717767944,51.56401259824118,46.83319847994322,Moderate
F,F_W425,1063,1065,49.814667491482325,49.166796966730566,16.310006136318318,Safe
F,F_W426,1066,1068,39.2713098762196,40.497579732436435,30.87108938524757,Safe
F,F_W427,1068,1070,37.97786828860029,37.50362790557561,11.93890331742778,Safe
F,F_W428,1071,1073,47.135873077115356,47.67722778337414,13.628492489897969,Safe
F,F_W429,1073,1075,40.084853422997696,39.6948518050679,9.818209871557828,Safe
F,F_W43,108,110,551.0829487765567,546.9598865753304,100.0,Dangerous
F,F_W430,1076,1078,50.86088050050659,52.15404002606057,32.55502294243963,Safe
F,F_W431,1078,1080,42.10155548207348,41.68230495451188,10.554545107302848,Safe
F,F_W432,1081,1083,41.53083365905631,40.318832263166975,30.51188385481151,Safe
F,F_W433,1083,1085,40.83067500115631,40.4601386887157,9.328174841648616,Safe
F,F_W434,1086,1088,39.1337073136934,39.37544325405525,6.085652179007747,Safe
F,F_W435,1088,1090,39.39771048856605,38.63207957709121,19.274599456572457,Safe
F,F_W436,1091,1093,45.34497611764706,44.82522658641501,13.084586688044396,Safe
F,F_W437,1093,1095,44.77896042979243,44.34753328723333,10.861088865262504,Safe
F,F_W438,1096,1098,39.18053630236794,39.376570327148706,4.935115929724617,Safe
F,F_W439,1098,1100,34.81284473504274,34.66048522926706,3.835618968897974,Safe
F,F_W44,111,113,267.9296931299435,268.3878588152131,11.534226134244514,Safe
F,F_W440,1101,1103,38.436354302367945,38.67120538034373,5.912327195890989,Safe
F,F_W441,1103,1105,38.241705481822834,37.59707750384669,16.228375693525948,Safe
F,F_W442,1106,1108,38.26920159850607,37.98523992351728,7.148676293494089,Safe
F,F_W443,1108,1110,34.06666093183941,34.69366016205993,15.784575623782096,Safe
F,F_W444,1111,1113,35.92780071794871,35.75484408277358,4.354147431084729,Safe
F,F_W445,1113,1115,39.80718156381822,40.26884925348969,11.622388368982769,Safe
F,F_W446,1116,1118,37.18657343133195,38.44157033298017,31.594286797946115,Safe
F,F_W447,1118,1120,36.9889166031746,37.36588654538989,9.490140137328789,Safe
F,F_W448,1121,1123,37.179597431331956,37.34985516525679,4.286203151677135,Safe
F,F_W449,1123,1125,41.78442163522013,41.30475057138264,12.075619580936165,Safe
F,F_W45,113,115,78.86802057710365,75.37007651852086,88.060016439,Dangerous
F,F_W450,1126,1128,38.862481422997696,38.62104243422021,6.078176484439051,Safe
F,F_W451,1128,1130,38.21041914285715,38.705680990014876,12.468114318554594,Safe
F,F_W452,1131,1133,36.35944565761757,36.685681582029744,8.212921757921949,Safe
F,F_W453,1133,1135,36.621721904761905,36.99863768695912,9.488776670102885,Safe
F,F_W454,1136,1138,38.29775244134727,38.10264740606475,4.9117288117156575,Safe
F,F_W455,1138,1140,37.495582852130326,36.919661473407274,14.498701302407687,Safe
F,F_W456,1141,1143,40.396540571428574,40.11157329431016,7.1739921186136595,Safe
F,F_W457,1143,1145,38.925973961146646,38.57516649675405,8.831505182461935,Safe
F,F_W458,1146,1148,37.70550350326798,38.34253893322802,16.037234871399004,Safe
F,F_W459,1148,1150,38.68317251587301,39.593509014755874,22.917532617467188,Safe
F,F_W46,116,118,68.88588454596729,68.21288803915962,16.942547525154993,Safe
F,F_W460,1151,1153,38.44920448856605,38.88612130176353,10.999290185399268,Safe
F,F_W461,1153,1155,40.09895330647131,39.512812369828495,14.75597655419605,Safe
F,F_W462,1156,1158,39.4526214017094,39.5378153565299,2.144740149170915,Safe
F,F_W463,1158,1160,36.2152218762196,36.64154762619534,10.73266236465857,Safe
F,F_W464,1161,1163,35.77843199023199,36.36705327775652,14.818418873387145,Safe
F,F_W465,1163,1165,36.8933318762196,36.984571721572905,2.2969441898276965,Safe
F,F_W466,1166,1168,38.85964751044277,38.775095819773604,2.128571282323082,Safe
F,F_W467,1168,1170,37.5319355653884,37.891071390468525,9.041169936034583,Safe
F,F_W468,1171,1173,37.274192487137384,37.59707750384669,8.128563351252755,Safe
F,F_W469,1173,1175,36.60412828860029,36.685681582029744,2.053087253477032,Safe
F,F_W47,118,120,113.82381611764706,109.76718783066428,100.0,Dangerous
F,F_W470,1176,1178,37.105289971457694,37.28346585362381,4.485540891965674,Safe
F,F_W471,1178,1180,37.30788848713739,38.419262857666716,27.97861935457805,Safe
F,F_W472,1181,1183,36.240409904761904,36.588963374790474,8.774761341672809,Safe
F,F_W473,1183,1185,38.84274917235346,39.450280352559446,15.29447150101649,Safe
F,F_W474,1186,1188,38.092958207129854,39.601469431969804,37.97645732266017,Moderate
F,F_W475,1188,1190,41.11702612698413,41.59694241385659,12.081793019999028,Safe
F,F_W476,1191,1193,34.884382638124364,35.305232452507774,10.594806821458484,Safe
F,F_W477,1193,1195,37.226976383838384,37.952022005480146,18.25287319965508,Safe
F,F_W478,1196,1198,40.9558582066487,41.04486532094118,2.2407356482879766,Safe
F,F_W479,1198,1200,38.56208533333334,38.171407258654384,9.835239529966822,Safe
F,F_W48,121,123,100.90864691571652,102.35799079628482,36.48693169790681,Moderate
F,F_W480,1201,1203,35.05706486486487,35.5102137066612,11.407928139955972,Safe
F,F_W481,1203,1205,43.1300575031211,44.378514217990514,31.429638951779815,Safe
F,F_W482,1206,1208,41.554926083694085,41.295019407426295,6.543096688064338,Safe
F,F_W483,1208,1210,41.25318408369409,41.249539252083046,0.09175788011763937,Safe
F,F_W484,1211,1213,41.464369394957984,41.83764787002344,9.397208217191045,Safe
F,F_W485,1213,1215,41.72000552657005,42.95106823849037,30.99174853387033,Safe
F,F_W486,1216,1218,41.992919904761905,42.299442031801306,7.7166309963638895,Safe
F,F_W487,1218,1220,41.30776287179487,41.06182909292513,6.1913318930975745,Safe
F,F_W488,1221,1223,42.05521338520214,43.3631604006774,32.92729493528769,Safe
F,F_W489,1223,1225,41.88676436106695,41.818986120954314,1.7063031422359491,Safe
F,F_W49,123,125,204.40156912668084,203.91411384569912,12.271585633624763,Safe
F,F_W490,1226,1228,42.68066284848484,42.820415215866866,3.5182368737012353,Safe
F,F_W491,1228,1230,39.616815372919476,39.1148172413953,12.637698880832424,Safe
F,F_W492,1231,1233,39.505143238095236,38.7149392491953,19.89322158596354,Safe
F,F_W493,1233,1235,40.779334666666664,39.51540998199196,31.819041884622578,Safe
F,F_W494,1236,1238,40.250238559732665,39.766779682999605,12.170976985247323,Safe
F,F_W495,1238,1240,38.63888157706093,39.22487074610176,14.752155836282373,Safe
F,F_W496,1241,1243,36.89813727777778,36.18444568705707,17.96703782527174,Safe
F,F_W497,1243,1245,38.195748515873014,38.08842349249688,2.701885211579851,Safe
F,F_W498,1246,1248,39.519650915716525,39.42954566866116,2.268380912915495,Safe
F,F_W499,1248,1250,40.19025210399562,38.745886355516134,36.3616082546969,Moderate
F,F_W5,13,15,633.7694662544887,639.3159625199601,100.0,Dangerous
F,F_W50,126,128,93.95831999671593,93.45335524292038,12.712382981438436,Safe
F,F_W500,1251,1253,39.61251510077519,39.471005096084134,3.5624850285416545,Safe
F,F_W501,1253,1255,36.140468,37.212502624873274,26.988249414076066,Safe
F,F_W502,1256,1258,38.38379682352941,37.38933393453147,25.035397046519435,Safe
F,F_W503,1258,1260,39.274632826792256,39.799827138737854,13.221657913630692,Safe
F,F_W504,1261,1263,34.077194666666664,34.15678841296254,2.0037560606661957,Safe
F,F_W505,1263,1265,38.919770945660986,39.075016770875315,3.908281462339579,Safe
F,F_W506,1266,1268,38.73382595604396,37.65062180941236,27.269439808542373,Safe
F,F_W507,1268,1270,40.32954810896611,41.12485585858644,20.02170770392645,Safe
F,F_W508,1271,1273,37.868278723051404,38.89997210694757,25.972667036508557,Safe
F,F_W509,1273,1275,38.54726738461539,39.72100068725038,29.548492541334603,Safe
F,F_W51,128,130,52.65899432323233,51.66031094210823,25.141647060752305,Safe
F,F_W510,1276,1278,36.171905250470815,36.73835277400184,14.260198962181974,Safe
F,F_W511,1278,1280,34.50184963570128,34.8718806910222,9.315455098416548,Safe
F,F_W512,1281,1283,35.10262843410853,35.0777480688116,0.6263580378537177,Safe
F,F_W513,1283,1285,36.4715082437276,37.091967182743666,15.619925148721833,Safe
F,F_W514,1286,1288,34.873741020979026,34.68031495538516,4.8694610979079584,Safe
F,F_W515,1288,1290,35.420908793650796,36.23646065753843,20.53134908335253,Safe
F,F_W516,1291,1293,35.334061365079364,35.62968049233074,7.442150237241431,Safe
F,F_W517,1293,1295,37.50443532905983,38.35233038685012,21.34558228407201,Safe
F,F_W518,1296,1298,39.86043246594982,39.052742009564525,20.333439779402664,Safe
F,F_W519,1298,1300,41.07411602129703,40.18489484473087,22.385958756026703,Safe
F,F_W52,131,133,130.46156357731158,129.5212731780884,23.671615848132056,Safe
F,F_W520,1301,1303,39.424656915716525,38.55807310247958,21.816067827664025,Safe
F,F_W521,1303,1305,38.06621883191516,37.8886765723031,4.469589575537584,Safe
F,F_W522,1306,1308,38.074811563941296,38.0734517394641,0.03423329927830853,Safe
F,F_W523,1308,1310,39.36545441545894,38.429154954070555,23.571144815590188,Safe
F,F_W524,1311,1313,40.22053254728776,38.73132069740461,37.490599559501156,Moderate
F,F_W525,1313,1315,39.82910949148233,38.53634147605323,32.54516675621823,Safe
F,F_W526,1316,1318,40.02118756341835,39.42703214757241,14.95773940647656,Safe
F,F_W527,1318,1320,37.76255483191515,37.61154916634842,3.801536322332281,Safe
F,F_W528,1321,1323,37.746076207129846,37.74355232248506,0.06353827265041843,Safe
F,F_W529,1323,1325,37.5120546984127,38.026947026133854,12.962307596711636,Safe
F,F_W53,133,135,145.58654411206987,147.20123437063924,40.6494924824843,Moderate
F,F_W530,1326,1328,37.925418582375485,37.98523992351728,1.5059898603648627,Safe
F,F_W531,1328,1330,41.57747789984351,40.351257943035435,30.86983317797765,Safe
F,F_W532,1331,1333,40.564541420289856,40.332750440537424,5.83528985757449,Safe
F,F_W533,1333,1335,40.670077425474254,40.21498163978232,11.456942048863976,Safe
F,F_W534,1336,1338,37.758256479532164,37.68629950625773,1.8115018831989076,Safe
F,F_W535,1338,1340,42.92819804860636,41.78384362956432,28.80888523806537,Safe
F,F_W536,1341,1343,41.77476803027176,40.20290952208206,39.57121204706963,Moderate
F,F_W537,1343,1345,38.43971830236794,39.082646527075994,16.185584757415022,Safe
F,F_W538,1346,1348,40.30630725763794,40.32272846186674,0.4134004118184934,Safe
F,F_W539,1348,1350,37.75063195604396,37.431579581645124,8.032077375716144,Safe
F,F_W54,136,138,53.57830323809523,51.88367703303662,42.66186336206942,Moderate
F,F_W540,1351,1353,38.028728198198195,37.55572966043575,11.907640120425292,Safe
F,F_W541,1353,1355,39.710672280461345,38.52842884562821,29.762733354999842,Safe
F,F_W542,1356,1358,37.81032094736842,37.90750082891714,2.446483369487462,Safe
F,F_W543,1358,1360,40.03962360568087,39.69290788283826,8.728496437290124,Safe
F,F_W544,1361,1363,38.22378959850607,37.98523992351728,6.005438608855992,Safe
F,F_W545,1363,1365,40.083550375699446,39.32983428527773,18.97464630688418,Safe
F,F_W546,1366,1368,39.02882723809524,39.35847649839979,8.29885178131866,Safe
F,F_W547,1368,1370,38.55535289439853,39.32983428527773,19.497408440589375,Safe
F,F_W548,1371,1373,40.04746542547425,40.09874142890021,1.290862755091002,Safe
F,F_W549,1373,1375,41.58004882352941,40.92044761038189,16.605323784534164,Safe
F,F_W55,138,140,73.84972885213033,72.626615082948,30.791635548511465,Safe
F,F_W550,1376,1378,41.675628,42.09735863869409,10.616981390856692,Safe
F,F_W551,1378,1380,43.11649007375581,41.66891901889329,36.4423011783272,Moderate
F,F_W552,1381,1383,39.835271401709406,40.540594001455304,17.75635021264076,Safe
F,F_W553,1383,1385,41.52105173417433,41.421643638045786,2.5025782095542652,Safe
F,F_W554,1386,1388,40.4376913292162,38.61592108159569,45.86268827253361,Moderate
F,F_W555,1388,1390,39.888726663324974,38.744067828626775,28.816548839094086,Safe
F,F_W556,1391,1393,39.47006159850608,39.51662801930944,1.1722999890142771,Safe
F,F_W557,1393,1395,43.07627016911648,41.47529411191445,40.30424030645476,Moderate
F,F_W558,1396,1398,37.879326582375484,37.82629285269343,1.3351131491552468,Safe
F,F_W559,1398,1400,39.503022940170936,38.429154954070555,27.034403902853978,Safe
F,F_W56,141,143,149.1329474017094,148.8342879389755,7.518690052654882,Safe
F,F_W560,1401,1403,38.369138441347275,38.442754738160545,1.8532750092582577,Safe
F,F_W561,1403,1405,37.4161881981982,37.79834267029454,9.620659602165125,Safe
F,F_W562,1406,1408,40.06170473504274,39.86193248570897,5.02922495779283,Safe
F,F_W563,1408,1410,38.50122514285714,38.597816397161445,2.4316648006506796,Safe
F,F_W564,1411,1413,42.57650929824562,42.98222196856388,10.213732358033045,Safe
F,F_W565,1413,1415,38.36258428070175,39.748037986827924,34.87850980280522,Moderate
F,F_W566,1416,1418,38.609230931839406,38.472599148186504,3.439676825317554,Safe
F,F_W567,1418,1420,36.64814583902012,37.131543432346895,12.169434188200185,Safe
F,F_W568,1421,1423,34.84896843410853,35.02686224150751,4.478439718186182,Safe
F,F_W569,1423,1425,33.59962991570881,34.213956049359275,15.465533045169735,Safe
F,F_W57,143,145,123.56874959850609,125.33208404167158,44.391579010992025,Moderate
F,F_W570,1426,1428,31.67295222222222,32.54434306819328,21.937083880093507,Safe
F,F_W571,1428,1430,36.82869583902013,35.673287910684145,29.087155042793967,Safe
F,F_W572,1431,1433,40.99910357731157,39.840668938935586,29.163351840517144,Safe
F,F_W573,1433,1435,38.08440048856605,37.55934603806182,13.218136930841986,Safe
F,F_W574,1436,1438,39.64501133333334,39.90365783481668,6.511372049140257,Safe
F,F_W575,1438,1440,38.96915348182284,39.26866623101814,7.540171362407009,Safe
F,F_W576,1441,1443,38.46983858380415,39.19288712626916,18.20259714543896,Safe
F,F_W577,1443,1445,33.41729191570881,33.54623903578683,3.246217013096855,Safe
F,F_W578,1446,1448,36.18842353256705,35.042383689970706,28.85131542660276,Safe
F,F_W579,1448,1450,39.90026410896611,38.55807310247958,33.78938030912034,Moderate
F,F_W58,146,148,150.45747776254362,148.53260200344639,48.45834814688564,Moderate
F,F_W580,1451,1453,35.43101736507937,35.48475770621732,1.3529019460542624,Safe
F,F_W581,1453,1455,36.712319470150305,37.29848134108418,14.756503570633084,Safe
F,F_W582,1456,1458,34.03057963570127,34.83284208879267,20.19679092187763,Safe
F,F_W583,1458,1460,36.61613583902012,37.189587758212845,14.43653317072981,Safe
F,F_W584,1461,1463,38.2777730055371,38.33459337920094,1.4304411263040802,Safe
F,F_W585,1463,1465,33.41914991570881,33.589214945890284,4.281351874891732,Safe
F,F_W586,1466,1468,35.716650142050426,35.816288614430114,2.5083778839124906,Safe
F,F_W587,1468,1470,35.48585736323008,36.23646065753843,18.89628231011239,Safe
F,F_W588,1471,1473,33.23475089872173,34.24436600233103,25.416850907821146,Safe
F,F_W589,1473,1475,37.423071890302175,38.31590525828638,22.476894926052967,Safe
F,F_W59,148,150,125.5581753856209,122.43237100337247,78.6914772437549,Dangerous
F,F_W590,1476,1478,35.81693826517273,35.652618460320944,4.136717018385979,Safe
F,F_W591,1478,1480,35.29199736507937,35.340511866958565,1.2213425261989088,Safe
F,F_W592,1481,1483,35.963557657617564,36.59781019000043,15.967176001877364,Safe
F,F_W593,1483,1485,33.7286709318394,34.25379304358417,13.219840288544132,Safe
F,F_W594,1486,1488,33.931068227731856,33.88574591202692,1.1409799011043262,Safe
F,F_W595,1488,1490,36.405355203252036,37.12978312077809,18.237322626612066,Safe
F,F_W596,1491,1493,35.09370656820304,35.17717694025715,2.1013493103809964,Safe
F,F_W597,1493,1495,34.05686535353536,34.99695105602415,23.666462650283904,Safe
F,F_W598,1496,1498,38.753065077115366,38.55858161591153,4.896080813156957,Safe
F,F_W599,1498,1500,39.44477661111111,39.217692268401876,5.7168012458485356,Safe
F,F_W6,16,18,496.98933389125295,489.50130828595826,100.0,Dangerous
F,F_W60,151,153,141.6762396043674,141.81548345406387,3.505435046399439,Safe
F,F_W600,1501,1503,36.7760799047619,36.958142182094285,4.5833800845023225,Safe
F,F_W601,1503,1505,38.226786947368424,38.42621006288943,5.020435586443174,Safe
F,F_W602,1506,1508,41.378785366621685,40.169419621812594,30.445531885321163,Safe
F,F_W603,1508,1510,35.81547524904215,35.75484408277358,1.5263770400288572,Safe
F,F_W604,1511,1513,38.580723077115366,38.15306023925733,10.766323274874292,Safe
F,F_W605,1513,1515,37.89851658237548,37.98523992351728,2.183242132718924,Safe
F,F_W606,1516,1518,37.710601503267974,37.90288127424578,4.840603368612144,Safe
F,F_W607,1518,1520,39.70168806535948,40.3163055424785,15.472867556585927,Safe
F,F_W608,1521,1523,41.2573347364319,43.051876994094975,45.177229270589365,Moderate
F,F_W609,1523,1525,41.57042722389726,41.66536273244211,2.3899817444454627,Safe
F,F_W61,153,155,119.94522549206351,118.9326638824036,25.49102858674026,Safe
F,F_W610,1526,1528,41.1249007364319,41.09046847195629,0.8668251192622634,Safe
F,F_W611,1528,1530,42.98264989125295,42.83639818532521,3.6818563740686128,Safe
F,F_W612,1531,1533,39.99045390476191,40.059379215157364,1.7351803987815173,Safe
F,F_W613,1533,1535,44.048683238615666,42.012066442347106,51.27140559017841,Moderate
F,F_W614,1536,1538,39.246275396825396,40.937848015380354,42.5849899549462,Moderate
F,F_W615,1538,1540,32.72697371717172,32.66154352980812,1.6471914011053448,Safe
F,F_W616,1541,1543,33.7261609318394,35.042383689970706,33.135635040827,Moderate
F,F_W617,1543,1545,38.64984463203463,38.64449151387948,0.134763639683058,Safe
F,F_W618,1546,1548,36.26156234428795,34.99774015706041,31.816461532641178,Safe
F,F_W619,1548,1550,37.40238806837607,37.18141836758024,5.56286640343962,Safe
F,F_W62,156,158,139.2056428515691,145.110294691651,100.0,Dangerous
F,F_W620,1551,1553,40.25195211206989,40.373359626137585,3.0564089949886752,Safe
F,F_W621,1553,1555,41.47536412698413,42.02049223336461,13.723487055614772,Safe
F,F_W622,1556,1558,35.89424936323008,36.23646065753843,8.615098382852382,Safe
F,F_W623,1558,1560,40.23845427899432,40.63931559327506,10.09160047562995,Safe
F,F_W624,1561,1563,39.9719153292162,40.3151260148735,8.64025785285632,Safe
F,F_W625,1563,1565,42.22164755555555,41.35740575961259,21.75710802786317,Safe
F,F_W626,1566,1568,38.890999970121385,38.613259302361115,6.992063726329982,Safe
F,F_W627,1568,1570,38.37912087087087,37.15315241395433,30.86350172035229,Safe
F,F_W628,1571,1573,35.56455170903278,36.95732828890626,35.06286163112759,Moderate
F,F_W629,1573,1575,39.37069691571652,39.42954566866116,1.4815051541502782,Safe
F,F_W63,158,160,113.10784163570128,118.09747767201567,100.0,Dangerous
F,F_W630,1576,1578,31.212445941043082,32.197267039717076,24.792666974166064,Safe
F,F_W631,1578,1580,34.34477134171908,35.26910819646161,23.269988673512128,Safe
F,F_W632,1581,1583,34.12452766810967,34.46410724155599,8.548845355790865,Safe
F,F_W633,1583,1585,38.922952910394265,39.70573954871862,19.706491323077458,Safe
F,F_W634,1586,1588,38.18218851587302,38.40402325429682,5.5846435463737,Safe
F,F_W635,1588,1590,38.248110515873016,38.37433897728473,3.1777753448374892,Safe
F,F_W636,1591,1593,38.099041077115366,38.40402325429682,7.677863077970924,Safe
F,F_W637,1593,1595,42.231339298245615,42.98222196856388,18.903315543238378,Safe
F,F_W638,1596,1598,40.623675001156315,40.31957018016037,7.655775817904867,Safe
F,F_W639,1598,1600,37.32353116239316,38.47180889737371,28.907653903388447,Safe
F,F_W64,161,163,139.1268182277318,146.4118104121785,100.0,Dangerous
F,F_W640,1601,1603,38.899256632034636,39.842739454597165,23.751984443808414,Safe
F,F_W641,1603,1605,41.241785762543614,40.499822168893466,18.67877963732882,Safe
F,F_W642,1606,1608,38.166634799160434,37.425383463134494,18.660848699313192,Safe
F,F_W643,1608,1610,40.10521072727273,39.877266754447355,5.738442255793482,Safe
F,F_W644,1611,1613,42.330756398091346,41.522339406661615,20.35173014851235,Safe
F,F_W645,1613,1615,41.228150199233724,40.97053497349831,6.485409896002863,Safe
F,F_W646,1616,1618,40.043204278994324,40.16648564881654,3.103582925098352,Safe
F,F_W647,1618,1620,37.25731739393939,37.41605727962132,3.9962437101808397,Safe
F,F_W648,1621,1623,38.58321130647131,38.43385274271371,3.760070875784291,Safe
F,F_W649,1623,1625,38.37151914285714,37.59707750384669,19.496407695535485,Safe
F,F_W65,163,165,115.23569223205503,118.2007256959304,74.64410270667301,Dangerous
F,F_W650,1626,1628,37.33058048856605,37.40604720379993,1.8998589093461031,Safe
F,F_W651,1628,1630,40.83406349019608,41.41603615419934,14.651041154711692,Safe
F,F_W652,1631,1633,40.409460499743986,42.16765604867054,44.26220841398407,Moderate
F,F_W653,1633,1635,39.048869401709396,39.351260514719996,7.612633574680339,Safe
F,F_W654,1636,1638,40.702299999999994,41.56711731403861,21.77159657659804,Safe
F,F_W655,1638,1640,41.03163541991342,42.01186112989996,24.676979016730694,Safe
F,F_W656,1641,1643,39.830106013605445,41.12485585858644,32.595058904290624,Safe
F,F_W657,1643,1645,38.120273481822835,38.41242651327145,7.354891994039496,Safe
F,F_W658,1646,1648,37.949042761904764,38.33930893215483,9.82486992137039,Safe
F,F_W659,1648,1650,39.39268850050659,39.58502646959666,4.842068494022227,Safe
F,F_W66,166,168,146.97949729038282,148.20649886501099,30.88951024454397,Safe
F,F_W660,1651,1653,36.991016383838385,37.435002074274344,11.177247704273409,Safe
F,F_W661,1653,1655,31.544003941043083,32.54885153309358,25.296829792786184,Safe
F,F_W662,1656,1658,35.060158060606064,35.32506014927551,6.668855159567041,Safe
F,F_W663,1658,1660,36.83021828860029,36.95992804254917,3.2654161626772344,Safe
F,F_W664,1661,1663,38.837453577060934,39.253679004007935,10.47838882653052,Safe
F,F_W665,1663,1665,38.39515914285714,38.04857741464557,8.72512315023501,Safe
F,F_W666,1666,1668,39.061023577060936,39.29206328800806,5.8163768211628994,Safe
F,F_W667,1668,1670,37.77074723809524,37.458539035467126,7.859776770404177,Safe
F,F_W668,1671,1673,35.66155247080438,36.54611798124873,22.26875332667873,Safe
F,F_W669,1673,1675,35.96696192907802,36.30194603312171,8.433155366367611,Safe
F,F_W67,168,170,127.00106248856603,128.00686964513778,25.32098663066018,Safe
F,F_W670,1676,1678,33.35576028070175,34.88405123543192,38.47440792167496,Moderate
F,F_W671,1678,1680,35.65372475362319,36.162015792284535,12.79612151328957,Safe
F,F_W672,1681,1683,37.1922554701503,36.633687041907145,14.061844371898644,Safe
F,F_W673,1683,1685,38.61629830236795,37.999844369318225,15.51909995388518,Safe
F,F_W674,1686,1688,38.822331635701275,39.70017913249415,22.099628725862285,Safe
F,F_W675,1688,1690,42.15185145697578,40.89672277341079,31.597604380378215,Safe
F,F_W676,1691,1693,35.374196512471656,36.23646065753843,21.70732107708557,Safe
F,F_W677,1693,1695,37.79824858237548,39.01126070199017,30.53732861504182,Safe
F,F_W678,1696,1698,39.401096611111114,39.19922111828662,5.082173676602043,Safe
F,F_W679,1698,1700,38.89759403174603,39.01958388141739,3.071069173073998,Safe
F,F_W68,171,173,481.2970594017095,483.7000993805729,60.4960332407442,Moderate
F,F_W680,1701,1703,38.31043395604396,37.65225221053683,16.569588980988474,Safe
F,F_W681,1703,1705,40.19374173392369,40.29351730784538,2.51182938680685,Safe
F,F_W682,1706,1708,40.17518556341835,39.42703214757241,18.83460712775955,Safe
F,F_W683,1708,1710,40.40752573392368,40.39319510298323,0.36077066272709457,Safe
F,F_W684,1711,1713,38.25635205128205,37.99261571692029,6.639507536569271,Safe
F,F_W685,1713,1715,41.967429121820615,41.43923083627671,13.297282326148244,Safe
F,F_W686,1716,1718,35.21866136507936,35.605581139241714,9.740625093677258,Safe
F,F_W687,1718,1720,37.14909355555555,37.15727061609497,0.20585580371330828,Safe
F,F_W688,1721,1723,40.85487299238965,41.30475057138264,11.325574777119476,Safe
F,F_W689,1723,1725,39.93715237569944,40.593835437931816,16.53185994027158,Safe
F,F_W69,173,175,553.6513826320346,558.818044262661,100.0,Dangerous
F,F_W690,1726,1728,41.473756301886795,41.2151518654529,6.510313070241988,Safe
F,F_W691,1728,1730,38.9930554229977,38.64685434039689,8.715540475904126,Safe
F,F_W692,1731,1733,36.024164190476185,36.24640152176683,5.594778738326212,Safe
F,F_W693,1733,1735,41.39962830188679,40.066187363659395,33.569099154866045,Moderate
F,F_W694,1736,1738,38.90092507711536,39.03971532583852,3.4940157359423996,Safe
F,F_W695,1738,1740,37.94240894736842,38.03432281953686,2.3139126751513333,Safe
F,F_W696,1741,1743,37.46804350326797,38.33459337920094,21.81521346307274,Safe
F,F_W697,1743,1745,44.14309301355014,43.28504064452662,21.60129048843283,Safe
F,F_W698,1746,1748,39.45038712668082,40.6579007838177,30.398905962170307,Safe
F,F_W699,1748,1750,36.45345936507937,35.67167602714743,19.681233443714785,Safe
F,F_W7,18,20,636.2451647364321,639.171141990584,73.66087072448805,Dangerous
F,F_W70,176,178,204.54674742028985,203.21353969028027,33.56322818633392,Moderate
F,F_W700,1751,1753,36.5590938699187,36.47415218082849,2.138389411713653,Safe
F,F_W701,1753,1755,37.72624057142857,39.11591679827449,34.98481088646116,Moderate
F,F_W702,1756,1758,42.24534610896611,41.899683136881904,8.701993655216238,Safe
F,F_W703,1758,1760,40.62689015686274,39.77851210521789,21.357741554220492,Safe
F,F_W704,1761,1763,39.61232909364816,39.54296131305048,1.7463194943840705,Safe
F,F_W705,1763,1765,39.401258377005036,38.584732898468744,20.555859630270987,Safe
F,F_W706,1766,1768,36.383696283337116,36.54611798124873,4.0889325697054355,Safe
F,F_W707,1768,1770,32.611215333333334,33.32102598780163,17.869336059759743,Safe
F,F_W708,1771,1773,35.913464265172735,35.75484408277358,3.9932302048552395,Safe
F,F_W709,1773,1775,39.31526405638475,39.5378153565299,5.602682839142608,Safe
F,F_W71,178,180,59.52438133333334,60.249192060379976,18.246959776924005,Safe
F,F_W710,1776,1778,36.8660674701503,36.685681582029744,4.541177333663657,Safe
F,F_W711,1778,1780,38.47310023618451,38.76218153324986,7.277561717809782,Safe
F,F_W712,1781,1783,40.67873365905632,39.487524878068164,29.988434085649175,Safe
F,F_W713,1783,1785,40.369604666666675,39.71934511979506,16.37014927286493,Safe
F,F_W714,1786,1788,40.13868285156912,39.72100068725038,10.515061887835762,Safe
F,F_W715,1788,1790,38.06279094736842,38.13994024532437,1.9422175805208977,Safe
F,F_W716,1791,1793,36.721948102960106,36.872318475253344,3.785542945888635,Safe
F,F_W717,1793,1795,37.67909094736842,37.70672707231941,0.6957337157873883,Safe
F,F_W718,1796,1798,34.76691273504274,34.238836783260105,13.294202599071832,Safe
F,F_W719,1798,1800,35.042763003663005,36.455260848820565,35.559340395804355,Moderate
F,F_W72,181,183,72.44862293770069,70.71942266957161,43.53225823155791,Moderate
F,F_W720,1801,1803,39.88558719125683,38.695261520599956,29.96620196615625,Safe
F,F_W721,1803,1805,38.29143330479103,38.71355075905369,10.626719392596314,Safe
F,F_W722,1806,1808,37.9089346031746,37.36506189931082,13.691882557542229,Safe
F,F_W723,1808,1810,47.30720323809524,47.64046337217548,8.389754779971936,Safe
F,F_W724,1811,1813,64.99807357731157,64.24143079482114,19.048325172917014,Safe
F,F_W725,1813,1815,43.371668398091344,41.71376722367557,41.73731832991099,Moderate
F,F_W726,1816,1818,38.72261396114665,38.57465266203597,3.724895027995647,Safe
F,F_W727,1818,1820,36.74696491064491,37.06633617332693,8.0401053221295,Safe
F,F_W728,1821,1823,40.89178410814023,39.328915258395895,39.34489925955164,Moderate
F,F_W729,1823,1825,42.85123032323232,41.25743435283694,40.1234831097593,Moderate
F,F_W73,183,185,42.318799306471305,42.672363340208705,8.900901244192273,Safe
F,F_W730,1826,1828,36.48484828860029,36.59781019000043,2.843792447128881,Safe
F,F_W731,1828,1830,38.55635591713748,38.429154954070555,3.202257872376726,Safe
F,F_W732,1831,1833,34.14131666666667,33.842028103955585,7.534527514148048,Safe
F,F_W733,1833,1835,40.31220829526029,40.2355719388656,1.9293043830655312,Safe
F,F_W734,1836,1838,38.51291428070176,38.38293984921967,3.2720793646996573,Safe
F,F_W735,1838,1840,39.94487391713747,39.161331230560464,19.725524681085016,Safe
F,F_W736,1841,1843,40.80288466666667,39.7266039730552,27.095143314214166,Safe
F,F_W737,1843,1845,41.550705333333326,40.07896096057178,37.05085944453229,Moderate
F,F_W738,1846,1848,38.45152854070113,37.972519237948795,12.058959882821833,Safe
F,F_W739,1848,1850,37.60715350326797,38.21066402558458,15.193252272262376,Safe
F,F_W74,186,188,44.15848101587302,43.90622726844478,6.35043579122595,Safe
F,F_W740,1851,1853,35.818252607709745,36.81636114050615,25.127175373287237,Safe
F,F_W741,1853,1855,38.89467209151759,40.075678932879335,29.731602370743033,Safe
F,F_W742,1856,1858,43.345848454106275,43.352177722016854,0.1593380073889241,Safe
F,F_W743,1858,1860,41.73087794655415,42.20736086619885,11.995358711887045,Safe
F,F_W744,1861,1863,38.835747728903335,39.038046055758066,5.092818435646274,Safe
F,F_W745,1863,1865,38.490073422997696,38.685880736934216,4.92940853122516,Safe
F,F_W746,1866,1868,38.908681970121386,37.95242704302742,24.07351952732103,Safe
F,F_W747,1868,1870,36.79599176744186,35.76787543052878,25.88261562034567,Safe
F,F_W748,1871,1873,35.761419929078016,35.43918783320498,8.112126204570966,Safe
F,F_W749,1873,1875,37.01680139393939,36.08568018305935,23.44078343265961,Safe
F,F_W75,188,190,47.36336473129704,46.179430813990166,29.805290900785113,Safe
F,F_W750,1876,1878,37.05719739393939,36.08568018305935,24.4577443572752,Safe
F,F_W751,1878,1880,33.50930738461538,33.76277329375538,6.380951710999461,Safe
F,F_W752,1881,1883,34.22729763570128,34.899461191039656,16.921578144613267,Safe
F,F_W753,1883,1885,34.453585777777775,33.84133200950603,15.413361676428094,Safe
F,F_W754,1886,1888,35.486873612327656,34.899461191039656,14.78798591651915,Safe
F,F_W755,1888,1890,34.176871635701275,34.24566898737745,1.7319590645535177,Safe
F,F_W756,1891,1893,38.23049834920635,38.31863354223485,2.2187852112445072,Safe
F,F_W757,1893,1895,33.832584931839406,33.852916228505926,0.5118361782507375,Safe
F,F_W758,1896,1898,34.653120571428566,34.26093215119083,9.873262166266048,Safe
F,F_W759,1898,1900,36.99393527777778,35.68053138557089,33.06467067562114,Moderate
F,F_W76,191,193,47.812208061783764,45.27453335511279,63.8854345992085,Moderate
F,F_W760,1901,1903,35.37119738971808,34.24597589086677,28.32721793913086,Safe
F,F_W761,1903,1905,35.347296851569126,34.99774015706041,8.800017309959864,Safe
F,F_W762,1906,1908,39.24995772890334,39.42707363238521,4.4588561483573015,Safe
F,F_W763,1908,1910,46.0020511576053,46.13686183391824,3.3938308256078282,Safe
F,F_W764,1911,1913,39.248333396825394,40.30275224353714,26.544775851174556,Safe
F,F_W765,1913,1915,41.41043398830409,41.56305320998569,3.842157262982066,Safe
F,F_W766,1916,1918,42.04676013802622,42.803369327854945,19.04747948462334,Safe
F,F_W767,1918,1920,42.979618169116485,41.95686899920902,25.74749830376489,Safe
F,F_W768,1921,1923,39.99838427899432,40.3163055424785,8.00360189295519,Safe
F,F_W769,1923,1925,40.650696213247485,40.46422564592296,4.694357871074812,Safe
F,F_W77,193,195,45.595863991493886,44.926606978530884,16.848406542932445,Safe
F,F_W770,1926,1928,36.19850356862745,36.81636114050615,15.554436270385356,Safe
F,F_W771,1928,1930,41.36296453256219,40.336998662756955,25.828478056766347,Safe
F,F_W772,1931,1933,42.956615672014266,42.0385982151007,23.11089914338159,Safe
F,F_W773,1933,1935,41.840694031746025,42.97360651864611,28.520836968670576,Safe
F,F_W774,1936,1938,42.64678882182774,42.009344033672114,16.04754037909974,Safe
F,F_W775,1938,1940,45.513215373737374,43.405740964948535,53.05523129432419,Moderate
F,F_W776,1941,1943,40.19795368343279,38.88843184177672,32.96694085787761,Safe
F,F_W777,1943,1945,41.30297806124234,40.99319453939183,7.798735934542046,Safe
F,F_W778,1946,1948,39.40634951823579,39.5378153565299,3.3096252219757387,Safe
F,F_W779,1948,1950,38.83971620814479,38.43831000025192,10.105318059341599,Safe
F,F_W78,196,198,45.257317395900756,44.91290584651975,8.670489348123217,Safe
F,F_W780,1951,1953,38.42825391570881,38.472599148186504,1.1163820334391803,Safe
F,F_W781,1953,1955,39.351896894398536,39.438346187034846,2.17634301841228,Safe
F,F_W782,1956,1958,42.261728,42.240513899031754,0.5340605935130517,Safe
F,F_W783,1958,1960,40.57863866666666,40.70677186268289,3.2257266435936875,Safe
F,F_W784,1961,1963,39.50359648739496,40.04763667587268,13.696098947973232,Safe
F,F_W785,1963,1965,38.78179466666667,38.429154954070555,8.877631651101828,Safe
F,F_W786,1966,1968,40.57390776254361,40.41504154206721,3.999424162438446,Safe
F,F_W787,1968,1970,40.575600103995626,40.203760671037294,9.360980630503745,Safe
F,F_W788,1971,1973,40.27375596114665,39.6948518050679,14.573792103912103,Safe
F,F_W789,1973,1975,42.50649477655678,42.334169492378116,4.338253300647844,Safe
F,F_W79,198,200,52.67636057142857,53.5127893892466,21.05692207008917,Safe
F,F_W790,1976,1978,39.480172515873015,39.51053587288226,0.7643912174114259,Safe
F,F_W791,1978,1980,38.41460323809524,37.63481993727955,19.63088292398484,Safe
F,F_W792,1981,1983,40.24753356381822,41.13275095934034,22.285164398354997,Safe
F,F_W793,1983,1985,38.73271493183941,38.450879575006,7.095146674786157,Safe
F,F_W794,1986,1988,41.39631434920635,42.392515632540054,25.079160763497555,Safe
F,F_W795,1988,1990,45.3362347364319,44.24962965607981,27.35505760983311,Safe
F,F_W796,1991,1993,37.97755552657005,38.026947026133854,1.24342076107918,Safe
F,F_W797,1993,1995,38.426120441347265,38.736774492712044,7.82065133457505,Safe
F,F_W798,1996,1998,39.817103333333336,39.01126070199017,20.286921167080425,Safe
F,F_W799,1998,2000,38.60206307711536,37.4277897968771,29.562086365542218,Safe
F,F_W8,21,23,509.7624078762195,506.9366249467126,71.13849937504295,Dangerous
F,F_W80,201,203,212.94745846001413,214.3281037627256,34.75745924377581,Moderate
F,F_W800,2001,2003,37.584360947368424,37.952022005480146,9.255790910051246,Safe
F,F_W801,2003,2005,38.121230898721734,38.239208287098734,2.9700562919002413,Safe
F,F_W802,2006,2008,37.170698198198195,37.82629285269343,16.504459501150787,Safe
F,F_W803,2008,2010,37.70633350326797,36.99863768695912,17.816095447569264,Safe
F,F_W804,2011,2013,41.14251,40.92186825097367,5.554610285637561,Safe
F,F_W805,2013,2015,40.43463459574468,40.6017305386857,4.206605719200053,Safe
F,F_W806,2016,2018,40.04339072727273,39.89839406248217,3.650260973650384,Safe
F,F_W807,2018,2020,39.97086405638474,39.69770421182053,6.876742452120572,Safe
F,F_W808,2021,2023,41.093384083694076,40.337564462563535,19.027602256349507,Safe
F,F_W809,2023,2025,42.130346301886796,41.11609977847059,25.533445941218353,Safe
F,F_W81,203,205,143.94275140170942,145.49156663966897,38.991102496633715,Moderate
F,F_W810,2026,2028,40.63150792907801,40.926038052135674,7.414734782450075,Safe
F,F_W811,2028,2030,40.35470653658537,41.2795811155517,23.283525769358942,Safe
F,F_W812,2031,2033,40.1697254701503,40.54071332455175,9.339542316893894,Safe
F,F_W813,2033,2035,68.3428031007752,66.92668075970236,35.65058632899734,Moderate
F,F_W814,2036,2038,60.45909457981432,63.21498694662416,69.37901894969518,Dangerous
F,F_W815,2038,2040,64.43499628571428,65.88758931187562,36.56872826455944,Moderate
F,F_W816,2041,2043,56.345259568627455,56.305542729578704,0.9998631884796718,Safe
F,F_W817,2043,2045,60.64444723809524,61.15664177604706,12.894391298606825,Safe
F,F_W818,2046,2048,47.00245375536882,46.706380034784885,7.45359453013677,Safe
F,F_W819,2048,2050,42.37253828860029,43.115744736605805,18.710068238041707,Safe
F,F_W82,206,208,42.98653075260742,42.60299591064372,9.655410127381101,Safe
F,F_W820,2051,2053,42.53063957706094,42.8002621653096,6.787692757763028,Safe
F,F_W821,2053,2055,83.23339028046134,82.93280255256916,7.5672337282235675,Safe
F,F_W822,2056,2058,42.883933096394415,42.38135107759729,12.652398121870476,Safe
F,F_W823,2058,2060,46.08361033333333,45.323937161548024,19.12461459511882,Safe
F,F_W824,2061,2063,42.52447953753754,41.72078407105555,20.23286673687631,Safe
F,F_W825,2063,2065,42.222219659056314,41.741798595611705,12.094500665546555,Safe
F,F_W826,2066,2068,39.62941330647131,39.58632777463601,1.0846693309430384,Safe
F,F_W827,2068,2070,43.511069298245616,42.75913800728254,18.92971435055899,Safe
F,F_W828,2071,2073,38.331864051282054,38.29312847138157,0.975160192868457,Safe
F,F_W829,2073,2075,43.050195675098536,43.29386734548438,6.134383781022987,Safe
F,F_W83,208,210,42.578946364170726,42.27233215959417,7.71894902927112,Safe
F,F_W830,2076,2078,63.64982415686274,62.70098593822321,23.886805429701788,Safe
F,F_W831,2078,2080,77.30629663203464,80.9094042262824,90.70748664559693,Dangerous
F,F_W832,2081,2083,40.42509659574468,39.76261126424112,16.677930866177274,Safe
F,F_W833,2083,2085,40.738513563818216,41.45810840378255,18.115650901047513,Safe
F,F_W834,2086,2088,39.94084050050658,40.31957018016037,9.534441162493042,Safe
F,F_W835,2088,2090,33.12930785858586,34.02160632908737,22.463428992827513,Safe
F,F_W836,2091,2093,37.51837343133195,38.29121526850111,19.45613301587123,Safe
F,F_W837,2093,2095,39.802817777777776,39.94861030210328,3.670296572435493,Safe
F,F_W838,2096,2098,43.726358517982725,43.017872886829814,17.835978872514605,Safe
F,F_W839,2098,2100,54.607641135531146,54.98247307858121,9.436316451619863,Safe
F,F_W84,211,213,52.44387852962439,52.03271672408547,10.350913207433061,Safe
F,F_W840,2101,2103,48.119941290382826,49.201869934861335,27.237329306290718,Safe
F,F_W841,2103,2105,56.719534774806895,55.33867053196385,34.76297101619526,Moderate
F,F_W842,2106,2108,60.77120712077294,59.949748557589885,20.68004901346688,Safe
F,F_W843,2108,2110,69.21079034972678,67.98024034615896,30.978841207396762,Safe
F,F_W844,2111,2113,58.05755620814479,58.25236234212504,4.9042040334027535,Safe
F,F_W845,2113,2115,57.641311020979025,59.905980019706476,57.01257250455626,Moderate
F,F_W846,2116,2118,55.279205396825404,54.26064600923718,25.64202140255414,Safe
F,F_W847,2118,2120,71.79104976744186,72.62903837585434,21.096189474909696,Safe
F,F_W848,2121,2123,41.62427426728022,40.56738384127498,26.606997347450662,Safe
F,F_W849,2123,2125,45.554045585434174,45.32689906914827,5.7183664527507005,Safe
F,F_W85,213,215,43.26091357731158,43.64361275987624,9.634372575269298,Safe
F,F_W850,2126,2128,41.97414687179487,40.98948661322471,24.78861785789933,Safe
F,F_W851,2128,2130,42.85971022222222,42.188048801373064,16.908937012955608,Safe
F,F_W852,2131,2133,42.31809608369409,42.00674423574655,7.838218218870353,Safe
F,F_W853,2133,2135,42.141667988455985,42.21979845672279,1.9669183396687262,Safe
F,F_W854,2136,2138,38.51468838383839,38.26589084522115,6.26342645099174,Safe
F,F_W855,2138,2140,329.76853810296,334.09748545317274,100.0,Dangerous
F,F_W856,2141,2143,930.4794765823754,931.1768240758211,17.55557856502832,Safe
F,F_W857,2143,2145,1210.9270969473682,1207.1319097726496,95.54305025970335,Dangerous
F,F_W858,2146,2148,943.365407238095,944.5288613138773,29.289715136530546,Safe
F,F_W859,2148,2150,1224.2880374313322,1217.863882901805,100.0,Dangerous
F,F_W86,216,218,46.12497272000245,44.926440077025056,30.172810792757037,Safe
F,F_W860,2151,2153,947.5070585838042,944.8707078868102,66.36958219689745,Dangerous
F,F_W861,2153,2155,910.7553185957446,903.1967499037237,100.0,Dangerous
F,F_W862,2156,2158,39.69525263203464,39.32092846710517,9.423533242712608,Safe
F,F_W863,2158,2160,40.80963601360544,39.44785768003838,34.2824872072925,Moderate
F,F_W864,2161,2163,37.87812244134727,37.458539035467126,10.562925249955889,Safe
F,F_W865,2163,2165,37.677049909718406,37.291964724977355,9.69443968536517,Safe
F,F_W866,2166,2168,34.78704073504274,34.83284208879267,1.1530395845671044,Safe
F,F_W867,2168,2170,36.241510244518764,37.29171973977225,26.438806300946105,Safe
F,F_W868,2171,2173,36.5682821029601,36.8282467116327,6.5445551243443045,Safe
F,F_W869,2173,2175,32.99345803174603,33.380234147248515,9.737008516700179,Safe
F,F_W87,218,220,45.77966755555555,45.06853738655309,17.902554564579596,Safe
F,F_W870,2176,2178,33.84848755555556,34.93963309746014,27.469362788034076,Safe
F,F_W871,2178,2180,32.91950971717172,33.450785455606514,13.374756564621737,Safe
F,F_W872,2181,2183,35.60221724904215,35.60499223446615,0.06985968270596175,Safe
F,F_W873,2183,2185,35.724535101787104,37.32330380183865,40.24867054784702,Moderate
F,F_W874,2186,2188,37.51117350326797,38.11796588964012,15.2758725194252,Safe
F,F_W875,2188,2190,37.96513950326798,37.39956068400621,14.238329512313605,Safe
F,F_W876,2191,2193,36.74956457981432,36.403940265565204,8.701020452232825,Safe
F,F_W877,2193,2195,47.56644117235346,47.87879030909199,7.863324757413827,Safe
F,F_W878,2196,2198,40.59015492215292,40.208511950788505,9.607782677289402,Safe
F,F_W879,2198,2200,33.58434042816515,34.171426215790895,14.77976298179351,Safe
F,F_W88,221,223,43.03100129824561,43.000851332742826,0.7590191304792849,Safe
F,F_W880,2201,2203,37.640785956043956,36.95992804254917,17.14045680858187,Safe
F,F_W881,2203,2205,39.069222894398536,38.90450963423791,4.146622174210102,Safe
F,F_W882,2206,2208,51.90357798845598,52.54546986292666,16.159494855057808,Safe
F,F_W883,2208,2210,112.1565577013721,110.99834435748919,29.15778079753528,Safe
F,F_W884,2211,2213,169.55429348207346,174.6354270618131,100.0,Dangerous
F,F_W885,2213,2215,216.8174261176471,215.11859575083815,42.76770226247679,Moderate
F,F_W886,2216,2218,190.07384072727268,190.42083698263352,8.735558785273067,Safe
F,F_W887,2218,2220,330.82036228571434,332.4958422864691,42.17986163834125,Moderate
F,F_W888,2221,2223,226.50269333333335,226.37174354576968,3.2966337518311217,Safe
F,F_W889,2223,2225,39.58849613823857,40.31068221691548,18.180884798389837,Safe
F,F_W89,223,225,40.272411001156314,41.968755194209535,42.705113353639796,Moderate
F,F_W890,2226,2228,38.28662507711536,38.56676323777942,7.052420113105818,Safe
F,F_W891,2228,2230,38.38838830236794,39.11712933789041,18.34590447792422,Safe
F,F_W892,2231,2233,40.09501211206988,42.151211760837874,51.76439984169918,Moderate
F,F_W893,2233,2235,39.758718375699445,40.62716762495808,21.863029792745586,Safe
F,F_W894,2236,2238,42.62757816207184,42.332865399541674,7.419332693303396,Safe
F,F_W895,2238,2240,41.06825006535947,39.86140486405661,30.382077725141233,Safe
F,F_W896,2241,2243,40.145897635701274,38.857966772801234,32.42339244419586,Safe
F,F_W897,2243,2245,40.173662103995625,42.97360651864611,70.48802012068316,Dangerous
F,F_W898,2246,2248,45.19411869669669,44.5412378327887,16.436140385772624,Safe
F,F_W899,2248,2250,46.86770538461539,45.22273212342499,41.41186079483258,Moderate
F,F_W9,23,25,676.4951841904762,678.2317951642839,43.71882121054136,Moderate
F,F_W90,226,228,40.18186500115631,41.74948216312414,39.46443703530102,Moderate
F,F_W900,2251,2253,42.15351329152915,41.50605800684255,16.299552553770503,Safe
F,F_W901,2253,2255,73.7520935182358,73.17119525268141,14.623993396518383,Safe
F,F_W902,2256,2258,41.3951055653884,41.21736917354444,4.4744768142257625,Safe
F,F_W903,2258,2260,41.34399107711536,42.21239834430635,21.861972902896728,Safe
F,F_W904,2261,2263,36.80551267505241,36.81636114050615,0.2731078685636199,Safe
F,F_W905,2263,2265,38.33279851587302,38.42544948373908,2.3324689065152744,Safe
F,F_W906,2266,2268,39.572690571428566,40.860113974668614,32.41061725246819,Safe
F,F_W907,2268,2270,44.336307395900754,44.49359838453987,3.959768027530773,Safe
F,F_W908,2271,2273,39.984145563818224,40.927764662794495,23.75541517426988,Safe
F,F_W909,2273,2275,258.90859225448867,255.4157330441654,87.9320064383186,Dangerous
F,F_W91,228,230,39.40738071794871,39.851827379642515,11.188852560115533,Safe
F,F_W910,2276,2278,139.1675033064713,139.07090832404626,2.4317586553173087,Safe
F,F_W911,2278,2280,57.71081734417344,57.39731173371803,7.892438743462309,Safe
F,F_W912,2281,2283,39.01141891718244,39.32379134016616,7.863910983808453,Safe
F,F_W913,2283,2285,37.22203163636364,36.61634630275529,15.24800269562403,Safe
F,F_W914,2286,2288,38.1274655639413,37.30190558920576,20.783301198946685,Safe
F,F_W915,2288,2290,38.624977971457696,37.94094154150167,17.220475301485337,Safe
F,F_W916,2291,2293,39.49214074066689,38.50786324506173,24.77898187961457,Safe
F,F_W917,2293,2295,42.08211133333333,41.08305713772517,25.15098223850691,Safe
F,F_W918,2296,2298,41.598118804692895,40.593835437931816,25.282625538107013,Safe
F,F_W919,2298,2300,40.066167010954615,40.16648564881654,2.5255009089077163,Safe
F,F_W92,231,233,40.42272649974398,42.01186112989996,40.00613483567748,Moderate
F,F_W920,2301,2303,34.623548666666665,35.316507976991566,17.445106964773004,Safe
F,F_W921,2303,2305,35.622253249042146,35.395880786380644,5.698879813242427,Safe
F,F_W922,2306,2308,40.148813558572144,40.285543325097976,3.442143523828578,Safe
F,F_W923,2308,2311,39.123797777777774,39.70017913249415,14.510281102671835,Safe
F,F_W924,2311,2314,40.012241492063495,39.450280352559446,14.147255174473946,Safe
F,F_W925,2315,2318,37.04975838383838,37.79834267029454,18.845454206038475,Safe
F,F_W926,2318,2321,41.959981428571425,41.72264105005033,5.974994821007542,Safe
F,F_W927,2321,2324,36.102268579814314,37.256218126043265,29.05044057561875,Safe
F,F_W928,2325,2328,35.976255657617564,36.23646065753843,6.5506069241784965,Safe
F,F_W929,2328,2331,38.38791591713748,38.41937933732869,0.7920850799392611,Safe
F,F_W93,233,235,39.799028375699436,41.16954871443779,34.50256537498216,Moderate
F,F_W930,2331,2334,39.7716313292162,39.89219600650926,3.0351907539342284,Safe
F,F_W931,2335,2338,39.66841285156912,39.72721643207169,1.4803679472868254,Safe
F,F_W932,2338,2341,41.23138765564943,39.9652889889996,31.87377143011012,Safe
F,F_W933,2341,2344,41.2299914920635,40.975227686310845,6.413625989127526,Safe
F,F_W934,2345,2348,37.96916371717172,37.834353100361675,3.393829327634782,Safe
F,F_W935,2348,2351,36.84955361403509,35.42625527435832,35.83124060603706,Moderate
F,F_W936,2351,2354,40.20372953153153,39.359645618753675,21.249637498556375,Safe
F,F_W937,2355,2358,69.29307010884354,67.71835080499254,39.64323198470827,Moderate
F,F_W938,2358,2361,43.97175765656566,42.87678643025579,27.56567359975024,Safe
F,F_W939,2361,2364,43.08517283645443,43.08215406369852,0.07599697824190006,Safe
F,F_W94,236,238,39.535575396825394,40.3879184790333,21.457560376567685,Safe
F,F_W940,2365,2368,45.021826714093336,43.405740964948535,40.68462366839095,Moderate
F,F_W941,2368,2371,38.3376507833082,38.47180889737371,3.377402706325974,Safe
F,F_W942,2371,2374,43.73407848484849,43.11393624462646,15.611952322243742,Safe
F,F_W943,2375,2378,42.911086424894094,42.13234419255158,19.60467424101959,Safe
F,F_W944,2378,2381,40.90530691064491,42.009344033672114,27.793905669958512,Safe
F,F_W945,2381,2384,38.68299822773186,39.662840220989736,24.667319027643362,Safe
F,F_W946,2385,2388,37.0935773939394,37.85717286104504,19.223357566590863,Safe
F,F_W947,2388,2391,40.843633490196076,41.09708507861365,6.38059118978165,Safe
F,F_W948,2391,2394,39.341946717948716,39.45381983347804,2.81638248857134,Safe
F,F_W949,2395,2398,38.55019244444445,39.39432754022899,21.250926020137914,Safe
F,F_W95,238,240,39.74056533333333,40.24812117204421,12.777613006967004,Safe
F,F_W950,2398,2401,36.44141628571428,36.81636114050615,9.439158981309681,Safe
F,F_W951,2401,2404,43.08137539869281,43.7248843210203,16.20020369958705,Safe
F,F_W952,2405,2408,44.877752030030024,44.08327181457235,20.00087470295582,Safe
F,F_W953,2408,2411,45.56752834920635,44.281190402801485,32.383291101692386,Safe
F,F_W954,2411,2414,40.99345459498208,40.78417943633724,5.268458729441694,Safe
F,F_W955,2415,2418,37.5009326984127,37.77985256488737,7.021749809479438,Safe
F,F_W956,2418,2421,43.577957659983845,43.3631604006774,5.407476468689188,Safe
F,F_W957,2421,2424,44.04912403894616,43.352177722016854,17.54547902940474,Safe
F,F_W958,2425,2428,41.533508804692886,41.014072594766425,13.076698889137878,Safe
F,F_W959,2428,2431,42.38237612698413,41.249539252083046,28.5189334522725,Safe
F,F_W96,241,243,40.31766866666666,40.56898940416126,6.326947459589234,Safe
F,F_W960,2431,2434,43.14216565656565,42.48117557875265,16.640288164531658,Safe
F,F_W961,2435,2438,40.73502361232765,39.86193248570897,21.979888092874855,Safe
F,F_W962,2438,2441,43.416708257309935,42.98222196856388,10.938102236260335,Safe
F,F_W963,2441,2444,42.81615071895425,42.20736086619885,15.326158321484803,Safe
F,F_W964,2445,2448,41.905340205128205,41.3267922848418,14.56482394169889,Safe
F,F_W965,2448,2451,41.591100222222224,40.84957355343105,18.66778014459267,Safe
F,F_W966,2451,2454,41.56455198830409,41.069579166889206,12.46083815540277,Safe
F,F_W967,2455,2458,41.43141133333333,40.876500587686714,13.96976297088549,Safe
F,F_W968,2458,2461,42.38699502865762,41.367189164233245,25.673401198469676,Safe
F,F_W969,2461,2464,42.01575415686274,41.194774017230266,20.66800479977349,Safe
F,F_W97,243,245,40.719445010954615,40.67808649724361,1.0411920077301482,Safe
F,F_W970,2465,2468,42.80288637908497,41.46788704635268,33.608331413421574,Moderate
F,F_W971,2468,2471,43.78313077480689,42.98041047728665,20.208317060448145,Safe
F,F_W972,2471,2474,41.43984198830409,41.29695549876965,3.5971377490844505,Safe
F,F_W973,2475,2478,46.82716930788057,45.30701352744759,38.269606595425415,Moderate
F,F_W974,2478,2481,44.82868847619048,43.280571883939,38.9735142357845,Moderate
F,F_W975,2481,2484,38.62172087397464,38.81864629703347,4.957556696559471,Safe
F,F_W976,2485,2488,34.919850803418804,36.19572514362958,32.1198719851969,Safe
F,F_W977,2488,2491,38.654438666666664,39.70017913249415,26.32629941171952,Safe
F,F_W978,2491,2494,37.83449403174603,38.060460038981034,5.688647382151516,Safe
F,F_W979,2495,2498,38.14345024397824,37.31837814518894,20.771019023152544,Safe
F,F_W98,246,248,38.54553287087087,38.723055846019676,4.469104093173389,Safe
F,F_W980,2498,2501,44.85258111111111,43.51764825656808,33.606657838789985,Moderate
F,F_W981,2501,2504,41.518125482073486,41.44477900521532,1.846482347830919,Safe
F,F_W982,2505,2508,42.324394222222224,42.23404154135183,2.2746100079080107,Safe
F,F_W983,2508,2511,35.32277806060606,35.918433200958106,14.995494659976805,Safe
F,F_W984,2511,2514,39.07486925047081,39.54461650971199,11.825789857746685,Safe
F,F_W985,2515,2518,42.373680280701755,41.39703734578372,24.586783397204997,Safe
F,F_W986,2518,2521,36.52816689872173,39.48198510381208,74.3617608920424,Dangerous
F,F_W987,2521,2524,41.158997393939394,40.85633959079925,7.619347443398173,Safe
F,F_W988,2525,2528,43.64629072727273,43.152938427930515,12.420041848209415,Safe
F,F_W989,2528,2531,49.26073443410853,48.061453956665375,30.19163737038258,Safe
F,F_W99,248,250,42.09139639809135,41.25743435283694,20.99482158224093,Safe
F,F_W990,2531,2534,51.387860571428575,50.549880818852216,21.09596653107162,Safe
F,F_W991,2535,2538,48.57412288413548,48.27059669597865,7.641208856149256,Safe
F,F_W992,2538,2541,40.39522405128206,40.575374834194236,4.535258608787647,Safe
F,F_W993,2541,2544,47.86801499238965,47.026812197142306,21.17710596207362,Safe
F,F_W994,2545,2548,41.188302244518766,40.95177532675443,5.954516115112578,Safe
F,F_W995,2548,2551,34.80728763570127,33.663008738965715,28.80698397965789,Safe
F,F_W996,2551,2554,44.96527212698413,44.13565633043822,20.885405672120964,Safe
F,F_W997,2555,2558,40.60257961904762,41.092835280378395,12.342084628303766,Safe
F,F_W998,2558,2561,41.207879086188996,41.17688978254203,0.7801492942373911,Safe
F,F_W999,2561,2564,221.43028761232765,221.949776813179,13.078032924685331,Safe
I,I_W0,1,3,79.44680225980738,70.93973807052461,100.0,Dangerous
I,I_W1,3,5,63.96080035393449,67.25266977067513,82.87213005649646,Dangerous
I,I_W10,26,28,46.6454029122807,45.78963825543154,21.543697808759195,Safe
I,I_W100,251,253,47.85228704273504,47.191300491736804,16.640199377701155,Safe
I,I_W101,253,255,45.27191812987013,44.57405954205125,17.56844525990674,Safe
I,I_W102,256,258,60.39136033333334,60.72712255759759,8.45274438159095,Safe
I,I_W103,258,260,69.34370822298067,62.731510686409045,100.0,Dangerous
I,I_W104,261,263,81.77273895238096,75.75632085951825,100.0,Dangerous
I,I_W105,263,265,50.90512312077294,49.90989915511147,25.054556993728404,Safe
I,I_W106,266,268,49.15487523809524,49.535681799601754,9.586726232531404,Safe
I,I_W107,268,270,117.20006549206352,117.12697325453182,1.840081925498908,Safe
I,I_W108,271,273,271.07429061111105,274.24714531528383,79.87595934316182,Dangerous
I,I_W109,273,275,42.69171866666667,42.64582195632857,1.1554401669037777,Safe
I,I_W11,28,30,45.0266786013072,44.25228380588121,19.495228418008782,Safe
I,I_W110,276,278,42.938415693581774,42.17832818251023,19.135045500744045,Safe
I,I_W111,278,280,42.03162022222222,41.25743435283694,19.489968748251247,Safe
I,I_W112,281,283,44.33636974129353,44.6474205267376,7.830639032765453,Safe
I,I_W113,283,285,43.061602903225804,44.39372505920737,33.535899085253014,Moderate
I,I_W114,286,288,44.53715211764706,45.49606190561039,24.140355099269566,Safe
I,I_W115,288,290,43.71674754248366,43.3631604006774,8.901482985034763,Safe
I,I_W116,291,293,43.63544017222026,43.51841158043869,2.9461705343261926,Safe
I,I_W117,293,295,41.98703839809134,41.84851602956366,3.4872719075613317,Safe
I,I_W118,296,298,40.07220215516108,40.89938677752741,20.824201366210374,Safe
I,I_W119,298,300,41.16651165564943,41.16498380542754,0.03846331256381445,Safe
I,I_W12,31,33,279.3509889473684,280.4633528198274,28.003529860501068,Safe
I,I_W120,301,303,38.217362865900384,38.70549356825584,12.288589226672068,Safe
I,I_W121,303,305,36.757175345396405,36.63253674946741,3.137750810940014,Safe
I,I_W122,306,308,38.201646865900386,39.14124581012438,23.654208611888166,Safe
I,I_W123,308,310,37.89188504236611,38.03020595196664,3.482200220839191,Safe
I,I_W124,311,313,39.71769306475801,39.584915174717295,3.3426558526662804,Safe
I,I_W125,313,315,39.32221147135956,39.40570992501788,2.102056258944856,Safe
I,I_W126,316,318,39.50422353256705,40.62218242604425,28.144383354608166,Safe
I,I_W127,318,320,57.32865792907801,56.879967505221515,11.295688392693569,Safe
I,I_W128,321,323,46.27977260896256,47.26601597304942,24.82847221105381,Safe
I,I_W129,323,325,40.175118209761166,40.74854629748624,14.435933218472726,Safe
I,I_W13,33,35,426.5936699047619,430.648472918548,100.0,Dangerous
I,I_W130,326,328,44.70360539130435,43.400903127496285,32.795259399470936,Safe
I,I_W131,328,330,39.66672178848728,39.27984019689221,9.739663855462442,Safe
I,I_W132,331,333,43.081055120772945,42.20101965414196,22.154710412900524,Safe
I,I_W133,333,335,42.163396204204204,41.61661908078901,13.765000717569873,Safe
I,I_W134,336,338,48.170064769605176,46.623620429233334,38.931415641425936,Moderate
I,I_W135,338,340,46.09953035609646,45.71297592435483,9.731427673982777,Safe
I,I_W136,341,343,81.96324022222223,81.70275265617266,6.557720467883418,Safe
I,I_W137,343,345,58.89424684848485,60.986042772950604,52.660528702142486,Moderate
I,I_W138,346,348,41.4902302066487,41.23491222702249,6.427577201496234,Safe
I,I_W139,348,350,39.73245428046135,40.294724146389804,14.155027298199524,Safe
I,I_W14,36,38,177.6656463838384,180.8113640317015,79.19278957694598,Dangerous
I,I_W140,351,353,40.47687022222222,40.90023210385197,10.658047593553183,Safe
I,I_W141,353,355,40.11918279365079,39.25513968121788,21.752106211691306,Safe
I,I_W142,356,358,39.6623133129308,38.95421545355874,17.8262167983292,Safe
I,I_W143,358,360,39.360798888888894,39.56787658933683,5.213138174937929,Safe
I,I_W144,361,363,41.014824918312044,42.35075539497081,33.63177276871473,Moderate
I,I_W145,363,365,38.045689425287364,39.51822219648951,37.070707211814096,Moderate
I,I_W146,366,368,35.839637929078016,35.0666992357324,19.458571350032102,Safe
I,I_W147,368,370,41.107711419913414,42.01186112989996,22.761781489721923,Safe
I,I_W148,371,373,42.872664349726776,43.02171741814841,3.7523800940403347,Safe
I,I_W149,373,375,42.400272254488684,42.97360651864611,14.433571229609695,Safe
I,I_W15,38,40,69.15101620712984,69.71070613407913,14.090077869302961,Safe
I,I_W150,376,378,37.278170383838386,40.066187363659395,70.18774942179036,Dangerous
I,I_W151,378,380,34.50946441952233,34.93133743106121,10.620565597705875,Safe
I,I_W152,381,383,39.07598927988749,39.35851551787665,7.112539464640324,Safe
I,I_W153,383,385,37.908268,38.539069183357526,15.880289005739604,Safe
I,I_W154,386,388,42.65345126164874,41.91803010819685,18.514075061795,Safe
I,I_W155,388,390,57.53622342299769,57.35163156022993,4.647061873373838,Safe
I,I_W156,391,393,51.53358654596728,49.95855813801905,39.65101361626895,Moderate
I,I_W157,393,395,46.62613722389726,47.51255857924629,22.315473837378025,Safe
I,I_W158,396,398,59.075051538461544,57.162589297989385,48.14584038921935,Moderate
I,I_W159,398,400,53.57485057142857,52.08415527285174,37.52794507279822,Moderate
I,I_W16,41,43,41.14566694736842,41.08287948829857,1.5806612642323834,Safe
I,I_W160,401,403,38.956155763061076,38.775863304260334,4.538825269908296,Safe
I,I_W161,403,405,37.30131806837606,37.33350217691589,0.8102282596938654,Safe
I,I_W162,406,408,33.57853428070175,33.61168137115768,0.8344711297746009,Safe
I,I_W163,408,410,36.7014574701503,36.872318475253344,4.301390378511059,Safe
I,I_W164,411,413,35.62515668940642,37.2054936217209,39.78465461656218,Moderate
I,I_W165,413,415,36.403468288600294,36.61633808174837,5.358952907777662,Safe
I,I_W166,416,418,38.10788885990338,38.429154954070555,8.087807311908977,Safe
I,I_W167,418,420,38.13324133333333,39.32983428527773,30.123979473161466,Safe
I,I_W168,421,423,40.43723466666667,40.79375110485554,8.975227414130043,Safe
I,I_W169,423,425,41.758069647058825,41.38825899895421,9.309906392443573,Safe
I,I_W17,43,45,39.15655885213033,38.73839650140318,10.527150481109466,Safe
I,I_W170,426,428,38.075511077115365,38.33459337920094,6.522343238946228,Safe
I,I_W171,428,430,37.08111054700855,37.4865137785315,10.205942300517801,Safe
I,I_W172,431,433,41.30303830188679,41.249539252083046,1.3468274867428787,Safe
I,I_W173,433,435,38.32454677551021,39.13173040825437,20.32068059931794,Safe
I,I_W174,436,438,40.99672420644313,40.88067887568664,2.9214171418813812,Safe
I,I_W175,438,440,35.930302,37.091967182743666,29.24468012517823,Safe
I,I_W176,441,443,40.19579725763794,41.374984236846245,29.685787718345892,Safe
I,I_W177,443,445,41.90351355555555,41.54467773108073,9.033617482995709,Safe
I,I_W178,446,448,44.84306416837685,43.58410772662447,31.693967399128937,Safe
I,I_W179,448,450,39.588652505686795,40.098270688639104,12.829532095655008,Safe
I,I_W18,46,48,40.11023267505241,40.714816742699654,15.220278553380936,Safe
I,I_W180,451,453,40.03823211206988,40.61726476512881,14.577026988746637,Safe
I,I_W181,453,455,39.110339777777774,39.70017913249415,14.849083462397456,Safe
I,I_W182,456,458,39.576442851569126,39.994294207407144,10.519321249254727,Safe
I,I_W183,458,460,38.8201530055371,38.80762849870261,0.31530186282688644,Safe
I,I_W184,461,463,40.175199051261274,40.37741850708817,5.090832873873108,Safe
I,I_W185,463,465,42.66830437908497,43.405740964948535,18.56481315489523,Safe
I,I_W186,466,468,41.23497553753754,41.95686899920902,18.173518225947063,Safe
I,I_W187,468,470,42.172766205128205,41.96581160176401,5.210039231376819,Safe
I,I_W188,471,473,39.05325110077519,39.675494277333044,15.66484295890667,Safe
I,I_W189,473,475,36.183519657617566,36.872318475253344,17.34036742392768,Safe
I,I_W19,48,50,372.973229503268,376.03425368777835,77.06064919670841,Dangerous
I,I_W190,476,478,35.83962688888889,36.81636114050615,24.58908227617532,Safe
I,I_W191,478,480,35.190660207792206,36.23646065753843,26.327809494437183,Safe
I,I_W192,481,483,35.86653088888889,36.81636114050615,23.91177965423605,Safe
I,I_W193,483,485,35.631620193236714,35.775809323702035,3.629931464440192,Safe
I,I_W194,486,488,42.204753709401714,42.1952641800557,0.238896933802542,Safe
I,I_W195,488,490,38.78654776306108,39.321067263704215,13.456417605680965,Safe
I,I_W196,491,493,38.70033109364816,38.92517981525613,5.660519948140075,Safe
I,I_W197,493,495,35.68349724904215,35.721017123658925,0.9445550644058106,Safe
I,I_W198,496,498,39.36128110077519,40.3163055424785,24.042542312730443,Safe
I,I_W199,498,500,40.210750939014204,39.99270252764062,5.489323547911585,Safe
I,I_W2,6,8,59.01323244917258,61.45445577478301,61.45729107846929,Moderate
I,I_W20,51,53,1146.765993005537,1132.247788213509,100.0,Dangerous
I,I_W200,501,503,40.93708257602339,40.89839382105049,0.9739813850249428,Safe
I,I_W201,503,505,37.52767619819819,37.82629285269343,7.5176123641221215,Safe
I,I_W202,506,508,39.18053983625731,38.33265373923212,21.345356698668454,Safe
I,I_W203,508,510,37.788414267942585,37.291964724977355,12.498014314261084,Safe
I,I_W204,511,513,39.08951951044277,38.597816397161445,12.378523931055643,Safe
I,I_W205,513,515,43.52629576135742,42.97360651864611,13.913837095077856,Safe
I,I_W206,516,518,41.11509756989247,39.37147381215333,43.89536659203988,Moderate
I,I_W207,518,520,42.197862831669994,42.077056150946916,3.041283140109851,Safe
I,I_W208,521,523,41.11546412698413,41.29135276070274,4.4279598865196705,Safe
I,I_W209,523,525,39.303939510442774,39.61322818316897,7.786278210435474,Safe
I,I_W21,53,55,772.5045043023678,767.8826418808783,100.0,Dangerous
I,I_W210,526,528,40.55225500115631,40.97239051199462,10.576824377808535,Safe
I,I_W211,528,530,40.08723156381822,40.059379215157364,0.7011771028532706,Safe
I,I_W212,531,533,37.48259800838574,37.97541285628776,12.4065116196334,Safe
I,I_W213,533,535,40.14531645923069,39.05153277918551,27.535777368753255,Safe
I,I_W214,536,538,39.03062685527544,38.53509123955106,12.475006385459203,Safe
I,I_W215,538,540,38.89186457981432,40.4715297451377,39.76774302184012,Moderate
I,I_W216,541,543,50.308556894398535,50.01233421179841,7.45734461800977,Safe
I,I_W217,543,545,48.806559970121384,48.284896307319165,13.132774553462767,Safe
I,I_W218,546,548,48.7049306984127,49.96156934087348,31.635617282516844,Safe
I,I_W219,548,550,48.7970482066487,48.31314075367422,12.182269799120796,Safe
I,I_W22,56,58,568.9946704592306,567.6244978043568,34.49381250577909,Moderate
I,I_W220,551,553,50.66686480469289,51.21723155379293,13.855368799941331,Safe
I,I_W221,553,555,49.881358208616774,49.5440678423902,8.491215038659714,Safe
I,I_W222,556,558,46.64942222799422,48.01633123527569,34.41165085429985,Moderate
I,I_W223,558,560,45.139186162071844,43.30491373813185,46.17742796927499,Moderate
I,I_W224,561,563,43.79034030285325,42.579230246552726,30.48944456546642,Safe
I,I_W225,563,565,40.27070020712985,40.68200330231799,10.354470145058157,Safe
I,I_W226,566,568,44.55026839809135,43.441168608931235,27.92135724020165,Safe
I,I_W227,568,570,39.8051806984127,39.29930128932643,12.735409238745007,Safe
I,I_W228,571,573,43.611772065359474,41.18221559668764,61.163580373953195,Moderate
I,I_W229,573,575,47.740843306471305,47.9232321455127,4.591601207819933,Safe
I,I_W23,58,60,419.81941063157893,416.3285670700664,87.8812628974164,Dangerous
I,I_W230,576,578,46.00264548207349,46.12858127259582,3.1704074158772273,Safe
I,I_W231,578,580,39.66944048713738,39.2641563884429,10.202943156261036,Safe
I,I_W232,581,583,42.63820450568679,42.65595779955933,0.44693549241496483,Safe
I,I_W233,583,585,41.115265510442775,40.86501427695279,6.300022918015567,Safe
I,I_W234,586,588,40.9513001981982,41.17484571245302,5.627711973221236,Safe
I,I_W235,588,590,38.398706579814316,38.637111384154565,6.001791520315131,Safe
I,I_W236,591,593,40.914065526570056,40.51785344314177,9.974557052853948,Safe
I,I_W237,593,595,39.760504488566056,40.10590505569603,8.695387664898329,Safe
I,I_W238,596,598,42.0424951007752,42.320231670882485,6.991960568765706,Safe
I,I_W239,598,600,39.29319820712985,39.31505762257879,0.5503062517703095,Safe
I,I_W24,61,63,60.54040763570128,59.419082533061385,28.229126972356163,Safe
I,I_W240,601,603,40.01909619819819,40.68094151529577,16.661818636202362,Safe
I,I_W241,603,605,39.51838885213033,39.28795529050885,5.801117137564052,Safe
I,I_W242,606,608,41.296671598506066,40.61333275875783,17.20291361263713,Safe
I,I_W243,608,610,37.98934547338935,38.5728741210813,14.690212721469198,Safe
I,I_W244,611,613,38.999592607709744,40.509836439570485,38.02007534518367,Moderate
I,I_W245,613,615,38.03184399023199,38.19343460741931,4.068010284781102,Safe
I,I_W246,616,618,39.57453597145769,39.33611753037566,6.002134822462205,Safe
I,I_W247,618,620,38.2486639047619,37.55605287338173,17.436339114548687,Safe
I,I_W248,621,623,39.69337171717172,39.186151942660416,12.76915266041963,Safe
I,I_W249,623,625,38.26890224233283,38.212578512581295,1.4179382187819483,Safe
I,I_W25,63,65,38.137998831915155,37.37240258124722,19.27372687794495,Safe
I,I_W250,626,628,40.546244894398534,40.771877257239275,5.680247953701186,Safe
I,I_W251,628,630,44.02199410896611,43.99853932960611,0.5904692074611594,Safe
I,I_W252,631,633,39.17326885213033,40.71629590620751,38.84538616747085,Moderate
I,I_W253,633,635,63.40259048713738,65.26318751531525,46.84014442303009,Moderate
I,I_W254,636,638,75.70219756538839,80.43743185313043,100.0,Dangerous
I,I_W255,638,640,76.6561819047619,80.44769647550223,95.45059321599767,Dangerous
I,I_W256,641,643,60.1444988888889,63.0111891868244,72.16833389382454,Dangerous
I,I_W257,643,645,36.941706579814316,37.168597196189125,5.711924225545106,Safe
I,I_W258,646,648,38.35525879916044,39.2544955573591,22.638098947074113,Safe
I,I_W259,648,650,37.1784139047619,37.116336992158544,1.562773404257634,Safe
I,I_W26,66,68,186.4210397177679,188.6470828313395,56.04017385414044,Moderate
I,I_W260,651,653,36.29907088888889,36.81636114050615,13.022674833629658,Safe
I,I_W261,653,655,36.2331299047619,36.59797320232099,9.184854372350761,Safe
I,I_W262,656,658,39.73056348182284,39.52938021235676,5.064747097074053,Safe
I,I_W263,658,660,32.58688000838575,33.227271986445906,16.121735273899482,Safe
I,I_W264,661,663,33.24671428070175,33.577941064589936,8.338565610465498,Safe
I,I_W265,663,665,41.64676056065696,41.16382921143284,12.157696589583027,Safe
I,I_W266,666,668,39.29919547135956,39.25513968121788,1.1090953826407484,Safe
I,I_W267,668,670,36.427184753623195,35.107080472079105,33.233351587979804,Moderate
I,I_W268,671,673,43.93338704761905,42.02718219950884,47.98831183386502,Moderate
I,I_W269,673,675,39.65760949833666,39.30120587849231,8.972387235697635,Safe
I,I_W27,68,70,219.83913854871645,221.12105270470948,32.27192309526804,Safe
I,I_W270,676,678,39.11494776306107,39.245763666018824,3.2932632346355852,Safe
I,I_W271,678,680,51.34898192907801,54.12677846780186,69.93045193619425,Dangerous
I,I_W272,681,683,42.10654166639367,41.76965293818795,8.48110388475696,Safe
I,I_W273,683,685,42.70462739495798,42.627274326733335,1.9473474547872591,Safe
I,I_W274,686,688,42.8291262042042,42.83484051313047,0.14385654245967033,Safe
I,I_W275,688,690,40.2000930055371,39.39300008637006,20.3183969038217,Safe
I,I_W276,691,693,39.32549258380415,39.045876335419734,7.039281079674891,Safe
I,I_W277,693,695,36.96220983902012,36.94047883951802,0.5470734069331776,Safe
I,I_W278,696,698,35.95453482539683,34.955134827297165,25.159687744534537,Safe
I,I_W279,698,700,35.21191485156913,34.92655654574262,7.183836185267156,Safe
I,I_W28,71,73,47.17336542547425,46.62434442234447,13.821489924156397,Safe
I,I_W280,701,703,37.076591767441855,37.148114629449566,1.800573222064385,Safe
I,I_W281,703,705,37.23357176744186,37.19533163061448,0.9626875162242258,Safe
I,I_W282,706,708,38.24734834920635,38.41914728602377,4.325002614957358,Safe
I,I_W283,708,710,49.79109594229588,49.57258964082628,5.500850836143494,Safe
I,I_W284,711,713,50.339613988304095,52.664598144338896,58.53099408450515,Moderate
I,I_W285,713,715,41.630027728903336,41.80414298212177,4.383315400106145,Safe
I,I_W286,716,718,41.74581102658252,42.18185656730857,10.977356081573738,Safe
I,I_W287,718,720,45.86366301355014,44.79412900975293,26.92529679694492,Safe
I,I_W288,721,723,39.271532444444446,38.11457107000675,29.126262726325557,Safe
I,I_W289,723,725,38.564870898721736,38.86788383264287,7.628287787179576,Safe
I,I_W29,73,75,37.474683568627455,37.14118695753375,8.395708039756688,Safe
I,I_W290,726,728,39.54675348182283,39.40045078877968,3.683139964127925,Safe
I,I_W291,728,730,38.4381639047619,38.48832380313445,1.2627650417756557,Safe
I,I_W292,731,733,41.63758212698413,41.7284869043693,2.2885089232001543,Safe
I,I_W293,733,735,41.11035659574468,41.37370717768563,6.629796299354171,Safe
I,I_W294,736,738,40.77504806060607,40.042951357791004,18.430382706278017,Safe
I,I_W295,738,740,42.18043909639441,41.86031886147048,8.058960543033605,Safe
I,I_W296,741,743,39.36504237700503,39.62607516008326,6.571446193539134,Safe
I,I_W297,743,745,38.13867344522144,38.59074031200094,11.380689643235325,Safe
I,I_W298,746,748,39.75175148207349,40.860113974668614,27.90279595204334,Safe
I,I_W299,748,750,36.20813990476191,36.95992804254917,18.92611049903814,Safe
I,I_W3,8,10,63.74770435393448,64.59755297089036,21.394762731030422,Safe
I,I_W30,76,78,40.107668,40.52828799459851,10.589021156022662,Safe
I,I_W300,751,753,44.17604055715742,45.46648001637835,32.486545836461836,Safe
I,I_W301,753,755,42.466986334554335,43.229806132049646,19.203830244971847,Safe
I,I_W302,756,758,44.107323856595514,44.9234098975558,20.544796880404522,Safe
I,I_W303,758,760,42.863634126984124,42.98222196856388,2.9854243247130636,Safe
I,I_W304,761,763,43.195902659852074,43.229806132049646,0.853512883298366,Safe
I,I_W305,763,765,39.55340657142857,39.489454994211336,1.6099676972338606,Safe
I,I_W306,766,768,39.65106917235346,39.5244950532902,3.18647720454919,Safe
I,I_W307,768,770,37.46392323809524,37.374028306161016,2.2630862733459245,Safe
I,I_W308,771,773,38.24753251587302,38.310230283260225,1.5784032947179,Safe
I,I_W309,773,775,34.88841680341881,36.19572514362958,32.91121641792199,Safe
I,I_W31,78,80,60.91817612698413,59.82093787510518,27.622745498424894,Safe
I,I_W310,776,778,36.50480130175286,37.66477092434993,29.201994750031474,Safe
I,I_W311,778,780,39.04503132505176,38.58266471277497,11.639983600662573,Safe
I,I_W312,781,783,37.82795548182284,38.310230283260225,12.141168135175414,Safe
I,I_W313,783,785,44.019931577152605,42.74331381514978,32.13858747467649,Safe
I,I_W314,786,788,40.015633970121385,39.26866623101814,18.804757961591005,Safe
I,I_W315,788,790,39.52283195604396,38.67894890395343,21.244580872397723,Safe
I,I_W316,791,793,35.77604324904215,36.62279796700859,21.316874465435586,Safe
I,I_W317,793,795,33.635367384615385,34.043168687968816,10.266313261652973,Safe
I,I_W318,796,798,37.914018,37.17340329628448,18.644821612892702,Safe
I,I_W319,798,800,39.18900285213033,38.714068104701795,11.956383797330872,Safe
I,I_W32,81,83,298.6850034313319,300.1042110712999,35.72825808900239,Moderate
I,I_W320,801,803,40.944025087087084,39.53735420820571,35.41264772791802,Moderate
I,I_W321,803,805,38.04751894736842,38.2460983331019,4.999194863974409,Safe
I,I_W322,806,808,38.62093576306108,37.41605727962132,30.33256601070115,Safe
I,I_W323,808,810,37.256177168930684,36.5283420268157,18.323098799211515,Safe
I,I_W324,811,813,39.727381944444446,39.86193248570897,3.3872819796983284,Safe
I,I_W325,813,815,38.70387323809524,38.67120538034373,0.8224065458012575,Safe
I,I_W326,816,818,36.87954285213033,36.951008218762546,1.7991257879069693,Safe
I,I_W327,818,820,38.96874175536881,38.57317423925467,9.958330204359742,Safe
I,I_W328,821,823,36.493112102960104,36.95992804254917,11.751994493261176,Safe
I,I_W329,823,825,37.76042244134727,38.12989650413186,9.301432926796606,Safe
I,I_W33,83,85,95.17638533333334,96.25703955463702,27.205245967093006,Safe
I,I_W330,826,828,37.788618583804144,38.79746649789215,25.397537070685612,Safe
I,I_W331,828,830,37.68056981872391,38.624811876771076,23.77109803972031,Safe
I,I_W332,831,833,42.10755538562091,42.20101965414196,2.3529435818813704,Safe
I,I_W333,833,835,41.623104429727746,41.29695549876965,8.210731715752118,Safe
I,I_W334,836,838,40.083415612327656,39.76362756679693,8.05059774393334,Safe
I,I_W335,838,840,37.51306152657005,37.79834267029454,7.181893645347069,Safe
I,I_W336,841,843,36.092633904761904,36.64154762619534,13.81878912969386,Safe
I,I_W337,843,845,36.77765885213033,36.872318475253344,2.383036386150633,Safe
I,I_W338,846,848,33.60303755555555,34.94436814918315,33.767719593787824,Moderate
I,I_W339,848,850,38.35529591713748,38.78351966011233,10.780443944896481,Safe
I,I_W34,86,88,39.2538381029601,39.50577281914926,6.3424042459273275,Safe
I,I_W340,851,853,35.14419339300113,36.58985541744364,36.39424173330644,Moderate
I,I_W341,853,855,33.60410191713748,33.58250429321502,0.5437157043688535,Safe
I,I_W342,856,858,32.969884031746034,33.40140604377505,10.863477184498235,Safe
I,I_W343,858,860,34.83692305050505,35.36902689744395,13.395604024519269,Safe
I,I_W344,861,863,35.655077249042144,35.622437017444,0.821711063117992,Safe
I,I_W345,863,865,40.67754879365079,40.84615124936481,4.244531865911942,Safe
I,I_W346,866,868,35.19266406060606,35.07742750366277,2.901056428818842,Safe
I,I_W347,868,870,42.58175321447028,42.98222196856388,10.081717854308888,Safe
I,I_W348,871,873,42.551891203007514,43.16249278943642,15.371768341084907,Safe
I,I_W349,873,875,48.36857923076923,48.5871849470183,5.503353582604783,Safe
I,I_W35,88,90,40.77985572225114,39.34783522183696,36.0508191942182,Moderate
I,I_W350,876,878,42.91132032323232,42.96352079627224,1.3141360859503692,Safe
I,I_W351,878,880,54.51912644444445,53.266962265465025,31.5229735920734,Safe
I,I_W352,881,883,41.015317767441864,41.25088014138007,5.930233924270611,Safe
I,I_W353,883,885,37.378727614035085,37.48670165989224,2.718224217976403,Safe
I,I_W354,886,888,84.26353191713746,89.56395472284598,100.0,Dangerous
I,I_W355,888,890,155.49998087397464,155.64201104467472,3.575580099971788,Safe
I,I_W356,891,893,49.11334355555556,49.20679289666154,2.3525677873020197,Safe
I,I_W357,893,895,39.65970409151758,39.09748261189785,14.153809182909358,Safe
I,I_W358,896,898,37.72219755555555,37.268096879239174,11.4318903766525,Safe
I,I_W359,898,900,40.977157988455986,40.48335461076831,12.431397652033471,Safe
I,I_W36,91,93,144.27397630917875,140.31486805643124,99.6697294129911,Dangerous
I,I_W360,901,903,36.32113807047216,35.87817471884013,11.151510536848097,Safe
I,I_W361,903,905,36.01535882539683,35.04210594654126,24.501439438699638,Safe
I,I_W362,906,908,37.07254941702742,36.814431256415055,6.498071177255531,Safe
I,I_W363,908,910,36.116848,36.203773697278535,2.188336406506433,Safe
I,I_W364,911,913,36.534885333333335,35.023009847657875,38.06115189167515,Moderate
I,I_W365,913,915,40.226922559732664,39.287585552143014,23.647614411426375,Safe
I,I_W366,916,918,37.09061727777778,37.107091214470636,0.41472794066796953,Safe
I,I_W367,918,920,40.01932360568087,39.47728729828921,13.645651657100183,Safe
I,I_W368,921,923,40.71715211206988,40.11157329431016,15.245321181218957,Safe
I,I_W369,923,925,39.36050959850607,39.711222248883296,8.829118259282986,Safe
I,I_W37,93,95,215.1806425838042,214.69387216618452,12.25434434047953,Safe
I,I_W370,926,928,37.2043278762196,37.1095076619055,2.3870792360904485,Safe
I,I_W371,928,930,39.817911401709395,39.69290788283826,3.1469376703481724,Safe
I,I_W372,931,933,41.552223503267975,42.87979643224304,33.421373238564826,Moderate
I,I_W373,933,935,40.280452103995614,39.87240823097582,10.27241990271118,Safe
I,I_W374,936,938,41.1122919047619,41.46254673751549,8.817592795528086,Safe
I,I_W375,938,940,38.868954799160434,37.80210990501449,26.85759901901289,Safe
I,I_W376,941,943,39.35728618375623,38.65961554560644,17.56371366595537,Safe
I,I_W377,943,945,37.847385042366106,37.281237146625394,14.2526558946833,Safe
I,I_W378,946,948,39.71902691571652,39.585469311357365,3.3622849989732724,Safe
I,I_W379,948,950,37.31615195604395,37.82475191316021,12.803898471343306,Safe
I,I_W38,96,98,70.82066846001416,70.81500788044725,0.1425039169774681,Safe
I,I_W380,951,953,38.18294858380415,38.78132500499858,15.06400234097523,Safe
I,I_W381,953,955,40.094408465949826,40.12659411726937,0.8102670988532916,Safe
I,I_W382,956,958,38.83448396491228,37.84734480084473,24.851023789839648,Safe
I,I_W383,958,960,37.91886689872173,37.92541125539523,0.1647528224006795,Safe
I,I_W384,961,963,37.77160552657005,38.105426253760776,8.403867595299499,Safe
I,I_W385,963,965,38.522610138238576,38.47180889737371,1.278910706048856,Safe
I,I_W386,966,968,40.103983904761904,38.52334904306894,39.79215492689519,Moderate
I,I_W387,968,970,36.61831276923077,37.41034333579642,19.939205299989755,Safe
I,I_W388,971,973,34.94608305050505,35.622437017444,17.027070887851053,Safe
I,I_W389,973,975,38.446169272727275,37.96346895903093,12.151880318072337,Safe
I,I_W39,98,100,44.76870659498208,44.437826502762,8.329837719601208,Safe
I,I_W390,976,978,37.03689038383838,37.715818265172715,17.09186864909997,Safe
I,I_W391,978,980,36.512932285714285,36.81636114050615,7.6387585088666485,Safe
I,I_W392,981,983,38.57372357706093,37.959432926642314,15.464639762164776,Safe
I,I_W393,983,985,38.99182957706093,38.40707739754233,14.721014881527866,Safe
I,I_W394,986,988,37.78415789030218,38.26198380096121,12.029168232227832,Safe
I,I_W395,988,990,38.13735044134727,38.04128908511523,2.418324726546231,Safe
I,I_W396,991,993,35.16359136507937,35.472377461960555,7.773625967737371,Safe
I,I_W397,993,995,37.38942831645478,38.98548161733858,40.180310936788175,Moderate
I,I_W398,996,998,39.18579572225114,39.04090031614049,3.647711807377944,Safe
I,I_W399,998,1000,40.67597601619434,39.434017213769685,31.266055353208383,Safe
I,I_W4,11,13,58.89686244917258,61.57047560720348,67.30765692780021,Dangerous
I,I_W40,101,103,44.25499857813309,43.60709519773009,16.310833270526295,Safe
I,I_W400,1001,1003,40.518716163110476,38.87865622503487,41.28816890410692,Moderate
I,I_W401,1003,1005,37.5876554701503,37.543715733418985,1.1061737620963694,Safe
I,I_W402,1006,1008,40.84417742028985,39.852880777284,24.955687460132914,Safe
I,I_W403,1008,1010,39.85851505126128,38.56412594261086,32.58597744196053,Safe
I,I_W404,1011,1013,41.61950749148234,39.259418938290494,59.41474000466796,Moderate
I,I_W405,1013,1015,40.951374601307194,39.2178267559092,43.641707587910886,Moderate
I,I_W406,1016,1018,41.7846253292162,39.03872486361125,69.12747490850315,Dangerous
I,I_W407,1018,1020,40.18382914285714,40.273116697927875,2.2477956867361883,Safe
I,I_W408,1021,1023,36.29563496903461,37.13971137047494,21.249448402191607,Safe
I,I_W409,1023,1025,35.41330127206491,35.52112471346823,2.7144327820762086,Safe
I,I_W41,103,105,43.980126248816774,43.3631604006774,15.531987310130631,Safe
I,I_W410,1026,1028,37.172916383838384,37.77985256488737,15.279492520601345,Safe
I,I_W411,1028,1030,37.6226155653884,37.70672707231941,2.117489747979178,Safe
I,I_W412,1031,1033,38.15440159850607,38.026947026133854,3.2086424340560615,Safe
I,I_W413,1033,1035,36.71083228860029,36.95992804254917,6.270933960136356,Safe
I,I_W414,1036,1038,38.821864444444444,38.72062643683876,2.548645851592145,Safe
I,I_W415,1038,1040,39.73842932505176,38.94005886769936,20.098810736083745,Safe
I,I_W416,1041,1043,40.08387932505176,39.24977008048662,20.998527294369467,Safe
I,I_W417,1043,1045,38.15998448856605,37.18095089620873,24.646967702579335,Safe
I,I_W418,1046,1048,36.348015363230076,36.393808256570516,1.1528265955123218,Safe
I,I_W419,1048,1050,34.36775716789517,34.273897696090685,2.3628927426036532,Safe
I,I_W42,106,108,43.62169061037474,44.429818438768685,20.344450529039143,Safe
I,I_W420,1051,1053,33.05050053832442,34.2530667371774,30.274354725639636,Safe
I,I_W421,1053,1055,38.53288514285714,38.44495919220046,2.213517577916665,Safe
I,I_W422,1056,1058,39.445241333333335,38.083143513521044,34.29053020727648,Moderate
I,I_W423,1058,1060,36.84808457981431,36.83353785891763,0.3662106825728843,Safe
I,I_W424,1061,1063,38.11076019819819,37.066804926902925,26.281357509498932,Safe
I,I_W425,1063,1065,36.505322285714286,36.81636114050615,7.830338681069938,Safe
I,I_W426,1066,1068,33.680621915708805,33.48971411874641,4.806064207228271,Safe
I,I_W427,1068,1070,34.37282675213675,35.04698642488103,16.97182998644761,Safe
I,I_W428,1071,1073,37.1198654701503,37.458539035467126,8.526036788975262,Safe
I,I_W429,1073,1075,40.68471201360544,39.30699462698973,34.68374956311626,Moderate
I,I_W43,108,110,47.654628831669996,48.445810484384864,19.917834069803362,Safe
I,I_W430,1076,1078,40.444768065359476,39.503776065551456,23.68927849739095,Safe
I,I_W431,1078,1080,38.22873448856605,37.76783699861633,11.602998750674614,Safe
I,I_W432,1081,1083,35.74882468940642,36.58199483315544,20.974885626029348,Safe
I,I_W433,1083,1085,33.352694280701755,33.36806554437285,0.3869683759645342,Safe
I,I_W434,1086,1088,36.51826311111111,37.07365594795605,13.981899516850294,Safe
I,I_W435,1088,1090,37.015403431331954,37.374028306161016,9.028306869400446,Safe
I,I_W436,1091,1093,36.97919848713738,37.40604720379993,10.745827942571244,Safe
I,I_W437,1093,1095,35.54947420779221,35.17838602963723,9.342067946588472,Safe
I,I_W438,1096,1098,36.17524096903461,36.62339599934289,11.282209971121382,Safe
I,I_W439,1098,1100,37.13436618490246,37.31837814518894,4.632462948639857,Safe
I,I_W44,111,113,44.98626539495798,44.365674424629965,15.623249009625836,Safe
I,I_W440,1101,1103,38.153645262411345,38.40076054874851,6.2210760986255815,Safe
I,I_W441,1103,1105,37.85086117390118,37.48436200184777,9.226540669429413,Safe
I,I_W442,1106,1108,38.692798870870874,38.7535861742165,1.530307758571525,Safe
I,I_W443,1108,1110,34.92279194444445,35.002546695745814,2.0078093282978595,Safe
I,I_W444,1111,1113,36.49922720325203,37.148114629449566,16.335606419379424,Safe
I,I_W445,1113,1115,35.90383525047081,36.47449352788495,14.36620381816526,Safe
I,I_W446,1116,1118,35.338890232055064,35.61357050645265,6.915018957942046,Safe
I,I_W447,1118,1120,36.255317203252034,37.13971137047494,22.264439796603945,Safe
I,I_W448,1121,1123,35.26582761403509,35.31674535547802,1.2818435839473754,Safe
I,I_W449,1123,1125,35.96671428333712,37.32330380183865,34.151859863825315,Moderate
I,I_W45,113,115,42.24024634920635,41.46183873134122,19.59625039092781,Safe
I,I_W450,1126,1128,37.85536005128206,38.63889906514819,19.72543222135003,Safe
I,I_W451,1128,1130,39.704950500506584,39.78797919358042,2.090230133626814,Safe
I,I_W452,1131,1133,40.66269006535948,40.314561362749195,8.764067909985302,Safe
I,I_W453,1133,1135,40.28595073504273,39.93984131041299,8.713233005486273,Safe
I,I_W454,1136,1138,38.85246552657005,38.18452249602567,16.815327307974258,Safe
I,I_W455,1138,1140,40.30649542547425,38.87268448731785,36.095893093163575,Moderate
I,I_W456,1141,1143,39.95315294017094,38.52332015971148,35.995743797942374,Moderate
I,I_W457,1143,1145,38.49155759850608,38.03432281953686,11.510790761137816,Safe
I,I_W458,1146,1148,38.26119005128206,39.23808776833522,24.593197484632395,Safe
I,I_W459,1148,1150,36.12038857981432,36.64154762619534,13.120070939682298,Safe
I,I_W46,116,118,274.4949652380951,274.2755964773549,5.522563069465958,Safe
I,I_W460,1151,1153,37.072890198198195,37.36334232700752,7.312072122747068,Safe
I,I_W461,1153,1155,38.16849107711536,38.75791969253382,14.838743185731746,Safe
I,I_W462,1156,1158,40.05636957731157,40.593835437931816,13.530591607229908,Safe
I,I_W463,1158,1160,37.51029523809524,37.644119176692705,3.3689899082031496,Safe
I,I_W464,1161,1163,36.226669904761906,36.61633808174837,9.809815564942319,Safe
I,I_W465,1163,1165,37.59223723809524,38.32741490150106,18.50794525036855,Safe
I,I_W466,1166,1168,37.86622058380414,39.01126070199017,28.826147571847827,Safe
I,I_W467,1168,1170,36.09304345846817,37.79834267029454,42.930554094591514,Moderate
I,I_W468,1171,1173,36.5122501029601,36.872318475253344,9.06464661877793,Safe
I,I_W469,1173,1175,35.364905473389356,36.23646065753843,21.94122105965252,Safe
I,I_W47,118,120,1109.3114283492064,1104.2944438425488,100.0,Dangerous
I,I_W470,1176,1178,37.05491019819819,37.79834267029454,18.71575834766628,Safe
I,I_W471,1178,1180,36.95916838383839,37.70672707231941,18.81963498965372,Safe
I,I_W472,1181,1183,38.32242591713748,38.34160807776131,0.4829069166286775,Safe
I,I_W473,1183,1185,39.016783490196076,38.43831000025192,14.562950173264664,Safe
I,I_W474,1186,1188,35.99117228333712,36.90024384010619,22.885687962015478,Safe
I,I_W475,1188,1190,38.06785507711537,37.56289607534634,12.71223817536344,Safe
I,I_W476,1191,1193,32.61981930479104,33.41668201455791,20.060853503222443,Safe
I,I_W477,1193,1195,32.86788353153153,33.166789263994005,7.52488984201223,Safe
I,I_W478,1196,1198,36.78324176744186,37.16379112702559,9.580251227451473,Safe
I,I_W479,1198,1200,32.97151803174603,33.53832063429568,14.269138002856616,Safe
I,I_W48,121,123,187.06114195604394,190.1022786712952,76.5599862814201,Dangerous
I,I_W480,1201,1203,33.27642125541126,34.27601905562713,25.164667371799453,Safe
I,I_W481,1203,1205,34.33419934171908,35.208769582554694,22.017124486618435,Safe
I,I_W482,1206,1208,37.2520375653884,37.98523992351728,18.458217349565547,Safe
I,I_W483,1208,1210,33.43814896969697,34.73459926364423,32.63786735445872,Safe
I,I_W484,1211,1213,37.593800207129846,37.95242704302742,9.028356238893666,Safe
I,I_W485,1213,1215,36.863194068376075,37.189587758212845,8.216893469776338,Safe
I,I_W486,1216,1218,35.89132,35.59911981379317,7.356079105300835,Safe
I,I_W487,1218,1220,32.25265000838574,33.37306042508092,28.206099943341666,Safe
I,I_W488,1221,1223,35.59124671794872,35.75484408277358,4.118529740493056,Safe
I,I_W489,1223,1225,33.51244338461538,33.765670745597426,6.3749463105816835,Safe
I,I_W49,123,125,147.00794727562925,146.78743767508325,5.551283475043618,Safe
I,I_W490,1226,1228,34.867963050505054,35.540647155046535,16.93468286287485,Safe
I,I_W491,1228,1230,34.47174241952233,35.43958793644291,24.36531022310568,Safe
I,I_W492,1231,1233,36.3203002437276,35.68053138557089,16.10604835952298,Safe
I,I_W493,1233,1235,35.39867819323671,35.68053138557089,7.095595679820005,Safe
I,I_W494,1236,1238,37.321972,37.41605727962132,2.3685774075752186,Safe
I,I_W495,1238,1240,37.91851634920635,37.59707750384669,8.092156287362979,Safe
I,I_W496,1241,1243,32.75758171717172,33.32579127564534,14.304557826535506,Safe
I,I_W497,1243,1245,34.845645050505055,35.36902689744395,13.176029482869037,Safe
I,I_W498,1246,1248,39.521833733923685,39.50002611661853,0.5490022442398947,Safe
I,I_W499,1248,1250,36.18073390476191,36.95992804254917,19.616050866896664,Safe
I,I_W5,13,15,63.93518435393449,67.24295841467084,83.27252617154645,Dangerous
I,I_W50,126,128,41.558065839769334,40.54221359981125,25.573869522243758,Safe
I,I_W500,1251,1253,36.65240267505241,36.82630200473455,4.377879569847954,Safe
I,I_W501,1253,1255,39.270210727272726,39.743301536173796,11.909963027209455,Safe
I,I_W502,1256,1258,37.866094051282055,38.59937922073875,18.46030210757384,Safe
I,I_W503,1258,1260,38.75075723809524,39.40151444673912,16.382677804800473,Safe
I,I_W504,1261,1263,39.44271394444445,39.97188097288439,13.321670227704493,Safe
I,I_W505,1263,1265,39.467088601307196,40.13554380880594,16.828221256609744,Safe
I,I_W506,1266,1268,37.802868799160436,38.00358424569415,5.052969751746454,Safe
I,I_W507,1268,1270,37.600174488566054,38.20805159282357,15.30318006729262,Safe
I,I_W508,1271,1273,40.081073563818215,40.96302064848302,22.202835000562203,Safe
I,I_W509,1273,1275,39.468397396825395,40.01318856574885,13.715004724992186,Safe
I,I_W51,128,130,137.33207649974398,137.72163958866017,9.807169994561377,Safe
I,I_W510,1276,1278,37.47961350326797,38.2158228917726,18.533918715821496,Safe
I,I_W511,1278,1280,37.12050227234754,37.15315241395433,0.8219605455310972,Safe
I,I_W512,1281,1283,39.40650072727273,39.743301536173796,8.478890534490953,Safe
I,I_W513,1283,1285,36.85686527777778,37.15315241395433,7.458967223433055,Safe
I,I_W514,1286,1288,37.03720925453409,38.30906891389111,32.01880322707547,Safe
I,I_W515,1288,1290,35.97197965761757,37.20776392569218,31.11061273112471,Safe
I,I_W516,1291,1293,37.697266119658124,38.229675150993415,13.403286978423859,Safe
I,I_W517,1293,1295,37.126916198198195,37.715818265172715,14.825487437826004,Safe
I,I_W518,1296,1298,35.67118688888889,36.81636114050615,28.829524353169106,Safe
I,I_W519,1298,1300,36.674835277777774,37.131543432346895,11.497533101051529,Safe
I,I_W52,131,133,512.325342379085,506.8146040381531,100.0,Dangerous
I,I_W520,1301,1303,37.133364272347535,37.15315241395433,0.4981623622356316,Safe
I,I_W521,1303,1305,38.40818887087087,39.44091175089858,25.998584388172475,Safe
I,I_W522,1306,1308,42.73873420644313,41.87775052908724,21.675085567946013,Safe
I,I_W523,1308,1310,40.70682479916044,41.992611066994094,32.369402708042905,Safe
I,I_W524,1311,1313,42.55672273504274,43.64024234532725,27.27738154059867,Safe
I,I_W525,1313,1315,40.70230539495799,40.55261167570259,3.768508345952786,Safe
I,I_W526,1316,1318,37.53898242972774,37.213825536988885,8.185757359263924,Safe
I,I_W527,1318,1320,35.380688666666664,34.232712414952644,28.900064124660616,Safe
I,I_W528,1321,1323,41.86277311111111,40.0918043338728,44.5837717884333,Moderate
I,I_W529,1323,1325,39.73186,40.560450102528584,20.859584037894095,Safe
I,I_W53,133,135,437.91945857813306,435.45516509828934,62.03807742811055,Moderate
I,I_W530,1326,1328,38.61659819047619,40.405126522491045,45.02582993927483,Moderate
I,I_W531,1328,1330,37.75202844134728,38.318442045436235,14.25934504726051,Safe
I,I_W532,1331,1333,42.72341463203463,43.94241889374963,30.6881795500542,Safe
I,I_W533,1333,1335,45.29659212698413,44.28979615000253,25.345879979464055,Safe
I,I_W534,1336,1338,39.83527410896611,40.26884925348969,10.915164369368831,Safe
I,I_W535,1338,1340,36.77150776744186,37.97590395573609,30.320424330407636,Safe
I,I_W536,1341,1343,39.837642052287585,39.44091175089858,9.987603082571834,Safe
I,I_W537,1343,1345,40.91998699238965,41.63127487095549,17.906524870139314,Safe
I,I_W538,1346,1348,44.360283482073484,43.724851288683425,15.996873723151934,Safe
I,I_W539,1348,1350,170.02778415686277,175.25988682398656,100.0,Dangerous
I,I_W54,136,138,127.51561491039425,126.9841285398205,13.380059185049062,Safe
I,I_W540,1351,1353,122.58145420420419,121.0614674980285,38.265350186052565,Moderate
I,I_W541,1353,1355,43.47592744217687,42.869200879597635,15.274215419085921,Safe
I,I_W542,1356,1358,41.42071149206349,41.02890327124397,9.863690724739953,Safe
I,I_W543,1358,1360,37.2391762437276,37.37081649753412,3.314016096338955,Safe
I,I_W544,1361,1363,42.0455322066487,41.99343956982007,1.3114213316889913,Safe
I,I_W545,1363,1365,43.27732475362319,42.639418049509835,16.059169017565594,Safe
I,I_W546,1366,1368,38.82773020712985,39.26866623101814,11.100472981229414,Safe
I,I_W547,1368,1370,37.994417431331954,37.299745340944646,17.4882258477299,Safe
I,I_W548,1371,1373,41.17956866666667,40.984690081770346,4.906027970193469,Safe
I,I_W549,1373,1375,38.81842159850607,38.28291208665251,13.481340932642416,Safe
I,I_W55,138,140,47.625418169116486,46.13611033443354,37.49301595693537,Moderate
I,I_W550,1376,1378,34.2306149318394,34.15222549634328,1.9734377859745083,Safe
I,I_W551,1378,1380,38.75284263203463,39.748635042018186,25.068867461680167,Safe
I,I_W552,1381,1383,37.520208947368424,38.10557024480745,14.736349298884942,Safe
I,I_W553,1383,1385,40.14645500115631,40.26884925348969,3.081249926244746,Safe
I,I_W554,1386,1388,38.24265851587302,37.74355232248506,12.564894937844578,Safe
I,I_W555,1388,1390,39.17440028046134,38.76669256079897,10.263957311633398,Safe
I,I_W556,1391,1393,41.882283428571434,42.20101965414196,8.024118394511184,Safe
I,I_W557,1393,1395,37.06066363522012,36.75832478720981,7.611317814134372,Safe
I,I_W558,1396,1398,33.15765803174603,33.21644426231326,1.4799311662618164,Safe
I,I_W559,1398,1400,33.18383403174603,33.35361989441069,4.2743238905362695,Safe
I,I_W56,141,143,40.24233601360544,41.61549129036319,34.568899393313465,Moderate
I,I_W560,1401,1403,35.004522638124364,35.3243868841138,8.0525160746825,Safe
I,I_W561,1403,1405,32.75037330479103,33.251261302891265,12.609751502050875,Safe
I,I_W562,1406,1408,32.27485961904762,32.98306581384769,17.82894412026794,Safe
I,I_W563,1408,1410,32.86930971717172,33.089084623138625,5.532787691340813,Safe
I,I_W564,1411,1413,37.58044638383838,37.28402287834377,7.4624002927414015,Safe
I,I_W565,1413,1415,37.584066603174605,36.90703716793666,17.04407566223218,Safe
I,I_W566,1416,1418,39.58744053658536,39.85813550109978,6.814689607915608,Safe
I,I_W567,1418,1420,43.86876754385965,43.21430857988416,16.475868727781197,Safe
I,I_W568,1421,1423,39.924785733923684,39.68304405631746,6.085796612945299,Safe
I,I_W569,1423,1425,38.96967258380415,39.33326374022337,9.153331978763612,Safe
I,I_W57,143,145,38.78514287087087,40.84356882837236,51.82044670247989,Moderate
I,I_W570,1426,1428,40.58231577777778,40.21069684659964,9.355429543904508,Safe
I,I_W571,1428,1430,40.20520357706093,41.94181739897155,43.71889291094123,Moderate
I,I_W572,1431,1433,38.719235142857144,38.717945707782114,0.032461260672698736,Safe
I,I_W573,1433,1435,39.052029142857144,37.69238530031327,34.22875183833217,Moderate
I,I_W574,1436,1438,38.93902323809524,37.90875513156328,25.936785974370142,Safe
I,I_W575,1438,1440,39.632108207129846,39.41258967983349,5.526333411465241,Safe
I,I_W576,1441,1443,38.13429048856605,38.35148897955441,5.46792697842918,Safe
I,I_W577,1443,1445,39.86274472727273,40.23666951599164,9.413479029415432,Safe
I,I_W578,1446,1448,40.59438657142857,41.44132319830818,21.3214539846091,Safe
I,I_W579,1448,1450,39.98071428046134,40.46802385517637,12.267917508570344,Safe
I,I_W58,146,148,563.9030391803911,561.6608144539205,56.44754260390846,Moderate
I,I_W580,1451,1453,38.86805396114664,39.489454994211336,15.643642171069704,Safe
I,I_W581,1453,1455,40.13771157731158,40.593835437931816,11.482823622031248,Safe
I,I_W582,1456,1458,40.09800411206989,41.05452632529893,24.080248400354627,Safe
I,I_W583,1458,1460,38.23256834920635,38.57516649675405,8.62483733294591,Safe
I,I_W584,1461,1463,38.99632820712985,39.32910612612284,8.377615115128979,Safe
I,I_W585,1463,1465,41.61791341991342,41.115335359997076,12.652298457867584,Safe
I,I_W586,1466,1468,41.02160651798272,41.13325283373288,2.8106728511537593,Safe
I,I_W587,1468,1470,42.25037855973267,41.59914927206274,16.39456229640409,Safe
I,I_W588,1471,1473,40.043679142857144,39.7547642836056,7.273371680354998,Safe
I,I_W589,1473,1475,51.97407216500332,51.732559883660954,6.080021609563949,Safe
I,I_W59,148,150,523.6084142789944,527.1385021408246,88.86923002131441,Dangerous
I,I_W590,1476,1478,47.24693341991342,46.6707928261051,14.504219996728962,Safe
I,I_W591,1478,1480,39.420018,41.109320527952455,42.52784089469072,Moderate
I,I_W592,1481,1483,43.589328578133106,42.02076004926396,39.48838749979271,Moderate
I,I_W593,1483,1485,40.687797549618715,41.69653503285615,25.39475699691821,Safe
I,I_W594,1486,1488,44.12495611764705,45.548378762948424,35.834369974363895,Moderate
I,I_W595,1488,1490,49.53196491831204,49.9977381986874,11.725745763732686,Safe
I,I_W596,1491,1493,50.99108939495798,52.0601785817071,26.91409861998404,Safe
I,I_W597,1493,1495,49.70873048713739,50.79336144985964,27.30535960779981,Safe
I,I_W598,1496,1498,43.57595127206491,44.32818187755763,18.937249531785227,Safe
I,I_W599,1498,1500,44.589254666666676,48.27745606904635,92.84970562264644,Dangerous
I,I_W6,16,18,792.8243984491725,800.6633114591523,100.0,Dangerous
I,I_W60,151,153,366.56820148182277,372.597369390717,100.0,Dangerous
I,I_W600,1501,1503,43.44484075362318,45.30914597056949,46.93349730644916,Moderate
I,I_W601,1503,1505,43.93155391570882,47.11754661181935,80.20670556626831,Dangerous
I,I_W602,1506,1508,68.13492267651748,67.42578521113994,17.85238866397347,Safe
I,I_W603,1508,1510,257.97825702658247,255.65724172259226,58.43107905715264,Moderate
I,I_W604,1511,1513,123.0077241088435,121.98750702997879,25.683753436747338,Safe
I,I_W605,1513,1515,45.32469405128205,46.5153285525641,29.973976713114492,Safe
I,I_W606,1516,1518,77.09525001619433,74.74439979972523,59.18216679307589,Moderate
I,I_W607,1518,1520,63.958126083694076,64.31186077770148,8.90519758110639,Safe
I,I_W608,1521,1523,53.791348000000006,53.744728028874604,1.173648107269022,Safe
I,I_W609,1523,1525,41.9950467094548,41.84318592290798,3.823063815711938,Safe
I,I_W61,153,155,322.5804740136054,317.5307962217463,100.0,Dangerous
I,I_W610,1526,1528,40.66743551044277,40.57484703188848,2.3308957510476005,Safe
I,I_W611,1528,1530,73.98154677655678,73.95854211371332,0.5791376174808492,Safe
I,I_W612,1531,1533,213.47569549206352,214.66358033288475,29.904754581105976,Safe
I,I_W613,1533,1535,188.1185393064713,189.50138952412647,34.81296752033444,Moderate
I,I_W614,1536,1538,55.22125857142858,53.00311850309913,55.84121632872381,Moderate
I,I_W615,1538,1540,90.36856208369407,90.09369973830603,6.919602557377604,Safe
I,I_W616,1541,1543,77.83763208369407,75.19532608607834,66.51950565532549,Dangerous
I,I_W617,1543,1545,67.605048,65.94094116355859,41.89354458477373,Moderate
I,I_W618,1546,1548,75.15353857142856,74.04558210674273,27.892574283609306,Safe
I,I_W619,1548,1551,38.36131119191919,37.7527580023392,15.320200375111783,Safe
I,I_W62,156,158,165.26857514285715,165.50676344078454,5.996341016260225,Safe
I,I_W620,1551,1554,37.878395481822835,38.40402325429682,13.23257019256252,Safe
I,I_W621,1555,1558,37.82222215686274,38.0734517394641,6.324652654051227,Safe
I,I_W622,1558,1561,38.40150689439853,38.67120538034373,6.789603466537401,Safe
I,I_W623,1561,1564,39.147104208144796,38.48009763223444,16.79175225671978,Safe
I,I_W624,1565,1568,40.29760370903278,41.71592668816358,35.70598693584384,Moderate
I,I_W625,1568,1571,39.80493558974359,39.61006393200493,4.905853580435691,Safe
I,I_W626,1571,1574,41.153777537537536,41.78384362956432,15.861783233896217,Safe
I,I_W627,1575,1578,42.31225684848485,42.009344033672114,7.625767309383609,Safe
I,I_W628,1578,1581,40.47626049974398,40.57624248299972,2.5170256989962416,Safe
I,I_W629,1581,1584,36.11243096903461,35.76787543052878,8.674114244487068,Safe
I,I_W63,158,160,49.33277412698413,47.836919643606116,37.65782648050369,Moderate
I,I_W630,1585,1588,35.17258023205507,35.376270372330694,5.127857049949813,Safe
I,I_W631,1588,1591,39.741196060606065,39.84111093095274,2.51533614542519,Safe
I,I_W632,1591,1594,39.57756394444445,39.52655801107793,1.2840637973386935,Safe
I,I_W633,1595,1598,39.8797469390142,39.698523565038826,4.562260866421027,Safe
I,I_W634,1598,1601,41.43334082352941,40.46422564592296,24.39727366763117,Safe
I,I_W635,1601,1604,42.00965740788301,42.151211760837874,3.5636014868881594,Safe
I,I_W636,1605,1608,43.493246161616156,41.47651327512964,50.77083228398668,Moderate
I,I_W637,1608,1611,36.007541916391645,36.178436906212816,4.302245936743847,Safe
I,I_W638,1611,1614,37.926886579814315,36.66052478876238,31.88039553237913,Safe
I,I_W639,1615,1618,33.62701079180151,33.49466104254619,3.331877497161252,Safe
I,I_W64,161,163,43.59559514285714,43.92672264400001,8.336066187936623,Safe
I,I_W640,1618,1621,37.666200344287944,36.73717329349247,23.388063386717256,Safe
I,I_W641,1621,1624,42.296399116040064,40.94365602130643,34.055026942955344,Moderate
I,I_W642,1625,1628,41.44018601360544,40.67457702302609,19.274047602573535,Safe
I,I_W643,1628,1631,40.81579010884353,41.09708507861365,7.081542542507401,Safe
I,I_W644,1631,1634,40.8679207094548,41.11654616231241,6.259094227671951,Safe
I,I_W645,1635,1638,42.29633999671593,41.98255470137021,7.899479752588021,Safe
I,I_W646,1638,1641,41.6000695771526,40.55288604049824,26.362628420591445,Safe
I,I_W647,1641,1644,45.74550085355944,45.45331804563879,7.355641610549488,Safe
I,I_W648,1645,1648,46.32466503196348,45.03734802404582,32.407938772286165,Safe
I,I_W649,1648,1651,42.99847834688347,42.017724739076115,24.69026873491963,Safe
I,I_W65,163,165,84.05470196114665,86.19034571707532,53.76438876816165,Moderate
I,I_W650,1651,1654,43.56287754248366,42.0385982151007,38.37341603494792,Moderate
I,I_W651,1655,1658,40.878779394957974,41.016529988558155,3.4678426337751715,Safe
I,I_W652,1658,1661,39.16638472727273,39.386761059959774,5.547928484325268,Safe
I,I_W653,1661,1664,43.51025803003003,42.98041047728665,13.33880228594913,Safe
I,I_W654,1665,1668,41.792949946554145,41.78384362956432,0.22924964218763574,Safe
I,I_W655,1668,1671,40.78458610356964,39.972822642503225,20.435976827785495,Safe
I,I_W656,1671,1674,39.56604285156912,39.70017913249415,3.376853061540932,Safe
I,I_W657,1675,1678,35.971626283337116,36.81074893404322,21.12473875452851,Safe
I,I_W658,1678,1681,38.71492823618451,39.00132504828237,7.209980365332775,Safe
I,I_W659,1681,1684,37.82877484848485,37.240119592086955,14.819274032731158,Safe
I,I_W66,166,168,265.4649089821356,259.5547871943047,100.0,Dangerous
I,I_W660,1685,1688,41.14565443410852,40.453522422025145,17.424279903068033,Safe
I,I_W661,1688,1691,76.34763939495798,74.9331391058739,35.6097515064836,Moderate
I,I_W662,1691,1694,49.05136813258637,47.2238080800631,46.00844541054848,Moderate
I,I_W663,1695,1698,42.55559918039112,43.271956434021234,18.03414533633879,Safe
I,I_W664,1698,1701,38.81510661111111,38.79746649789215,0.44408619292693063,Safe
I,I_W665,1701,1704,42.19819994871794,42.02372769284807,4.39230286783809,Safe
I,I_W666,1705,1708,41.616023203007515,42.44016014746683,20.74747670678238,Safe
I,I_W667,1708,1711,41.27322533333333,41.55514269737653,7.097211189289922,Safe
I,I_W668,1711,1714,42.84452461687691,41.78384362956432,26.702423942458392,Safe
I,I_W669,1715,1718,38.33417005128206,38.84306473277567,12.811318096437411,Safe
I,I_W67,168,170,297.3663756245211,294.1666624691865,80.55211528254273,Dangerous
I,I_W670,1718,1721,38.9376698699187,39.649148602977064,17.91132959241851,Safe
I,I_W671,1721,1724,34.88999485156913,36.75832478720981,47.034818765126964,Moderate
I,I_W672,1725,1728,40.09537072727272,39.502265654946335,14.931297226141691,Safe
I,I_W673,1728,1731,41.3346989390142,41.78058244103429,11.225024717426745,Safe
I,I_W674,1731,1734,50.93296587930062,49.738507135074485,30.070251236343783,Safe
I,I_W675,1735,1738,40.02747133333334,40.563388922455836,13.491614193280402,Safe
I,I_W676,1738,1741,37.623169304791034,39.51674503475197,47.670376402877764,Moderate
I,I_W677,1741,1744,39.94382466666667,39.70017913249415,6.133725807271491,Safe
I,I_W678,1745,1748,41.750523515151514,42.20101965414196,11.341146896808128,Safe
I,I_W679,1748,1751,44.79796254780362,43.375691888813414,35.80536895782398,Moderate
I,I_W68,171,173,151.4606189401709,150.00013692424102,36.767331946342004,Moderate
I,I_W680,1751,1754,112.83856466666667,111.02428039940825,45.67423026900125,Moderate
I,I_W681,1755,1758,44.18082060896255,43.29779514932897,22.229982866819512,Safe
I,I_W682,1758,1761,41.08554691831204,41.05452632529893,0.7809369975427184,Safe
I,I_W683,1761,1764,38.983795126680825,39.14124581012438,3.9637883111226526,Safe
I,I_W684,1765,1768,39.12213891718243,39.596674451305134,11.946333685126222,Safe
I,I_W685,1768,1771,40.49622477655678,40.981588207130294,12.218923733305754,Safe
I,I_W686,1771,1774,42.86699538562092,42.236180059254664,15.880645053052,Safe
I,I_W687,1775,1778,43.10721034688348,42.161029118467205,23.819916251710428,Safe
I,I_W688,1778,1781,43.0167829032258,42.4345577407171,14.657397752235099,Safe
I,I_W689,1781,1784,39.88236558974359,39.53195825039702,8.8214321173871,Safe
I,I_W69,173,175,53.37119576068376,51.943876007171625,35.932478865574566,Moderate
I,I_W690,1785,1788,961.1554782433271,965.5184368143557,100.0,Dangerous
I,I_W691,1788,1791,1296.0758155104425,1317.152355521422,100.0,Dangerous
I,I_W692,1791,1794,70.63248794655416,67.69404305447858,73.97474092427566,Dangerous
I,I_W693,1795,1798,42.804829460317464,42.50842546800721,7.46190905237096,Safe
I,I_W694,1798,1801,33.757634931839405,35.042383689970706,32.343283616395055,Safe
I,I_W695,1801,1804,44.00360794655415,43.18806786186318,20.531052544518598,Safe
I,I_W696,1805,1808,57.95183871895425,56.408931304017884,38.84237427690573,Moderate
I,I_W697,1808,1811,73.41584057142856,72.03157559070074,34.848583887362594,Moderate
I,I_W698,1811,1814,62.35029702031666,63.09754463414152,18.811803749680625,Safe
I,I_W699,1815,1818,60.19976895238096,63.18963180458734,75.26917740997895,Dangerous
I,I_W7,18,20,1159.2917687936506,1171.5529048816281,100.0,Dangerous
I,I_W70,176,178,183.66313410884354,182.4183512711751,31.33714985495733,Safe
I,I_W700,1818,1821,65.51935999023199,67.66199472715161,53.94038526515455,Moderate
I,I_W701,1821,1824,50.24288891831204,49.273040422375395,24.415734804553352,Safe
I,I_W702,1825,1828,90.57548657142856,91.90834729389422,33.55449234336181,Moderate
I,I_W703,1828,1831,181.0808308364544,176.61511513131677,100.0,Dangerous
I,I_W704,1831,1834,147.23392753753754,148.51801538757516,32.32664539216412,Safe
I,I_W705,1835,1838,147.190008,147.6889931321838,12.561847247129847,Safe
I,I_W706,1838,1841,183.3696057777778,184.7969051003516,35.93196452093833,Moderate
I,I_W707,1841,1844,177.4842260083858,181.6961664917261,100.0,Dangerous
I,I_W708,1845,1848,46.926224156862745,46.710650191093855,5.427029892845142,Safe
I,I_W709,1848,1851,36.862342051282056,37.3073294425547,11.202465315152384,Safe
I,I_W71,178,180,120.90755552657006,122.2174666093611,32.9767399227481,Safe
I,I_W710,1851,1854,38.76496823655914,40.386056556363116,40.810562347542515,Moderate
I,I_W711,1855,1858,44.67653561904762,42.49538532070228,54.910006538537715,Moderate
I,I_W712,1858,1861,43.44854859498208,44.14545310896293,17.544426648844546,Safe
I,I_W713,1861,1864,47.1762649032258,47.02121164182568,3.9034337082414945,Safe
I,I_W714,1865,1868,46.57800391627601,45.79578595893143,19.6921748973174,Safe
I,I_W715,1868,1871,50.606352085470085,49.77160316063585,21.014631112517748,Safe
I,I_W716,1871,1874,45.85361620861677,45.303449515420645,13.850332434038384,Safe
I,I_W717,1875,1878,43.62994297052154,41.876064404252595,44.15352927062759,Moderate
I,I_W718,1878,1881,87.31488403894618,82.95099466767397,100.0,Dangerous
I,I_W719,1881,1884,69.46162423655915,67.9429050323939,38.23344108573361,Moderate
I,I_W72,181,183,47.25710307711536,47.36328702387083,2.6731588442364025,Safe
I,I_W720,1885,1888,43.35737284848484,42.71089381271841,16.274975689612944,Safe
I,I_W721,1888,1891,51.49830045410627,50.051518833512525,36.4224273342858,Moderate
I,I_W722,1891,1894,39.0231709318394,39.16189864274569,3.492441359368702,Safe
I,I_W723,1895,1898,42.772012821827744,42.96375996098735,4.8271944730206995,Safe
I,I_W724,1898,1901,41.89708555555556,42.46567412102505,14.314099249076273,Safe
I,I_W725,1901,1904,44.646493060088545,43.104552757950906,38.81802741271125,Moderate
I,I_W726,1905,1908,216.35571565656568,214.44179800892718,48.18247996287944,Moderate
I,I_W727,1908,1911,183.35800940170944,184.82387110980946,36.90276458134311,Moderate
I,I_W728,1911,1914,49.02246866666667,48.49254927633734,13.34061078228099,Safe
I,I_W729,1915,1918,63.385393162393164,64.13651950063316,18.90944983264776,Safe
I,I_W73,183,185,44.13412020730797,43.728856033647695,10.202441547656095,Safe
I,I_W730,1918,1921,40.44523514285714,40.09185129561558,8.896365086518122,Safe
I,I_W731,1921,1924,982.3029680000001,990.1179103366482,100.0,Dangerous
I,I_W732,1925,1928,1653.6969847536234,1542.3141558738712,100.0,Dangerous
I,I_W733,1928,1931,611.083680344288,607.9864384518347,77.9724224850819,Dangerous
I,I_W734,1931,1934,114.64318200105315,111.37116076010952,82.37245634596924,Dangerous
I,I_W735,1935,1938,42.97028701983552,41.8826574092097,27.38084994705637,Safe
I,I_W736,1938,1941,340.7288303980913,333.76571457900286,100.0,Dangerous
I,I_W737,1941,1944,1000.8435355897436,1006.974144788711,100.0,Dangerous
I,I_W738,1945,1948,728.2132782437276,719.0527858692445,100.0,Dangerous
I,I_W739,1948,1951,1060.7724834188034,1048.365693933647,100.0,Dangerous
I,I_W74,186,188,55.78071587878788,50.88187499102805,100.0,Dangerous
I,I_W740,1951,1954,1050.4417917314245,1042.1209545214635,100.0,Dangerous
I,I_W741,1955,1958,777.5126646089626,768.057942743813,100.0,Dangerous
I,I_W742,1958,1961,1296.5681869171826,1325.5869551325059,100.0,Dangerous
I,I_W743,1961,1964,201.8436366666667,201.9835325242504,3.5218492097782295,Safe
I,I_W744,1965,1968,87.23567142528735,83.99018368896691,81.70448086832569,Dangerous
I,I_W745,1968,1971,190.02060845072918,188.55531018800477,36.88857996083254,Moderate
I,I_W746,1971,1974,323.54729450568675,320.5442812050064,75.60023722380122,Dangerous
I,I_W747,1975,1978,50.07691550696469,47.64103309690965,61.322834636705096,Moderate
I,I_W748,1979,1983,43.12530134623546,42.448055248220726,17.04953010271665,Safe
I,I_W749,1984,1988,45.455597637188205,44.10195768020124,34.07760526423477,Moderate
I,I_W75,188,190,46.21622117289487,45.06556267466828,28.96758912449898,Safe
I,I_W750,1989,1993,43.73121763570128,41.297607410135086,61.265632863295025,Moderate
I,I_W751,1994,1998,43.87115909619686,42.707793426484244,29.287489532056142,Safe
I,I_W752,1999,2003,42.25443776254362,40.77764920169247,37.177845833866215,Moderate
I,I_W753,2004,2008,102.30393546031746,101.3486495792653,24.04912399413292,Safe
I,I_W754,2009,2013,48.74832745846818,50.50993079838477,44.34799884561409,Moderate
I,I_W755,2014,2018,41.71675485380118,41.253454905211065,11.66348014883999,Safe
I,I_W756,2019,2023,37.303867191919196,37.291964724977355,0.2996421374982805,Safe
I,I_W757,2024,2028,43.51224210335918,41.63127487095549,47.35296009101943,Moderate
I,I_W758,2029,2033,220.84204024881677,216.9727504327977,97.40856889059066,Dangerous
I,I_W759,2034,2038,94.40364466666666,94.6226077739504,5.512350827803964,Safe
I,I_W76,191,193,48.50546761327561,46.534657262940875,49.61474195757804,Moderate
I,I_W760,2039,2043,41.363150536585366,40.48538276107214,22.097621759175947,Safe
I,I_W761,2044,2048,39.13088132505176,40.26884925348969,28.648106661230987,Safe
I,I_W762,2049,2053,195.06100075362318,201.06316783914144,100.0,Dangerous
I,I_W763,2054,2058,528.1428730055371,528.5317979153538,9.791103968045087,Safe
I,I_W764,2059,2063,1118.014772377005,1116.8247042368669,29.959718688743852,Safe
I,I_W765,2064,2068,951.7963495335397,956.2480130797704,100.0,Dangerous
I,I_W766,2069,2073,2174.4663618699187,2788.1958468027465,100.0,Dangerous
I,I_W767,2074,2078,453.3460059171374,461.08371397011484,100.0,Dangerous
I,I_W768,2079,2083,1021.9564795315314,1032.3707276180562,100.0,Dangerous
I,I_W769,2084,2088,966.0247540503824,974.6345262786778,100.0,Dangerous
I,I_W77,193,195,48.29784069620931,45.634791594763286,67.04170899354337,Dangerous
I,I_W770,2089,2093,184.40270258977478,179.50399516217618,100.0,Dangerous
I,I_W771,2094,2098,46.46638917938257,43.322582346217814,79.14468521308868,Dangerous
I,I_W772,2099,2103,39.71199981434312,38.47824279380083,31.059577194811933,Safe
I,I_W773,2104,2108,34.110409635701274,34.899461191039656,19.864209309987714,Safe
I,I_W774,2109,2113,33.7794949318394,33.189311493008894,14.85774570863109,Safe
I,I_W775,2114,2118,41.40862649974398,39.67137987597287,43.73482356657899,Moderate
I,I_W776,2119,2126,39.76781635531789,38.91177950697438,21.55055017319535,Safe
I,I_W777,2127,2136,127.98188689872173,133.63536270106647,100.0,Dangerous
I,I_W778,2137,2146,51.72728235531789,56.95225457405663,100.0,Dangerous
I,I_W779,2147,2156,685.0025356653173,683.1952019196095,45.49925233002899,Moderate
I,I_W78,196,198,50.399595863330646,49.19763461913668,30.25912511752552,Safe
I,I_W780,2157,2164,42.81929255952382,48.938326310904934,100.0,Dangerous
I,I_W79,198,200,46.17995739590075,44.45425813138439,43.444121191477876,Moderate
I,I_W8,21,23,390.0316625838041,386.6527597895954,85.06317728944927,Dangerous
I,I_W80,201,203,49.00480422222222,46.65217797075706,59.226878105872835,Moderate
I,I_W81,203,205,47.42111075184482,45.47916458407313,48.88809214602271,Moderate
I,I_W82,206,208,127.7917322132475,128.2112110268844,10.560292161917474,Safe
I,I_W83,208,210,94.99104508673288,93.19150032541619,45.30316626289007,Moderate
I,I_W84,211,213,49.72503972403018,45.5730887166688,100.0,Dangerous
I,I_W85,213,215,42.85462696155564,43.1372939493602,7.116082812061099,Safe
I,I_W86,216,218,44.00157282182775,44.00781430430594,0.1571280273291934,Safe
I,I_W87,218,220,44.68348466666667,42.653550734448736,51.10316587327567,Moderate
I,I_W88,221,223,42.41593282182774,42.009344033672114,10.235788442941415,Safe
I,I_W89,223,225,38.83333917235346,39.89160625141635,26.641654302752677,Safe
I,I_W9,23,25,96.20951957059316,95.53573825069107,16.9623050320903,Safe
I,I_W90,226,228,40.85621665497076,41.249539252083046,9.901814833931683,Safe
I,I_W91,228,230,38.49860342299769,38.64449151387948,3.6727024406759026,Safe
I,I_W92,231,233,45.65367226876716,43.405740964948535,56.591204505486715,Moderate
I,I_W93,233,235,41.51153608369408,41.26583132798338,6.185566282552665,Safe
I,I_W94,236,238,42.903092693448116,42.71142019447691,4.825315421752992,Safe
I,I_W95,238,240,99.28100694736843,101.76508187607325,62.53607130186116,Moderate
I,I_W96,241,243,113.03164436477608,113.0749182356699,1.0894107276925056,Safe
I,I_W97,243,245,41.0985313064713,41.294845191635595,4.942161356855935,Safe
I,I_W98,246,248,33.39206653832442,34.71150250162329,33.21652681472022,Moderate
I,I_W99,248,250,40.466715422997694,39.685381894899415,19.669909574412348,Safe
