driver_id,window_id,global_window_id,n_rows,risk_score,iso_anom,iso_score,svm_anom,svm_score,lof_anom,lof_score,consensus_anom,unanimous_anom
A,0,A_w0,16,0.9867891589081322,1,0.6451882410542391,1,-1.0947091407042393,1,2.5858418495187743,1,1
A,1,A_w1,20,0.08331559951597284,1,0.4780642743712272,1,-41.82414344916766,1,1.355020420970713,1,1
A,2,A_w2,20,0.20041409413065017,1,0.45954077664118126,0,-65.55103108557367,0,1.0633438833238347,0,0
A,3,A_w3,20,0.17983154877195534,1,0.4588661925802078,0,-67.59782110503541,0,1.014995509052172,0,0
A,4,A_w4,20,0.21729949318095756,1,0.4627313156203153,0,-62.49460276560062,0,1.0858125951572637,0,0
A,5,A_w5,20,0.22102370327365686,0,0.45122330966037644,0,-68.52910758138479,0,1.0945887698510106,0,0
A,6,A_w6,20,0.19388958558421351,1,0.45624089188482125,0,-65.2142074399186,0,1.0414333963647178,0,0
A,7,A_w7,20,0.1374778509176909,0,0.4258000672831506,0,-76.08243514499847,0,1.016091562553425,0,0
A,8,A_w8,20,0.17459277049784772,0,0.4282007354698319,0,-76.73012658056174,0,1.0416058241222752,0,0
A,9,A_w9,20,0.14710635114511894,0,0.42415842241858126,0,-84.46684821860995,0,1.0690734107666706,0,0
A,10,A_w10,20,0.22432015720063445,1,0.4904090888229537,1,-51.56350639184928,1,1.1858253781685015,1,1
A,11,A_w11,20,0.2789931565540958,1,0.5177575145534619,1,-45.18618236646978,1,1.2448710809495473,1,1
A,12,A_w12,20,0.220157486109011,1,0.49551413421429663,1,-53.628614196459786,1,1.2127838086817246,1,1
A,13,A_w13,20,0.24701521523336215,1,0.4803227280483647,0,-60.0438344039643,1,1.199170656330068,1,0
A,14,A_w14,20,0.20014201720300712,0,0.4349485701987675,0,-81.17159649417653,0,1.0830227422756817,0,0
A,15,A_w15,20,0.11813611089109671,0,0.3885731527867186,0,-89.23772072608493,0,1.037537864395716,0,0
A,16,A_w16,20,0.17987752440806612,0,0.4278258677426571,0,-70.01886851584491,1,1.1755866325991835,0,0
A,17,A_w17,20,0.2405520689384555,1,0.4618219491455005,0,-69.63283601776652,0,1.1035585926615117,0,0
A,18,A_w18,20,0.15167294733368733,0,0.4338419054835308,0,-73.44877832450018,0,1.0469912547151206,0,0
A,19,A_w19,20,0.1918978337454146,0,0.44596895733691033,0,-76.00400954532896,0,1.080525807667229,0,0
A,20,A_w20,20,0.21288923888044706,1,0.4867920391327922,1,-43.19691183761266,1,1.244032769244081,1,1
A,21,A_w21,20,0.16842432699375592,0,0.39631239743000807,0,-88.58664583879082,0,1.1504296045232292,0,0
A,22,A_w22,20,0.20722173109553946,0,0.43995264452502963,0,-86.69657399241952,0,1.0803675299062947,0,0
A,23,A_w23,20,0.07503462451118083,0,0.41692598979852474,0,-66.5229088100517,0,1.1197199562628792,0,0
A,24,A_w24,20,0.20409823844007363,1,0.48017487290482674,0,-57.047194384868774,0,1.1536750792699866,0,0
A,25,A_w25,20,0.18251479986454527,0,0.426466437917191,0,-79.97655110771647,0,1.077177412146919,0,0
A,26,A_w26,20,0.19223300034488472,0,0.450137674539289,0,-80.48438157365497,0,1.078142296456759,0,0
A,27,A_w27,20,0.21828198393021536,0,0.42674148540381396,0,-75.82453851341616,0,1.0661466550191332,0,0
A,28,A_w28,20,0.1419074909354106,0,0.3921480806111015,0,-84.81237283582843,0,1.0516397969687437,0,0
A,29,A_w29,20,0.134882584166094,0,0.4249515867220231,0,-70.87634271891248,0,1.1145678582795993,0,0
A,30,A_w30,20,0.19533359988083526,1,0.4771892633194983,1,-47.83869844126524,1,1.2130799728175379,1,1
A,31,A_w31,20,0.22767529526980174,1,0.5471442382797053,1,-35.741095335946675,1,1.2167430077767423,1,1
A,32,A_w32,20,0.2063388055135262,1,0.5136550022515981,1,-49.12444626643164,0,1.1536865891583994,1,0
A,33,A_w33,20,0.21092033512537817,1,0.4888013288825091,1,-52.11073730598452,1,1.2204382181003341,1,1
A,34,A_w34,20,0.18337437242001925,1,0.46054279113449614,0,-60.888994662103165,0,1.1135840292906314,0,0
A,35,A_w35,20,0.14580668765627602,1,0.4665442399277253,1,-46.78094225177344,1,1.2240904153800085,1,1
A,36,A_w36,20,0.09628464664316098,0,0.4212683175366695,0,-57.26090927435156,0,1.1524705950798935,0,0
A,37,A_w37,20,0.0998727783610601,0,0.40746235889440413,0,-67.08800503803324,0,1.0608048210662198,0,0
A,38,A_w38,20,0.1445256124868046,0,0.41312254312306385,0,-80.36794611689253,0,1.095279966275851,0,0
A,39,A_w39,20,0.16287760669123885,0,0.44012254622726776,0,-74.5142400167765,0,1.1042179019412341,0,0
A,40,A_w40,20,0.17434253177032658,0,0.4444656874329654,0,-73.64504228224904,0,1.0486962927762202,0,0
A,41,A_w41,20,0.16914772002590114,1,0.45660163871748805,0,-65.68064308059976,0,1.059720980610893,0,0
A,42,A_w42,20,0.13704702725611728,0,0.41264108655848825,0,-79.02799173035477,0,0.9909711955680355,0,0
A,43,A_w43,20,0.13569622100558248,0,0.41453123739118797,0,-75.54851680532707,0,1.0076033600226186,0,0
A,44,A_w44,20,0.10609094666949571,0,0.3710107987382595,0,-83.1877708523635,0,1.0198147037722558,0,0
A,45,A_w45,20,0.11110186687769782,0,0.3726517250483705,0,-79.97167787709962,0,1.0005302839186316,0,0
A,46,A_w46,20,0.1158111756493322,0,0.3914064506058534,0,-72.86890337798961,0,1.0522938209893957,0,0
A,47,A_w47,20,0.1589417417063755,0,0.42942205092202607,0,-65.92669081748184,0,1.1172716453408549,0,0
A,48,A_w48,20,0.12226167619346184,0,0.4029987076299621,0,-72.88419151685437,0,1.0934111430920634,0,0
A,49,A_w49,20,0.066545651512731,0,0.3831357216028584,0,-77.59817706380103,0,1.0222717290343342,0,0
A,50,A_w50,20,0.0705857584981019,0,0.38671527936911143,0,-74.61452421577577,0,1.0192045518883301,0,0
A,51,A_w51,20,0.1320677553555718,0,0.41035837806216,0,-72.37624802972952,0,1.089451663082741,0,0
A,52,A_w52,20,0.12844222664109697,0,0.41962280966876747,0,-71.57200926390352,0,1.1149489229215466,0,0
A,53,A_w53,20,0.10537584806781437,0,0.3657973643244717,0,-90.49083593849357,0,0.9764562155467096,0,0
A,54,A_w54,20,0.1461035762994449,0,0.4219278683842826,0,-71.26296906153179,0,1.1197802402229413,0,0
A,55,A_w55,20,0.1535373898778853,0,0.42790601471526013,0,-70.24980037599987,0,1.1329373978606139,0,0
A,56,A_w56,20,0.14752072007335695,1,0.506802100828459,1,-39.12244990046723,1,1.2603890719096094,1,1
A,57,A_w57,20,0.16251155040757423,1,0.5156255593637817,1,-43.59947124599274,0,1.149543381486488,1,0
A,58,A_w58,20,0.19423199681203274,1,0.49351178907188803,1,-48.5345373205328,1,1.2179724927320585,1,1
A,59,A_w59,20,0.16095381732517525,1,0.45954458169817913,1,-51.518745850378345,0,1.1517666607396795,1,0
A,60,A_w60,20,0.1734239220229853,0,0.4286728444055489,0,-68.62452710203421,1,1.2280648301490278,0,0
A,61,A_w61,20,0.1796012981388911,0,0.4262329631046686,0,-71.2203457229769,0,1.1288334913942897,0,0
A,62,A_w62,20,0.129714802129365,0,0.3829778378331715,0,-81.63021398565392,0,1.0303287175724987,0,0
A,63,A_w63,20,0.10493464645543092,0,0.3741677436152462,0,-88.2244678844082,0,1.0115383352196108,0,0
A,64,A_w64,20,0.14346630135593308,0,0.43250994254573377,0,-71.46289229943937,0,1.027556739457768,0,0
A,65,A_w65,20,0.1225277762327065,0,0.3970815261221969,0,-83.58280316942984,0,0.9997949028573284,0,0
A,66,A_w66,20,0.09885653140186064,0,0.3854304346780128,0,-87.8001433403335,0,1.076343342431969,0,0
A,67,A_w67,20,0.17299040712082825,1,0.5303471090896276,1,-28.462054932031943,1,1.190661872796732,1,1
A,68,A_w68,20,0.21790987690011523,1,0.5571467502526308,1,-21.305526983028678,1,1.1923169678458556,1,1
A,69,A_w69,20,0.08965741977161854,0,0.401217518801928,1,-56.23002106138733,1,1.3590880509304526,1,0
A,70,A_w70,20,0.16690824846360638,1,0.46588998033822626,0,-59.10573304786396,0,1.1218765501210446,0,0
A,71,A_w71,20,0.1294129988994844,0,0.40191820440511317,0,-80.21975799051135,0,1.0398215341914463,0,0
A,72,A_w72,20,0.11762233636451952,0,0.36557227433387546,0,-88.34561562848592,0,1.0151765655053449,0,0
A,73,A_w73,20,0.1284223308905901,0,0.39965252159595727,0,-80.06965266885811,0,1.0226691410402111,0,0
A,74,A_w74,20,0.13704073263573244,0,0.4141458094459305,0,-71.00557073652557,0,1.0372400104924597,0,0
A,75,A_w75,20,0.1358975823084534,0,0.4007095638439317,0,-78.74016428656206,0,1.086890684313287,0,0
A,76,A_w76,20,0.15440981272011378,0,0.40817437189218675,0,-95.34682845017154,0,1.0525050986333717,0,0
A,77,A_w77,20,0.10521889703052423,0,0.3761236703042803,0,-86.9628771199789,0,1.012779303454942,0,0
A,78,A_w78,20,0.13020544664922623,0,0.41634137193314597,0,-74.15959366116844,0,1.008104957061768,0,0
A,79,A_w79,20,0.11954464446791908,0,0.435920230689448,0,-71.40200517742835,0,1.023759734120003,0,0
A,80,A_w80,20,0.15613034600900003,0,0.43672888355998835,0,-66.03148777585467,0,1.0701642441336492,0,0
A,81,A_w81,20,0.10675618049415286,0,0.3866569572243672,0,-88.97359997654124,0,1.0106878168807623,0,0
A,82,A_w82,20,0.10071709069135759,0,0.41715890463176747,0,-68.07886895061053,0,1.0585403036507401,0,0
A,83,A_w83,20,0.10858812356239626,0,0.4055903961361585,0,-75.94270276720947,0,1.0666705576565323,0,0
A,84,A_w84,20,0.08523791585086372,0,0.3869036696190283,0,-81.80489444989279,0,1.0271764886820498,0,0
A,85,A_w85,20,0.2923329295740005,1,0.48043063067600644,1,-53.870010222784266,0,1.1251467991674375,1,0
A,86,A_w86,20,0.22530437256814567,0,0.43886107012132697,0,-73.11568109546411,1,1.2522071290028278,0,0
A,87,A_w87,20,0.09066181379722842,0,0.36309077749373647,0,-92.8008038040618,0,0.974700763298148,0,0
A,88,A_w88,20,0.09179068723842387,0,0.3826285434976182,0,-85.5924365275295,0,1.0095400128797951,0,0
A,89,A_w89,20,0.07775474369819563,0,0.41495459799458906,0,-57.87190008513607,1,1.19428227974222,0,0
A,90,A_w90,20,0.0867860934462941,0,0.38684657875595574,0,-83.73816244512541,0,1.0267201199371343,0,0
A,91,A_w91,20,0.09889828225277128,0,0.38743056819418414,0,-89.83787158217618,0,1.0272289859617059,0,0
A,92,A_w92,20,0.09300410479853487,0,0.3951996741136339,0,-78.18046515384928,0,1.0509452359907445,0,0
A,93,A_w93,20,0.08047053795214941,0,0.4130185013359066,0,-65.68764073403119,0,1.1346675672299336,0,0
A,94,A_w94,20,0.08146030882514205,0,0.3949053891419381,0,-80.83475715046602,0,1.040990581826869,0,0
A,95,A_w95,20,0.10066713479567997,0,0.4279561793855957,0,-58.898094759408075,0,1.1490197309747703,0,0
A,96,A_w96,20,0.12874060560799708,1,0.4643681774627883,1,-45.238179652399545,1,1.330300025404094,1,1
A,97,A_w97,20,0.15945438255916722,0,0.4164957728808326,0,-80.96907522537425,0,1.1267468791651098,0,0
A,98,A_w98,20,0.09417736912736428,0,0.37406819794427765,0,-85.30628487487206,0,0.9961540001778155,0,0
A,99,A_w99,20,0.10155249448503967,0,0.40489952303022914,0,-75.96139328670462,0,1.0723133621996601,0,0
A,100,A_w100,20,0.10832203069150345,0,0.3776243164040477,0,-87.67965547102733,0,1.0404987227057796,0,0
A,101,A_w101,20,0.11956514340065849,0,0.3952372381136266,0,-78.98286172590421,0,1.1003627831727112,0,0
A,102,A_w102,20,0.08851791717209194,0,0.3629750310637083,0,-90.37163565245497,0,0.9856604975108582,0,0
A,103,A_w103,20,0.0802972689575409,0,0.359875171034445,0,-94.88459119828687,0,0.9647921776670726,0,0
A,104,A_w104,20,0.08416239212449919,0,0.3613964739309132,0,-91.6718779980358,0,0.9754616906558697,0,0
A,105,A_w105,20,0.10679418780047158,0,0.38344545992795903,0,-82.87347619179735,0,1.093413403994332,0,0
A,106,A_w106,20,0.12688873450478594,1,0.46385614582831974,1,-55.920372902741406,0,1.1441162655303567,1,0
A,107,A_w107,20,0.11948938500229248,0,0.42286265146315904,0,-69.63202751651046,0,1.0315875813661148,0,0
A,108,A_w108,20,0.12025394794199032,0,0.3778281670418847,0,-86.5492213002657,0,1.0327224437436917,0,0
A,109,A_w109,20,0.09044847250879676,0,0.3686112063680374,0,-91.59912804308475,0,0.9899186901441079,0,0
A,110,A_w110,20,0.08293741691371416,0,0.3721856341227754,0,-84.76692613344501,0,1.01636934437161,0,0
A,111,A_w111,20,0.09403051581528812,0,0.3712006262246938,0,-88.59169674973835,0,0.9948212680254765,0,0
A,112,A_w112,20,0.1440635523705388,0,0.453360229003372,0,-63.957554693601416,0,1.0645970074309565,0,0
A,113,A_w113,20,0.14272110291327492,0,0.39551585207055845,0,-76.37152156508985,0,1.0791996759645848,0,0
A,114,A_w114,20,0.11702279573815041,0,0.36945360519779613,0,-88.25837732639461,0,1.019761096500086,0,0
A,115,A_w115,20,0.12107990320523361,0,0.3839149805049606,0,-86.03673468257978,0,1.051257398200624,0,0
A,116,A_w116,20,0.10096020045722372,0,0.37857270548692484,0,-77.92036713667476,0,1.0781431348580621,0,0
A,117,A_w117,20,0.0982514513749297,0,0.3944504545942097,0,-69.07857503742191,0,1.0983073989783607,0,0
A,118,A_w118,20,0.10853344188142154,0,0.4127428130287387,0,-68.61273737669173,0,1.1666068905207392,0,0
A,119,A_w119,20,0.1222413380190938,0,0.4333444882803833,0,-61.667688631116,0,1.1124015812647805,0,0
A,120,A_w120,20,0.1268375279180873,0,0.4306212951223982,0,-62.42307792135921,0,1.126464369492433,0,0
A,121,A_w121,20,0.1293217373187249,0,0.37472778726024264,0,-78.84251535949734,0,1.040123176696599,0,0
A,122,A_w122,20,0.09873152778371677,0,0.36846229356022836,0,-80.24129026268129,0,1.006003337438554,0,0
A,123,A_w123,20,0.13691894321065015,0,0.4254511905156131,0,-71.91397898200657,0,1.0252103582175247,0,0
A,124,A_w124,20,0.14670409699900994,0,0.3902493249240735,0,-84.87279532644861,0,1.0664304108093263,0,0
A,125,A_w125,20,0.1716425654591076,0,0.43445544007301334,0,-66.75557120185246,1,1.1752064650337526,0,0
A,126,A_w126,20,0.1758995253413631,0,0.4446921244339416,0,-81.81525871842341,0,1.0421882232941602,0,0
A,127,A_w127,20,0.1753735077492661,1,0.48949462422361306,1,-47.42123434452395,1,1.2932948037497594,1,1
A,128,A_w128,20,0.19660645032206697,1,0.6013387500634808,1,-21.00417037566819,0,1.1156420434994405,1,0
A,129,A_w129,20,0.1533277009368728,1,0.5490012943293962,1,-32.25082552995196,0,1.1051155275335898,1,0
A,130,A_w130,20,0.121002746228406,0,0.4319676434711628,0,-79.04599655741723,0,1.0196553065389697,0,0
A,131,A_w131,20,0.1118767607829936,0,0.4092896728256358,0,-82.91194672212413,0,1.0091543017798443,0,0
A,132,A_w132,20,0.13366533821907375,0,0.4510495354479268,0,-67.64136986113849,0,1.0851009390492645,0,0
A,133,A_w133,20,0.17529278538171583,1,0.632091731216327,1,-4.026688725471587,1,1.2874889669714271,1,1
A,134,A_w134,20,0.18523988893929266,1,0.6307254057806359,1,-9.828530427611057,0,1.152481794402844,1,0
A,135,A_w135,20,0.20405425716471706,1,0.60674482942102,1,-14.067327168530362,0,1.0995979885826068,1,0
A,136,A_w136,20,0.2632543560054503,1,0.5777812677909069,1,-14.306802651271546,1,1.6775426423136364,1,1
A,137,A_w137,20,0.1847545758640021,1,0.5152092431385896,1,-44.97457040949879,1,1.312907132699225,1,1
A,138,A_w138,20,0.1288281719025728,0,0.44154144318111715,0,-65.16534529202421,0,1.066441542010396,0,0
A,139,A_w139,20,0.1573336438043187,1,0.5518984393170394,1,-24.132582474026,0,1.101031695572205,1,0
A,140,A_w140,20,0.13697564780780072,1,0.5881513896944123,1,-21.76042608307275,0,1.086950766068326,1,0
A,141,A_w141,20,0.1369685506882583,1,0.5998704368816773,1,-9.618911655242158,1,1.2264447570760295,1,1
A,142,A_w142,20,0.07955492126487021,1,0.48057745977972066,1,-49.278782695484544,0,1.1566502834548198,1,0
A,143,A_w143,20,0.0971163186780316,1,0.46441146604442474,1,-55.0795966114925,1,1.1780582111134894,1,1
A,144,A_w144,20,0.1298389403596969,1,0.5147546939115636,1,-31.000171714283354,1,1.6134452109715365,1,1
A,145,A_w145,20,0.21453748905931205,1,0.6194534916800772,1,-14.243096087937147,0,1.1293888499227913,1,0
A,146,A_w146,20,0.09894011510484166,1,0.48351614261800885,1,-27.75169202277083,1,1.8360822439953657,1,1
A,147,A_w147,20,0.07229692106317825,0,0.4400180876519179,1,-54.08036409374757,0,1.0701241966553734,0,0
A,148,A_w148,20,0.04018554866297722,1,0.4608891392563925,1,-53.07282034835073,0,1.123991666919651,1,0
A,149,A_w149,20,0.12520653434415852,1,0.5564862564562577,1,-22.194713737451814,0,1.1112766171149495,1,0
A,150,A_w150,20,0.153204242104085,1,0.5963158244751341,1,-15.528983570517319,0,1.0913604847808707,1,0
A,151,A_w151,20,0.17213401930534353,1,0.5994155968987943,1,-17.748015352142936,0,1.0890131210894431,1,0
A,152,A_w152,20,0.15417749961172866,1,0.5471063532717202,1,-26.275960119636043,0,1.1542266548175593,1,0
A,153,A_w153,20,0.14474083191824036,1,0.48997552418318907,1,-42.316252679129526,1,1.3424534227037648,1,1
A,154,A_w154,20,0.14537518443421404,1,0.5773461127832937,1,-18.188706754740878,1,1.5235858765874346,1,1
A,155,A_w155,20,0.20679662055368356,1,0.6481484229732216,1,-5.781195941023647,1,1.349449214646875,1,1
A,156,A_w156,20,0.2133249064154923,1,0.5903686238493894,1,-17.948635814526064,1,1.4923914473782152,1,1
A,157,A_w157,20,0.09054594898832503,0,0.4385295482337445,0,-61.15584148225816,0,1.0190591552564947,0,0
A,158,A_w158,20,0.07122669307807511,0,0.44994820802874996,0,-58.157604588401504,0,1.0142242582220276,0,0
A,159,A_w159,20,0.09359118079111553,1,0.48152464220989966,1,-50.940825928802525,0,1.144748654106005,1,0
A,160,A_w160,20,0.07847601309675277,0,0.43994983589267667,0,-61.71605329577541,0,0.9964867144769839,0,0
A,161,A_w161,20,0.07417561417505239,1,0.46239866857221784,1,-54.33550381282617,0,1.052741433329899,1,0
A,162,A_w162,20,0.06824322374907162,0,0.45240561558387843,1,-53.51886527008323,0,1.031755668832608,0,0
A,163,A_w163,20,0.0978833195356827,1,0.48584370789503817,1,-41.0678299343983,1,1.1962200166690606,1,1
A,164,A_w164,20,0.11571473768058513,1,0.49011923334880103,1,-36.849018027464254,1,1.2926760499357446,1,1
A,165,A_w165,20,0.12566487393872353,1,0.4992504138926738,1,-33.19838061226397,1,1.3520451992473332,1,1
A,166,A_w166,20,0.15288871114887206,1,0.6226895576896071,1,-6.634749957336545,1,1.2126127726199118,1,1
A,167,A_w167,20,0.13902795300251267,1,0.6157113543900502,1,-8.053378588980543,1,1.1928617645197757,1,1
A,168,A_w168,20,0.16658142681731833,1,0.6151373534688535,1,-13.302986497177578,0,1.16958616249243,1,0
A,169,A_w169,20,0.14405491552682645,1,0.6002798682480812,1,-13.19302847725028,0,1.1082218881160049,1,0
A,170,A_w170,20,0.17737522785880683,1,0.5212843413859902,1,-17.71531580535686,1,1.6351645653363678,1,1
A,171,A_w171,20,0.1911439111748961,1,0.515244939803027,1,-29.327713319247735,1,1.4890253815423649,1,1
A,172,A_w172,20,0.19197538547734264,1,0.5120962510262625,1,-23.31092603666673,1,1.6117688660453744,1,1
A,173,A_w173,20,0.1814348983711057,1,0.4961045143532576,1,-38.329756624682844,1,1.3605548380859782,1,1
A,174,A_w174,20,0.09951279098379182,0,0.41907211556616825,0,-60.750473464658896,0,1.0271911612483742,0,0
A,175,A_w175,20,0.07406951407385926,0,0.42334788640292526,0,-60.65286125213637,0,0.9995733765409812,0,0
A,176,A_w176,20,0.09530931636893046,1,0.4543925484429918,1,-55.679010980203174,0,1.0361812570274933,1,0
A,177,A_w177,20,0.1087720807135806,1,0.4824524995404865,1,-45.09349367806058,0,1.1146498392968036,1,0
A,178,A_w178,20,0.0916115528068199,0,0.446621315714437,0,-62.12987670553507,0,0.9955745780865703,0,0
A,179,A_w179,20,0.09828460691917283,0,0.41471975296977187,0,-69.63267885613085,0,1.0146616274492593,0,0
A,180,A_w180,20,0.11969162060044669,0,0.45131920383379664,0,-65.60519723311738,0,1.0147515528637248,0,0
A,181,A_w181,20,0.0630056170123483,0,0.43149826105017786,1,-55.517866941459104,0,1.0860716700720205,0,0
A,182,A_w182,20,0.06356716671507072,0,0.41947023730738997,0,-57.12244704621422,0,0.999636821375498,0,0
A,183,A_w183,20,0.07232993318357799,0,0.41098499330197596,0,-61.84309169192043,0,1.065012053863425,0,0
A,184,A_w184,20,0.06671990550625179,0,0.42124265393770755,0,-57.19994427307438,0,1.0372154631721382,0,0
A,185,A_w185,20,0.09417505381982685,0,0.40781663025522247,0,-66.2350702398396,0,1.071419974060081,0,0
A,186,A_w186,20,0.060053899885107835,0,0.3934068471905609,0,-72.46868503450919,0,0.9764792195852241,0,0
A,187,A_w187,20,0.1657359304425583,1,0.5732130801430727,1,-20.85697405996452,0,1.0814896142145534,1,0
A,188,A_w188,20,0.2127892568246482,1,0.6246149113063051,1,-8.570802492334785,0,1.1612134988943652,1,0
A,189,A_w189,20,0.18833541557708733,1,0.5600437506218521,1,-27.218555220792993,1,1.2184291628789468,1,1
A,190,A_w190,20,0.22276796515012712,1,0.5775446457636816,1,-20.603859099042033,0,1.1070596705139135,1,0
A,191,A_w191,20,0.20407553248123597,1,0.6170906370013077,1,-12.19441594265924,0,1.1306810890487635,1,0
A,192,A_w192,20,0.2070048114697641,1,0.5942527379938922,1,-16.581063705555998,0,1.094322157824529,1,0
A,193,A_w193,20,0.16094401649503695,1,0.5464984597669078,1,-27.73406474228802,1,1.177805471580253,1,1
A,194,A_w194,20,0.17443768964066353,1,0.5805022460337824,1,-21.708655413064164,0,1.1222707902104474,1,0
A,195,A_w195,20,0.14537752506371684,0,0.43047376930797465,1,-49.832029512176284,1,1.4270104995444746,1,0
A,196,A_w196,20,0.22674423860063034,1,0.5003602296581909,1,-35.02084160614794,1,1.5105729828283851,1,1
A,197,A_w197,20,0.10685135357586419,0,0.4336430845409265,0,-69.04852329973977,0,1.0861621561471841,0,0
A,198,A_w198,20,0.08449692911895743,1,0.5172037269673428,1,-22.016790641172967,1,1.3647107893951145,1,1
A,199,A_w199,20,0.09382407101060825,1,0.4987813937559221,1,-47.02353924439678,1,1.228594166890467,1,1
A,200,A_w200,20,0.08867320823851065,0,0.4541509337888927,1,-55.60736942197577,0,1.132591795691505,0,0
A,201,A_w201,20,0.11748303315368305,0,0.44847527639501317,0,-63.537935970421714,0,1.056686295791273,0,0
A,202,A_w202,20,0.10425859512525532,0,0.4415316589132682,0,-66.95794809497369,0,1.0091391260491132,0,0
A,203,A_w203,20,0.08225109222537626,0,0.4361199542692756,0,-66.0608490887471,0,0.9999704893694726,0,0
A,204,A_w204,20,0.08898677271546734,1,0.46054195603447473,1,-54.88995274231342,0,1.0209458877591782,1,0
A,205,A_w205,20,0.10059958496094475,0,0.4524439880000774,0,-60.40404773409921,0,1.101944867388275,0,0
A,206,A_w206,20,0.10138045876145386,0,0.4446419136027746,0,-63.34946337211693,0,1.0443079077851114,0,0
A,207,A_w207,20,0.0787950243005785,0,0.4384150681928523,0,-65.6682089442834,0,1.0345024008045358,0,0
A,208,A_w208,20,0.08556009334486006,0,0.40429478341714714,0,-66.9429396461256,0,1.0264984149153265,0,0
A,209,A_w209,20,0.07888334542205519,0,0.3931649312859963,0,-75.18626073543096,0,1.0142862212210857,0,0
A,210,A_w210,20,0.09632899283238597,1,0.5117280860632102,1,-31.87116229901609,1,1.442694521478234,1,1
A,211,A_w211,20,0.05697979670780618,0,0.440886329058433,1,-54.87443984327052,0,1.0353258384799218,0,0
A,212,A_w212,20,0.058380995548182976,0,0.4430445855497634,1,-53.3007561934213,0,1.0992572101163027,0,0
A,213,A_w213,20,0.05354328751949159,0,0.40533315744930876,0,-61.567656353818236,0,1.0325870000515982,0,0
A,214,A_w214,20,0.04904185815210738,0,0.42205706499139944,0,-65.670183652227,0,1.0934175447700087,0,0
A,215,A_w215,20,0.06253022123589057,0,0.44709045178081613,0,-58.46948368554798,0,1.0258338500550486,0,0
A,216,A_w216,20,0.049673003348926326,0,0.4154349918181222,0,-62.82075535182859,0,1.0414413100694833,0,0
A,217,A_w217,20,0.06057992002766179,0,0.4221361838481288,0,-59.218115063820974,0,1.0178580673322517,0,0
A,218,A_w218,20,0.11547030618714468,1,0.5173454430829075,1,-42.12304726225471,1,1.3298208932105005,1,1
A,219,A_w219,20,0.1029798292559921,0,0.42903706173668227,0,-60.918051567540864,1,1.2758218521645006,0,0
A,220,A_w220,20,0.07066248040027526,0,0.40522954341388906,0,-65.53691921386442,0,1.1046454607639273,0,0
A,221,A_w221,20,0.05587796953162811,0,0.4362467507884977,0,-58.339925548885326,0,1.0841784109319983,0,0
A,222,A_w222,20,0.09543976704288627,0,0.44003141706874466,0,-57.08621059908517,0,1.1107959343653147,0,0
A,223,A_w223,20,0.12003254342754814,0,0.43157551452402837,0,-64.66341410583344,0,1.0544554784509568,0,0
A,224,A_w224,20,0.11473072632739181,0,0.43090477369904245,0,-62.16997176596546,0,1.0559368480908888,0,0
A,225,A_w225,20,0.12959005485655645,1,0.4926593560210911,1,-41.80436003669863,1,1.2321839613915135,1,1
A,226,A_w226,20,0.0792841987457106,0,0.4274342644845616,0,-60.775500266076364,0,1.086831414093097,0,0
A,227,A_w227,20,0.11640351333564859,0,0.43862559526224026,0,-56.73292086341142,1,1.2119722141898077,0,0
A,228,A_w228,20,0.06379484485002894,0,0.42400226635281707,0,-66.10542974828726,0,1.0198901342863023,0,0
A,229,A_w229,20,0.07552584182947614,0,0.4147428921470967,0,-66.6541568262673,0,1.0258687917345963,0,0
A,230,A_w230,20,0.09595228636116754,0,0.4240235773374291,0,-70.01778109139644,0,1.0123046041004764,0,0
A,231,A_w231,20,0.07770307035256108,0,0.40579907478393373,0,-63.635954173531026,0,1.023237695908737,0,0
A,232,A_w232,20,0.07121777854333736,0,0.39360379900812176,0,-69.20466257277576,0,1.062859942269352,0,0
A,233,A_w233,20,0.07764008269325699,0,0.4161172681634469,0,-62.67052616484185,0,1.0680539922728105,0,0
A,234,A_w234,20,0.10637772767212415,0,0.40289265226545823,0,-67.43962745433048,0,1.1414216055770237,0,0
A,235,A_w235,20,0.10047799371349035,0,0.3933510133900687,0,-76.11798255008289,0,1.0343906541275618,0,0
A,236,A_w236,20,0.10230697266845579,0,0.3986061899537463,0,-78.54625753938468,0,1.0360181076261583,0,0
A,237,A_w237,20,0.1333181943084385,0,0.3911566352562901,0,-77.46535881277443,0,1.0402755546354097,0,0
A,238,A_w238,20,0.13607827692694427,0,0.4059606162639335,0,-64.12234592218917,0,1.1579338166554574,0,0
A,239,A_w239,20,0.14756402784001296,0,0.3862966636104752,0,-73.31010117160857,0,1.0734933225216885,0,0
A,240,A_w240,20,0.12013506754176018,0,0.3761404447068105,0,-78.11063394219917,0,1.0285333175253433,0,0
A,241,A_w241,20,0.17004673076065152,0,0.43850036493152084,0,-75.18110952293598,0,1.048370705594485,0,0
A,242,A_w242,20,0.1611420967671275,1,0.46587694012808223,0,-58.89785748296186,0,1.1056467882307683,0,0
A,243,A_w243,20,0.14218298542178484,0,0.44209218423549446,0,-68.45482946787735,0,1.0168405874266138,0,0
A,244,A_w244,20,0.18799784036706163,1,0.5592912765324456,1,-25.65752017809332,0,1.1055675335559396,1,0
A,245,A_w245,20,0.21731067417922634,1,0.6104993606690086,1,-10.974092942339801,0,1.1689590309825666,1,0
A,246,A_w246,20,0.21055782260854322,1,0.5286001050828306,1,-39.44402708174584,1,1.199114920972768,1,1
A,247,A_w247,20,0.24993023153980365,1,0.568846449368436,1,-28.30343833920564,1,1.2589142712090426,1,1
A,248,A_w248,20,0.322992170998783,1,0.5927121607499097,1,-11.756671061166195,1,1.5410510254756318,1,1
A,249,A_w249,20,0.27010895530655205,1,0.6099112151007525,1,-11.344653902202346,1,1.1861235877803606,1,1
A,250,A_w250,20,0.2077462678624368,1,0.5366892537229419,1,-38.49355836774975,0,1.171446392381185,1,0
A,251,A_w251,20,0.1859107352616485,0,0.4248096001903411,1,-55.930401277639334,1,1.2647140939407902,1,0
A,252,A_w252,20,0.10492816285375783,0,0.39284993105160027,0,-71.41049282691068,0,1.027007530262943,0,0
A,253,A_w253,20,0.11953749329356712,0,0.39642235260861747,0,-83.26660177559958,0,1.0224914034368795,0,0
A,254,A_w254,20,0.1529309911253206,0,0.4199006302344899,0,-68.47006566456956,0,1.1684218455848734,0,0
A,255,A_w255,20,0.11687807697011394,0,0.40484018784072107,0,-72.99583500156339,0,1.0388891795104043,0,0
A,256,A_w256,20,0.10816800511502364,0,0.37986830615933476,0,-80.02497964832615,0,1.0061772658913748,0,0
A,257,A_w257,20,0.10365141940261981,0,0.39893640666345037,0,-80.60865092906357,0,1.012987572049795,0,0
A,258,A_w258,20,0.08424756595561265,0,0.39573451370541285,0,-78.16866554394365,0,1.0077377160217171,0,0
A,259,A_w259,20,0.07376636484432314,0,0.4077408217694135,0,-66.97785848689803,0,1.0397266963638037,0,0
A,260,A_w260,20,0.07452409883814082,0,0.3999532576278629,0,-74.6892237862715,0,1.0037335429705294,0,0
A,261,A_w261,20,0.07692023042184243,0,0.40565118786808907,0,-73.2987574600213,0,0.9998978470537407,0,0
A,262,A_w262,20,0.07052762338837645,0,0.41481120706683383,0,-68.48223316604364,0,1.0207026042447502,0,0
A,263,A_w263,20,0.05717583890770592,0,0.41683891146732827,0,-65.35932293925386,0,1.0616859579326703,0,0
A,264,A_w264,20,0.06055221613422494,0,0.4018608932791788,0,-76.66797116703725,0,0.997888797534932,0,0
A,265,A_w265,20,0.05480958378049232,0,0.4199939853919005,0,-63.18980660823923,0,1.1169752091801657,0,0
A,266,A_w266,20,0.10502355158321078,0,0.4226880986260821,0,-65.69727204626354,0,1.1647067687498738,0,0
A,267,A_w267,20,0.1637790487737097,1,0.46019048128223955,0,-61.23581992949715,0,1.116020003513431,0,0
A,268,A_w268,20,0.20991505307774178,1,0.5249393780735152,1,-30.28010760837833,1,1.219340055295885,1,1
A,269,A_w269,20,0.12354188633368705,0,0.3967914381409157,0,-84.35924637596132,0,0.9818127793703066,0,0
A,270,A_w270,20,0.20238407089685265,1,0.5298194019701842,1,-34.89962336692828,1,1.3539197458913097,1,1
A,271,A_w271,20,0.16036083741531973,0,0.450089300470751,0,-70.60661481632778,0,1.1359798805350785,0,0
A,272,A_w272,20,0.29517952700397126,1,0.5360164817254215,1,-38.97711352314782,1,1.3283460220259455,1,1
A,273,A_w273,20,0.17254641354102662,1,0.5245673371884337,1,-43.65268825566335,0,1.1542433201856543,1,0
A,274,A_w274,20,0.14476235631952677,0,0.43908528420639426,0,-74.42396210698915,0,1.0647525824120676,0,0
A,275,A_w275,20,0.18906841487579876,1,0.4769901257500593,0,-65.80943491642907,0,1.1167189182084918,0,0
A,276,A_w276,20,0.18472696400963268,0,0.450327005467191,0,-64.39199498633397,0,1.1335660804829815,0,0
A,277,A_w277,20,0.15083190017120351,0,0.40399094766407734,0,-70.83426285637208,0,1.1030146714677735,0,0
A,278,A_w278,20,0.23117682772302095,1,0.4575802765337529,0,-58.36416168647453,1,1.196030714108687,1,0
A,279,A_w279,20,0.24683526562915384,1,0.5272477440971621,1,-42.29628222125482,1,1.2291798488034509,1,1
A,280,A_w280,20,0.16784647053755017,1,0.49266342086607473,1,-42.73824864385817,0,1.158872874802482,1,0
A,281,A_w281,20,0.11863649186516538,0,0.39399397386193824,0,-73.00559421572102,1,1.2082142677469532,0,0
A,282,A_w282,20,0.15173375495462874,0,0.40433087813581003,0,-76.62965154574964,0,1.0409113819566942,0,0
A,283,A_w283,20,0.14170777227321785,0,0.4187900735911011,0,-63.457111875346314,0,1.1038772379463744,0,0
A,284,A_w284,20,0.15212644803937303,1,0.46322840449606245,0,-56.41786471101777,0,1.1455659202013158,0,0
A,285,A_w285,20,0.28440842087001916,1,0.5014234870783851,1,-44.209550312771654,1,1.2619686612987036,1,1
A,286,A_w286,20,0.20947778213889556,1,0.4837687474308733,1,-51.17384400126149,0,1.1376035789956398,1,0
A,287,A_w287,20,0.09317055673881756,0,0.3871587968606873,0,-77.70105052872658,0,1.006126192618891,0,0
A,288,A_w288,20,0.18465441514173492,0,0.4211103760955042,0,-84.69452598319215,0,1.1307348766785803,0,0
A,289,A_w289,20,0.0832675818273082,0,0.38904105033178316,0,-75.87250950668225,0,1.114348880744486,0,0
A,290,A_w290,20,0.09911235867567256,0,0.3816484871021369,0,-77.15950248877724,0,1.0578569580373673,0,0
A,291,A_w291,20,0.10548504539549979,0,0.3745244255757547,0,-86.71238560445991,0,1.0484084723274427,0,0
A,292,A_w292,20,0.15624437568202532,0,0.45272143064773557,0,-56.49745421443779,0,1.1231110055692315,0,0
A,293,A_w293,20,0.1772124301165347,1,0.49440990856658956,1,-46.56228236877307,1,1.2698823446037526,1,1
A,294,A_w294,20,0.1755073553621863,1,0.458366722975105,0,-63.34521782608272,0,1.093244642330134,0,0
A,295,A_w295,20,0.15675375392590724,0,0.4233144807526023,0,-81.52185201806418,0,1.0095684655620618,0,0
A,296,A_w296,20,0.476103617679655,1,0.6066927739370732,1,-2.4724100220400373,1,2.167352791557083,1,1
A,297,A_w297,20,0.18811156150636255,0,0.4255067588641155,0,-80.72049177665261,0,1.0319357251897816,0,0
A,298,A_w298,20,0.20414388923938886,1,0.48510645127540636,0,-63.21884384826049,0,1.131729373373578,0,0
A,299,A_w299,20,0.27358644200396987,1,0.5188407065022946,1,-48.22454879284017,1,1.2056315744774293,1,1
A,300,A_w300,20,0.27351885825352434,1,0.49622786910968536,0,-58.128483504210095,0,1.0854995581776912,0,0
A,301,A_w301,20,0.3571336844612103,1,0.49608553414345674,1,-50.20417805581162,0,1.113619107581647,1,0
A,302,A_w302,20,0.22583566399611998,1,0.4600445122135555,0,-69.81297480349278,0,1.1516156959270953,0,0
A,303,A_w303,20,0.3220155639950613,1,0.5102454593077476,1,-41.5214979622869,1,1.2016836623118698,1,1
A,304,A_w304,20,0.23737092629909404,1,0.4740210900146861,1,-39.67722495101811,1,1.2132027159670613,1,1
A,305,A_w305,20,0.1755695441594004,0,0.40818803212907595,0,-87.8578974918446,0,1.1471582993821778,0,0
A,306,A_w306,20,0.14211041063274463,0,0.3917291336418477,0,-83.09948867580304,0,1.1237129921362625,0,0
A,307,A_w307,20,0.26769246446641987,1,0.4782857233790791,1,-54.93501777580698,0,1.115060554553774,1,0
A,308,A_w308,16,0.2681327624380989,1,0.45622426776224284,0,-70.21573132027702,0,1.0434551871018605,0,0
A,309,A_w309,15,0.31472196721813317,1,0.4696996469799181,0,-62.81801187864692,0,1.0790173051030105,0,0
A,310,A_w310,15,0.18838659460000826,0,0.41457154043781413,0,-84.27754738553875,0,1.0499810870676118,0,0
A,311,A_w311,15,0.20370460073832455,1,0.46062947701728835,0,-57.97393169432784,1,1.1915855192004832,1,0
A,312,A_w312,15,0.14298195676201483,1,0.45578435939439155,0,-59.35736408564762,0,1.102119363037675,0,0
A,313,A_w313,15,0.12196795360342695,0,0.3739353389514817,0,-91.24755254929457,0,1.037349874841514,0,0
A,314,A_w314,15,0.12532966154647954,0,0.3725616654272001,0,-93.94010148654543,0,1.0359980944942855,0,0
A,315,A_w315,15,0.20837314591235834,1,0.4842252476703354,1,-54.15646786192058,0,1.1533699777416382,1,0
A,316,A_w316,15,0.16574690835728648,1,0.4592190985197733,0,-59.518925794169824,0,1.1469030127750817,0,0
A,317,A_w317,15,0.13252884387226363,0,0.4294800280623114,0,-70.01548274599811,0,1.0203340854375555,0,0
A,318,A_w318,15,0.17085044795599025,1,0.5241986934397376,1,-28.37101972770719,0,1.1275296775408765,1,0
A,319,A_w319,15,0.1927630118936379,1,0.5769570689825223,1,-9.869831988899975,1,1.214662591932716,1,1
A,320,A_w320,15,0.10957952563590463,0,0.3767896985747228,0,-74.94533099055103,0,1.1062159370972615,0,0
A,321,A_w321,15,0.08525861521963403,0,0.3727071848650671,0,-74.11344697800156,0,1.0364848632397436,0,0
A,322,A_w322,15,0.1026493217114255,0,0.3904839146044743,0,-73.95830085406998,0,1.0130193646967363,0,0
A,323,A_w323,15,0.13495172939135636,0,0.3942260113847958,0,-80.9564827573998,0,1.0045407838249318,0,0
A,324,A_w324,15,0.1307750474915156,0,0.4060559961860986,0,-78.03711558861376,0,1.0101625158899736,0,0
A,325,A_w325,15,0.10219284258330713,0,0.40157562577743516,0,-72.96069871899373,0,1.0351147515512547,0,0
A,326,A_w326,15,0.07993520115126267,0,0.3686295098580865,0,-80.9026828750522,0,1.0058908100901944,0,0
A,327,A_w327,15,0.08635208561522002,0,0.362210219298245,0,-81.96675929584286,0,0.9920089857521579,0,0
A,328,A_w328,15,0.1223366783156166,0,0.41630503376469874,0,-59.13956824209777,0,1.108888907210276,0,0
A,329,A_w329,15,0.05529473536810186,0,0.43168240890313325,1,-48.64660534488538,1,1.1852753669203662,1,0
A,330,A_w330,15,0.03607293969322181,0,0.4206549478947016,0,-66.72656608585939,0,1.0308443497644297,0,0
A,331,A_w331,12,0.03707119057640548,0,0.4236305367450954,0,-63.50551114335207,0,1.0490571900999146,0,0
A,332,A_w332,10,0.028177355963863344,0,0.4283466091403507,0,-58.36540118137899,0,1.0972528122948542,0,0
A,333,A_w333,10,0.026689715987682227,0,0.4243981178578512,0,-67.81186657947313,0,1.0315246962812452,0,0
A,334,A_w334,10,0.027904972682304918,0,0.4260197401226647,0,-59.52313832103688,0,1.0901260170202487,0,0
A,335,A_w335,10,0.022785555618677976,0,0.4229133313699719,0,-65.82456891002981,0,1.0177139025641908,0,0
A,336,A_w336,10,0.1129967264282657,1,0.45762002664645945,1,-40.265827306434765,1,1.422564303842318,1,1
A,337,A_w337,10,0.12421532251816218,1,0.4565170426373149,1,-55.81696618776066,0,1.1598163156360202,1,0
A,338,A_w338,10,0.09585383544649331,0,0.40590627041794336,0,-76.53875518406953,0,0.9983772051118409,0,0
A,339,A_w339,10,0.08021921542989767,1,0.48418737466050865,1,-39.79562120751587,1,1.334955564685567,1,1
A,340,A_w340,10,0.10474800772915617,0,0.4081172370909707,0,-79.1056208464019,0,1.0923582491740629,0,0
A,341,A_w341,10,0.0919005608568593,0,0.43126001661134195,0,-69.55729956712602,0,1.0633246941782173,0,0
A,342,A_w342,10,0.053923309812187306,0,0.38419334607224176,0,-79.25068511317896,0,0.9982533733065566,0,0
A,343,A_w343,10,0.04461787157708856,0,0.39963608083656105,0,-70.92958746485488,0,1.089834175551662,0,0
A,344,A_w344,10,0.04926076820753293,0,0.3832602929594028,0,-77.32375230540687,0,1.0440392081195842,0,0
A,345,A_w345,10,0.11045799609700645,0,0.3923220582364894,0,-85.41176994118743,0,1.1440800875978332,0,0
A,346,A_w346,10,0.12509241522846187,1,0.48539362129324815,1,-49.00000568573269,1,1.2424399777307873,1,1
A,347,A_w347,10,0.07791063193633745,0,0.44891230388860226,0,-57.06285140062927,0,1.0960771790693824,0,0
A,348,A_w348,10,0.09997756576451801,0,0.4055915877965504,0,-63.80973064977831,1,1.17696875247707,0,0
A,349,A_w349,10,0.11999903221033904,0,0.387844934018529,0,-75.82102624961695,0,1.0779656816436716,0,0
A,350,A_w350,10,0.14172550534281178,0,0.4472553021115255,0,-65.16647570996818,0,1.1015776596740834,0,0
A,351,A_w351,10,0.1511950468764996,0,0.4301190324972945,0,-65.84008418632996,0,1.116391921719244,0,0
A,352,A_w352,10,0.15234195487046576,0,0.4328570623233958,0,-72.16529016748572,0,1.0185228240282485,0,0
A,353,A_w353,10,0.121246563573851,0,0.41146224200095627,0,-64.70789317169361,0,1.1563746248613673,0,0
A,354,A_w354,10,0.0892978785475985,0,0.37722857184869946,0,-80.5088752697712,0,1.0244348415041586,0,0
A,355,A_w355,10,0.19907171273179342,1,0.4970593706956457,1,-18.963464150577757,1,1.6073453705959275,1,1
A,356,A_w356,10,0.22072282560293208,1,0.6220302012470939,1,-3.746014739321062,1,1.3245083636891912,1,1
A,357,A_w357,10,0.269276393958863,1,0.6151212259621622,1,-7.932971773036016,1,1.2531763538109606,1,1
A,358,A_w358,10,0.21379020723757783,0,0.44519901422010894,1,-28.37484341729,1,1.5844654025308254,1,0
A,359,A_w359,10,0.22068298252509583,1,0.6122457773377117,1,-5.3212797684661695,1,1.8625902240860635,1,1
A,360,A_w360,10,0.12644338736755723,1,0.5794262829603495,1,-13.378394893440777,1,1.2376376629600014,1,1
A,361,A_w361,10,0.06447723294557464,0,0.39291191503797873,0,-72.51028323546765,0,1.1279796433413019,0,0
A,362,A_w362,10,0.0736286684953444,0,0.37523106184996985,0,-81.80660220893205,0,1.0452757670483492,0,0
A,363,A_w363,10,0.10686347823655125,0,0.4092003342988921,0,-67.80843850491966,0,1.1393454061842097,0,0
A,364,A_w364,10,0.10990604080596497,0,0.4067959957739878,0,-70.78473937344593,0,1.0565512809031303,0,0
A,365,A_w365,10,0.06104599340231899,0,0.3811605709547969,0,-76.59360523652315,0,1.0328258258385297,0,0
A,366,A_w366,10,0.09220373855569357,0,0.40836489452605407,0,-74.23868855241084,0,1.1302652225071832,0,0
A,367,A_w367,10,0.19887408471417126,1,0.5140749015963004,1,-38.85188413472291,1,1.3168162250686095,1,1
A,368,A_w368,10,0.17063219023138426,1,0.5347013205519916,1,-35.597420899874,1,1.3384259064627968,1,1
A,369,A_w369,10,0.11475809821308193,0,0.43420099086511477,0,-67.63979479551386,0,1.1592679016879432,0,0
A,370,A_w370,10,0.09715264455804158,0,0.39779611517149316,0,-75.39401455780138,0,1.0562670133988497,0,0
A,371,A_w371,10,0.13283281689716062,0,0.39211133090632466,0,-77.65039517470254,0,1.085602052235255,0,0
A,372,A_w372,10,0.14027122289463273,0,0.3872417088346403,0,-78.22444178166116,0,1.0627999990689951,0,0
A,373,A_w373,10,0.07964589063135916,0,0.3756190292745813,0,-85.18232299281252,0,1.0037798755325378,0,0
A,374,A_w374,10,0.10449651773241947,0,0.45349137605149425,1,-50.749800177194125,1,1.214173490225663,1,0
A,375,A_w375,10,0.3843678850528102,1,0.6524216090164681,1,-3.3374366757125316,1,1.6737564557865963,1,1
A,376,A_w376,10,0.4007015176686562,1,0.6889195974616754,1,-2.066002916395256,1,1.5110965626525321,1,1
A,377,A_w377,10,0.10095612308022285,0,0.4492567047966825,0,-58.89917933252107,1,1.1936097120999416,0,0
A,378,A_w378,10,0.15069740167088289,0,0.4315019511000542,0,-59.762679938732724,1,1.3682862848234987,0,0
A,379,A_w379,10,0.10414543812597907,0,0.41580949493908725,0,-72.44850917400568,0,1.0371076768076588,0,0
A,380,A_w380,10,0.08982804785003225,0,0.39990759846186374,0,-82.26928197285305,0,1.0331375117824875,0,0
A,381,A_w381,10,0.10229001830273705,0,0.42427638182499,0,-77.62108965459788,0,1.0989521765690091,0,0
A,382,A_w382,10,0.21305698857963826,0,0.45156084910041955,0,-72.05488132826873,0,1.0363136400905706,0,0
A,383,A_w383,10,0.12258265931391801,0,0.4234102371358413,0,-70.99383244664018,0,1.0507216127656729,0,0
A,384,A_w384,10,0.06859132850986596,0,0.4228102876067895,0,-69.4013492753985,0,1.060592921331473,0,0
A,385,A_w385,10,0.4272516756455992,1,0.5844164498810808,1,-13.404442380703024,1,1.521434909995244,1,1
A,386,A_w386,10,0.26913931194230356,1,0.5735312312522695,1,-22.60799273647155,1,1.390208915801425,1,1
A,387,A_w387,10,0.14900013215370375,0,0.4327509172923757,0,-71.7785739606218,0,1.1181101874597144,0,0
A,388,A_w388,10,0.17444342639501914,1,0.4630735009796357,0,-59.222707106279934,1,1.1933449780830792,1,0
A,389,A_w389,10,0.22167660377174717,1,0.47916006552940665,1,-40.37795670238597,1,1.5150262052362589,1,1
A,390,A_w390,10,0.10754452913565424,0,0.3739824856095561,0,-87.78210814170525,0,1.0058442670920935,0,0
A,391,A_w391,10,0.05038752010272804,0,0.3983947915763506,0,-73.91034045557059,0,1.033232209365925,0,0
A,392,A_w392,10,0.20109908947624497,1,0.45565305128817746,0,-56.41801740315609,0,1.0915115981446235,0,0
A,393,A_w393,10,0.18250496565903027,0,0.4354652676529945,0,-77.84519539625691,0,1.0275338333235164,0,0
A,394,A_w394,10,0.14322149415227714,0,0.39699654757212305,0,-86.47833020123952,1,1.2184627131810193,0,0
A,395,A_w395,10,0.22228623345573018,1,0.4766889911464029,1,-36.65868415069651,1,1.4602521984394814,1,1
A,396,A_w396,10,0.086167553521186,0,0.4049845555973928,0,-76.21532807310946,0,1.1521673744577843,0,0
A,397,A_w397,10,0.22599438650993847,1,0.4558672955783991,0,-60.605820940255676,0,1.0887017280615063,0,0
A,398,A_w398,10,0.2422962457080357,1,0.5088389518110683,1,-9.67836888070429,1,1.7533615303694985,1,1
A,399,A_w399,10,0.33257808246520765,1,0.5083083153941226,1,-46.09356759964593,1,1.2190496240960247,1,1
A,400,A_w400,10,0.2685487042706997,1,0.48767208746476887,1,-49.03857898381521,1,1.202602591841641,1,1
A,401,A_w401,10,0.3991935774146213,1,0.5444508444587325,1,-20.15689379330619,1,1.3686211663452756,1,1
A,402,A_w402,10,0.36405664851910524,1,0.5108890624105242,1,-43.912963636559454,0,1.0962842981373335,1,0
A,403,A_w403,7,0.6045805109374327,1,0.6035476431954854,1,-3.005739220639157,1,2.538853701990462,1,1
A,404,A_w404,5,9.0794427186131e-05,0,0.4178675141451569,0,-61.169330788604086,0,0.978069376849402,0,0
A,405,A_w405,4,0.60036395784716,1,0.5935059490161794,1,-1.5084520245627147,1,2.758236911693801,1,1
B,0,B_w0,24,0.7313802001205216,1,0.6419867619327062,1,-1.264192025201389,1,2.3688028024060173,1,1
B,1,B_w1,30,0.17538255315823495,1,0.5091240147650319,1,-40.28457378613375,1,1.2039559784899654,1,1
B,2,B_w2,30,0.2665821328101282,1,0.5239121523553042,1,-37.74443013076782,0,1.1127180262449972,1,0
B,3,B_w3,30,0.2764639747943121,1,0.49914231948789545,1,-44.01340772190208,0,1.1314577629668614,1,0
B,4,B_w4,30,0.27891405622779086,1,0.5200879208480488,1,-36.243867657463234,1,1.184808635364677,1,1
B,5,B_w5,30,0.18176690367456338,1,0.4845436439590686,1,-54.41915653441571,0,1.1039586602053073,1,0
B,6,B_w6,30,0.1462078188303259,1,0.4553562221294563,0,-60.075478846105554,0,1.0236193433333989,0,0
B,7,B_w7,30,0.23188545962022258,1,0.4655298565688506,0,-60.721926694391485,0,1.0184059568942234,0,0
B,8,B_w8,30,0.17971309616410067,1,0.4666629307357031,0,-57.87805923840318,0,1.0664874862646354,0,0
B,9,B_w9,30,0.2922936260569276,1,0.4922965584391654,1,-50.805883700019024,0,1.0579743457568362,1,0
B,10,B_w10,30,0.29191973693241047,1,0.5614821284387284,1,-25.174276044793668,1,1.2368436175940556,1,1
B,11,B_w11,30,0.2787515696053762,1,0.5340384505821677,1,-39.8111793712041,0,1.1195427153817719,1,0
B,12,B_w12,30,0.20087932903117242,0,0.43699514468338313,0,-78.07799438663032,0,1.0690970053298106,0,0
B,13,B_w13,30,0.1456045246902419,1,0.456811640978789,0,-61.00205864539132,0,1.0861378875916767,0,0
B,14,B_w14,30,0.20423850705469393,1,0.4681806209228752,0,-65.26037080385028,0,1.051446728800716,0,0
B,15,B_w15,30,0.21543429026753458,1,0.4819373477996132,0,-62.836415733976814,0,1.117253106467483,0,0
B,16,B_w16,30,0.17256367926735944,0,0.4530045184902306,0,-69.86239742638136,0,1.0529193265572918,0,0
B,17,B_w17,30,0.2118048698105897,1,0.501832917853724,1,-49.36938171324257,1,1.2598319217143892,1,1
B,18,B_w18,30,0.21972307454259307,1,0.5243581662788529,1,-32.71996535938619,1,1.2998001055445774,1,1
B,19,B_w19,30,0.18494716190846536,1,0.5074506077332958,1,-43.98951999922758,1,1.2245374835299847,1,1
B,20,B_w20,30,0.17416641689266338,0,0.3921907200994244,0,-93.07966450983501,0,1.125650087038146,0,0
B,21,B_w21,30,0.16871912519618174,0,0.3976029113387988,0,-87.35106732786176,0,1.094076888297869,0,0
B,22,B_w22,30,0.15361929401463056,0,0.4083999190973168,0,-91.05590626065671,0,1.0532800235400208,0,0
B,23,B_w23,30,0.14063322392491212,0,0.4085081767615101,0,-93.82429138261303,0,1.0600599747467365,0,0
B,24,B_w24,30,0.14514132267613689,0,0.41435179851518267,0,-79.94894726778585,0,1.0784710607595955,0,0
B,25,B_w25,30,0.10844530382232746,0,0.3912591826127621,0,-89.2982364834457,0,1.122874286942763,0,0
B,26,B_w26,30,0.1655745430340464,0,0.4289873104147494,0,-72.57862975457701,0,1.0876046375257966,0,0
B,27,B_w27,30,0.1126053947544724,0,0.390779253884708,0,-85.62938718697538,0,1.0607726351478939,0,0
B,28,B_w28,30,0.10793458810100459,0,0.3885452261179,0,-84.72142174121741,0,1.037926805337244,0,0
B,29,B_w29,30,0.18037531337012236,0,0.43879367136527353,0,-72.48946428749038,1,1.2193151470271906,0,0
B,30,B_w30,30,0.21801767538030872,0,0.44995714314183516,0,-74.22429043900954,0,1.0059360281846477,0,0
B,31,B_w31,30,0.23091704736146934,1,0.46948828075584537,0,-68.49814837858688,0,1.0127706488355643,0,0
B,32,B_w32,30,0.17234450048906705,0,0.4400307279260283,0,-72.37446291048467,0,1.0429992148117915,0,0
B,33,B_w33,30,0.13754563159755911,0,0.4128015528882405,0,-82.5586532188624,0,1.0751771378569874,0,0
B,34,B_w34,30,0.24912368511948949,1,0.49119312287667105,0,-60.89222911684522,0,1.07317133065505,0,0
B,35,B_w35,30,0.14939921461467973,0,0.4119922605994898,0,-87.97825020425046,0,1.0822565556707664,0,0
B,36,B_w36,30,0.20397571912044102,1,0.4635451834598062,0,-75.05465456134861,0,1.0689664269939214,0,0
B,37,B_w37,30,0.20756833074526362,1,0.47924231653609556,0,-57.783101048261194,0,1.1699466341546678,0,0
B,38,B_w38,30,0.20185911307838666,0,0.43247602893372245,0,-92.14635928495306,0,1.0876785670010671,0,0
B,39,B_w39,30,0.1943407098491368,0,0.44674955233397606,0,-67.5446672349394,0,1.1211000131810867,0,0
B,40,B_w40,30,0.15148119746851998,0,0.4408204368749514,0,-59.244213666166,0,1.1291659472278717,0,0
B,41,B_w41,30,0.11670550373809177,0,0.4005301021375118,0,-70.52056016454286,1,1.2985568103727585,0,0
B,42,B_w42,30,0.17087323535383692,1,0.4556527463003606,0,-69.75332990407217,0,1.144887426094488,0,0
B,43,B_w43,30,0.24335243101369766,1,0.5164935144013585,1,-30.855453940257362,1,1.3816426700594333,1,1
B,44,B_w44,30,0.19181756649514042,1,0.467517042398924,0,-70.41304068925368,0,1.1488980905558592,0,0
B,45,B_w45,30,0.08613699043386018,0,0.4133012790606816,0,-74.5599643346213,0,1.1005795581677646,0,0
B,46,B_w46,30,0.15153841972953286,0,0.4465878453828109,0,-64.56277845660404,0,1.0871126107914875,0,0
B,47,B_w47,30,0.11908950642690071,0,0.3935943236198045,0,-87.03051492521764,0,1.0574808117395635,0,0
B,48,B_w48,30,0.1315968455046597,0,0.4093161213309913,0,-85.22137764982253,0,1.0845191687922149,0,0
B,49,B_w49,30,0.11379889702609056,0,0.40566503227931366,0,-81.52316001863674,0,1.0695486500312785,0,0
B,50,B_w50,30,0.13726201006578823,0,0.41885626651863067,0,-80.29037785344423,0,1.1464535332638044,0,0
B,51,B_w51,30,0.17179171741434868,0,0.4167046223885106,0,-78.56059317079009,0,1.1288786320485884,0,0
B,52,B_w52,30,0.10325178990956739,0,0.39148052518172993,0,-82.99199633510032,0,1.090196557128979,0,0
B,53,B_w53,30,0.12705740285951253,0,0.427073262287799,0,-76.74921918178518,0,1.1169728602004125,0,0
B,54,B_w54,30,0.12246633185057497,0,0.44999385328476144,0,-60.64057952956535,0,1.1453839746353611,0,0
B,55,B_w55,30,0.10791119723243472,0,0.42506417338696784,0,-71.82989812332708,0,1.0697613265448866,0,0
B,56,B_w56,30,0.1023624770062069,0,0.42544564821535896,0,-67.22050716457915,0,1.0915362893198017,0,0
B,57,B_w57,30,0.10576362124344807,0,0.4421651600389387,0,-58.005778791845124,1,1.2184408689786788,0,0
B,58,B_w58,30,0.11247626405767716,0,0.41271105987421425,0,-77.01499472378686,0,1.0779024560784176,0,0
B,59,B_w59,30,0.16874404591116474,1,0.4562652369161199,0,-57.07473958082984,1,1.2603684058985412,1,0
B,60,B_w60,30,0.17321095524928176,1,0.4908239719776488,1,-46.4199374523015,1,1.3034102504244682,1,1
B,61,B_w61,30,0.10539165297303642,0,0.45123606827153845,0,-59.65977950795868,1,1.227978901366706,0,0
B,62,B_w62,30,0.10234494394593956,0,0.4229229317334305,0,-64.76609016590443,0,1.145695547377722,0,0
B,63,B_w63,30,0.0922083331499172,0,0.44786152938769286,0,-58.30772280252155,0,1.0994226883150324,0,0
B,64,B_w64,30,0.08324738529138825,1,0.4544882027266031,0,-60.494187249789,0,1.0935072253104856,0,0
B,65,B_w65,30,0.08889464285821916,1,0.4617207362625451,1,-53.16796179534464,0,1.1576424526992288,1,0
B,66,B_w66,30,0.06325446260034251,0,0.44185723760915496,0,-63.835743914541936,0,1.119689756673799,0,0
B,67,B_w67,30,0.07389406925384735,1,0.46855411405639935,1,-22.987494748521982,1,1.5878248640508306,1,1
B,68,B_w68,30,0.10328364070037106,0,0.41101659455414413,0,-77.26031032148629,0,1.16676668440841,0,0
B,69,B_w69,30,0.1523521403839933,0,0.4163568794576733,0,-87.55183088072259,0,1.1430015247911516,0,0
B,70,B_w70,30,0.15723720968712043,0,0.39728240410974647,0,-88.16825278948592,0,1.0383901446282415,0,0
B,71,B_w71,30,0.1852609282112627,1,0.4719712771314484,0,-67.21140409825851,0,1.1495780681116645,0,0
B,72,B_w72,30,0.15037034487454717,0,0.40860260750116806,0,-88.1665406963824,0,1.0970278211477307,0,0
B,73,B_w73,30,0.15805204877173232,0,0.4150555028885242,0,-80.25812457189875,0,1.066481039296238,0,0
B,74,B_w74,30,0.10790752080893547,0,0.36732079405828344,0,-89.98515770720081,0,0.9819330303182121,0,0
B,75,B_w75,30,0.10188372195382815,0,0.3827751610672591,0,-75.56408370671922,0,1.0937470997499155,0,0
B,76,B_w76,30,0.13184266418325646,0,0.3965150868466088,0,-77.05474466760724,0,1.0551818725462188,0,0
B,77,B_w77,30,0.1448016954747877,0,0.42979867065136046,0,-56.929553966735334,0,1.1660858053774485,0,0
B,78,B_w78,30,0.1361202406413051,0,0.4055842261993804,0,-74.85593896434017,0,1.0721255219926995,0,0
B,79,B_w79,30,0.10160702271012408,0,0.400496809746126,0,-73.61417036103879,0,1.1096482525741869,0,0
B,80,B_w80,30,0.13009312219051475,0,0.39496666547402176,0,-81.93953657227426,0,1.0384453096527861,0,0
B,81,B_w81,30,0.1031918128294822,0,0.3592208327721405,0,-92.1065385168483,0,0.9809940939361252,0,0
B,82,B_w82,30,0.08625448921949416,0,0.36473543646603734,0,-83.82187804736968,0,1.0318310642851387,0,0
B,83,B_w83,30,0.13998660857546405,0,0.40061070466249343,0,-74.53175572864221,0,1.0657718123233064,0,0
B,84,B_w84,30,0.14624513329810906,0,0.42188463061792586,1,-55.69622073504048,0,1.1218352796036704,0,0
B,85,B_w85,30,0.13483124750756648,0,0.3988992911913983,0,-68.40648259445268,0,1.1345310427067476,0,0
B,86,B_w86,30,0.11575863728142553,0,0.3754719353030683,0,-83.12116854941532,0,1.0223519317399217,0,0
B,87,B_w87,30,0.29485630238954846,1,0.46529951958676957,1,-54.80122899719204,0,1.0934761874800731,1,0
B,88,B_w88,30,0.1399366538820681,0,0.42360815553647185,0,-79.06382848459366,1,1.184751690218075,0,0
B,89,B_w89,30,0.09775228745299339,0,0.4046371677836542,0,-78.37040595630589,0,1.0228604651225193,0,0
B,90,B_w90,30,0.12995665547402221,0,0.40924772272875465,0,-75.97261282225293,0,1.1191198137492113,0,0
B,91,B_w91,30,0.11817657561526478,0,0.3943962502007495,0,-85.32507890389721,0,1.108410449956525,0,0
B,92,B_w92,30,0.09291622363511216,0,0.36999317155947953,0,-87.64279388525846,0,0.9814017984180353,0,0
B,93,B_w93,30,0.10705145534545475,0,0.39217957708520107,0,-73.47530851552663,0,1.112911616330777,0,0
B,94,B_w94,30,0.12414584294070377,0,0.4128033552975512,0,-74.93497508958133,0,1.0361896387591658,0,0
B,95,B_w95,30,0.11392053751713199,0,0.381142186982731,0,-81.05143572801985,0,1.0252241797719754,0,0
B,96,B_w96,30,0.09928869982437587,0,0.40892102462098845,0,-71.84386318768603,0,1.0209445139871713,0,0
B,97,B_w97,30,0.09682234605522277,0,0.38939306379293076,0,-80.48246402655855,0,1.026884157757353,0,0
B,98,B_w98,30,0.10006515019104793,0,0.3846281903567892,0,-88.231219553693,0,1.0012535942442664,0,0
B,99,B_w99,30,0.12643227608350302,0,0.3871942872999908,0,-91.54257151408568,0,0.9953644414933649,0,0
B,100,B_w100,30,0.1265822671618924,0,0.4031097683412403,0,-79.47602196151426,0,0.9877446803346325,0,0
B,101,B_w101,30,0.13777351010671418,0,0.3991713782880355,0,-85.36374950460636,0,0.9914735087655657,0,0
B,102,B_w102,30,0.15373956113899537,0,0.4319338172476259,0,-70.64488584766559,0,1.022987903629608,0,0
B,103,B_w103,30,0.1298766259046964,0,0.40652111527299944,0,-79.30911509039177,0,0.9843226851926478,0,0
B,104,B_w104,30,0.14458214616326076,0,0.4512630642372785,1,-54.98747380426464,1,1.2310528697076513,1,0
B,105,B_w105,30,0.1490237208283756,0,0.42875523235285623,0,-70.67986978384309,1,1.174026837172047,0,0
B,106,B_w106,30,0.13860743174421608,0,0.4347636845671079,0,-67.44649093504553,0,1.062427028521293,0,0
B,107,B_w107,30,0.14135458740577136,1,0.4642715830074553,1,-51.14463306754203,0,1.1106032179081982,1,0
B,108,B_w108,30,0.15880052287217925,0,0.4418641942824247,0,-63.84057602546265,0,1.1538841027758444,0,0
B,109,B_w109,30,0.1516368658573824,0,0.4272777505733892,0,-78.49912317208872,0,1.1025315923329801,0,0
B,110,B_w110,30,0.10054303491309313,0,0.38330650211191386,0,-77.61622149765441,0,1.0574961128306672,0,0
B,111,B_w111,30,0.11100111553784806,0,0.37775299841827015,0,-80.6518095674073,0,1.03359514171647,0,0
B,112,B_w112,30,0.1481009156021771,0,0.40944471521486553,0,-79.15156409788568,0,1.0520014278539251,0,0
B,113,B_w113,30,0.13042570156332425,0,0.3855810807395356,0,-85.65129341271734,0,1.0358502743706883,0,0
B,114,B_w114,30,0.13444244035583822,0,0.39424278361974247,0,-78.2695408365921,0,1.0669846263846643,0,0
B,115,B_w115,30,0.15110911038266742,0,0.40441187247930094,0,-82.15955240991144,0,1.0362915218722502,0,0
B,116,B_w116,30,0.16276879575251943,0,0.40472671075063704,0,-81.60676878766817,0,1.0962237909825554,0,0
B,117,B_w117,30,0.14572316862358878,0,0.42318557988376976,0,-77.34848263147565,0,1.0126989501790433,0,0
B,118,B_w118,30,0.12772013732192533,0,0.3855542599757098,0,-83.41982836240001,0,1.0229070250227932,0,0
B,119,B_w119,30,0.11116968410816234,0,0.41444657608814695,0,-72.65698705673428,0,1.0613762265345115,0,0
B,120,B_w120,30,0.11203406708742915,0,0.3921428977299827,0,-80.76079515780987,0,1.0640949192662166,0,0
B,121,B_w121,30,0.10702227303604075,0,0.38185488730843775,0,-79.43338394394574,0,1.05914306058921,0,0
B,122,B_w122,30,0.12698328697800176,0,0.39079814124299644,0,-82.32740403394773,0,1.0822965639235929,0,0
B,123,B_w123,30,0.13455376280008285,0,0.3909481079476877,0,-85.65336506544453,0,1.0673684416381637,0,0
B,124,B_w124,30,0.12685348168336932,0,0.36733530408034015,0,-92.52675058104697,0,1.0256507421990106,0,0
B,125,B_w125,30,0.15438988003293289,0,0.39975873807628437,0,-85.15172035483381,0,1.0697555538378127,0,0
B,126,B_w126,30,0.12437537445938514,0,0.36944120570118744,0,-83.2131941477725,0,1.0627973864451845,0,0
B,127,B_w127,30,0.09951406312081876,0,0.3732135556304061,0,-74.78051535941243,0,1.0427681311593735,0,0
B,128,B_w128,30,0.11813395307848157,0,0.43064463601824354,0,-74.5842141296536,0,1.0953724838762968,0,0
B,129,B_w129,30,0.12753356728867518,0,0.4188922990640647,0,-79.42907267060859,0,1.1456622742971632,0,0
B,130,B_w130,30,0.11852183873721754,0,0.3748755515233628,0,-82.79110160369991,0,1.0404148334636538,0,0
B,131,B_w131,30,0.11872660536030616,0,0.38573757000657755,0,-86.57633074417568,0,0.9908915863528197,0,0
B,132,B_w132,30,0.12107595458672803,0,0.36357333483752124,0,-88.07693461817563,0,1.014406636115604,0,0
B,133,B_w133,30,0.12516452041323853,0,0.3864842229799804,0,-80.72387346194417,0,1.0275532758118895,0,0
B,134,B_w134,30,0.10119788966629385,0,0.4078172875026105,0,-74.95882116842787,0,0.9910886573459596,0,0
B,135,B_w135,30,0.11718602858901393,0,0.4092562653723479,0,-74.31654377551413,0,1.021958488589275,0,0
B,136,B_w136,30,0.11150570028603057,0,0.42078907459606996,0,-69.97197164529955,0,1.0776728707577632,0,0
B,137,B_w137,30,0.17587406846186607,0,0.42577466962287686,0,-70.2305583971121,0,1.1602641683726695,0,0
B,138,B_w138,30,0.14093369766066544,0,0.41017925560680235,0,-81.28723964228118,0,1.019519057843952,0,0
B,139,B_w139,30,0.11630346901380252,0,0.3849103886262756,0,-84.78079420139099,0,1.0414765601732199,0,0
B,140,B_w140,30,0.12365052167808642,0,0.3960416146233699,0,-80.71735518325738,0,1.0096183917960018,0,0
B,141,B_w141,30,0.14957414275605233,0,0.4367034671426702,0,-68.48384920019865,0,1.0507392736607706,0,0
B,142,B_w142,30,0.13270155546575776,0,0.39250633776461236,0,-75.65257934880412,0,1.043967292081058,0,0
B,143,B_w143,30,0.14069349702882855,0,0.3863312876665549,0,-73.08707750181863,0,1.1069682676828727,0,0
B,144,B_w144,30,0.14743486739549172,0,0.41191631082818897,0,-74.02750389054252,0,1.1122815957466246,0,0
B,145,B_w145,30,0.1133192885625026,0,0.38491299230477094,0,-85.13417919946865,0,1.0050456525963902,0,0
B,146,B_w146,30,0.09398384676757073,0,0.3992254660984653,0,-72.74003556827672,0,1.061662245673458,0,0
B,147,B_w147,30,0.08542677416770315,0,0.38234252958904824,0,-80.76520294695182,0,1.0297315901489612,0,0
B,148,B_w148,30,0.08170775112703167,0,0.3993735642201335,0,-74.61847425476957,0,1.0094263611085061,0,0
B,149,B_w149,30,0.08344385971802326,0,0.36611891339037833,0,-80.75463643693168,0,1.006903111555596,0,0
B,150,B_w150,30,0.1045831025152146,0,0.38775463455503684,0,-78.12300509293111,0,1.1237151196034743,0,0
B,151,B_w151,30,0.14187842296021538,0,0.4025150740283131,0,-77.23430737820001,0,1.088485740969174,0,0
B,152,B_w152,30,0.08564834181631918,0,0.386790380138613,0,-64.48152686937249,1,1.2293473974304492,0,0
B,153,B_w153,30,0.11135168669373488,0,0.4392059681071354,0,-68.74837667124532,0,1.0527636824226074,0,0
B,154,B_w154,30,0.1244245580943118,0,0.40339447448500365,0,-75.59548593676936,0,1.1249656936049157,0,0
B,155,B_w155,30,0.11643202255659503,0,0.37593000134460036,0,-80.4451096403951,0,1.041503561537755,0,0
B,156,B_w156,30,0.09936435874937706,0,0.3873219473505949,0,-77.56190670166289,0,1.092261891005261,0,0
B,157,B_w157,30,0.08778494278438466,0,0.37755887368021035,0,-80.74950026161326,0,1.0401869826431998,0,0
B,158,B_w158,30,0.06934968096489569,0,0.3781329102751915,0,-84.8086688385255,0,1.0145651232950812,0,0
B,159,B_w159,30,0.10156950978480034,0,0.36532905230173734,0,-92.99044528890558,0,1.0026195963880808,0,0
B,160,B_w160,30,0.09904019721168235,0,0.3866104375949124,0,-82.42826433546504,0,1.0118580335350402,0,0
B,161,B_w161,30,0.1475805937699328,0,0.38504234775558305,0,-83.64361139550734,0,1.0505494421235173,0,0
B,162,B_w162,30,0.16911104666606985,1,0.4621189151685199,0,-61.115789889137666,0,1.1096007988929715,0,0
B,163,B_w163,30,0.13437656298035588,1,0.4894574558382303,1,-38.45577984455326,1,1.238552241173617,1,1
B,164,B_w164,30,0.10828543806822358,0,0.40008290830624493,0,-76.60353979490964,0,0.9892157640296481,0,0
B,165,B_w165,30,0.14336480322108636,0,0.4348965238805604,0,-67.9138961665947,1,1.2075555407351086,0,0
B,166,B_w166,30,0.1301200312333875,0,0.43422472005419666,0,-73.64774812281401,1,1.2226839513868295,0,0
B,167,B_w167,30,0.16322467309261032,0,0.4285049732135126,0,-69.22602752812494,1,1.1862417099516063,0,0
B,168,B_w168,30,0.09344617711256302,0,0.37524702850848224,0,-87.73614606377184,0,1.0331049011222218,0,0
B,169,B_w169,30,0.06839891313843273,0,0.37074199488989107,0,-87.57980844675426,0,0.9958474050743139,0,0
B,170,B_w170,30,0.0780968755837656,0,0.36807443284306485,0,-91.06037351287543,0,1.0108882711990324,0,0
B,171,B_w171,30,0.08911299918878468,0,0.4027441849654686,0,-74.59276102173534,0,1.0902712722155956,0,0
B,172,B_w172,30,0.10729601589421663,0,0.42069577368158434,0,-67.22191311104537,0,1.0676676002294154,0,0
B,173,B_w173,30,0.13500557644116332,0,0.41577939698894323,0,-70.62470758584641,0,1.0324736226303655,0,0
B,174,B_w174,30,0.11683183480245986,0,0.39397438377357175,0,-81.92701498309896,0,0.9938866232237099,0,0
B,175,B_w175,30,0.10039380865339864,0,0.40653949827020586,0,-79.51371511593136,0,1.0082088349449345,0,0
B,176,B_w176,30,0.10919794514269889,0,0.38658447051519534,0,-89.75915339708705,0,0.9878325619560228,0,0
B,177,B_w177,30,0.09172508967415645,0,0.398533836679599,0,-72.33769635962518,0,1.000080214058539,0,0
B,178,B_w178,30,0.1372311029109082,0,0.4035978651343081,0,-86.95535484222036,0,0.9893262522184122,0,0
B,179,B_w179,30,0.0946147132736155,0,0.41530624611090505,0,-65.60667605839555,0,1.0262671643469854,0,0
B,180,B_w180,30,0.09303984232191663,0,0.40996502381884065,0,-68.50625085151025,0,1.0062179449665907,0,0
B,181,B_w181,30,0.08139000336165379,0,0.4035062175312548,0,-74.50469398485232,0,0.9966757446757009,0,0
B,182,B_w182,30,0.09391444385688572,0,0.40121408594781566,0,-75.31798856008695,0,0.9999772505300243,0,0
B,183,B_w183,30,0.09163875437876635,0,0.40409404040946695,0,-65.45788171646869,0,1.099460637788142,0,0
B,184,B_w184,30,0.09368173284488285,0,0.40136603353292255,0,-73.60921206083937,0,1.0078947647865322,0,0
B,185,B_w185,30,0.10555148409900812,0,0.3997376670465394,0,-65.5775925044151,0,1.1015412101100732,0,0
B,186,B_w186,30,0.12731837633626142,0,0.385033321280674,0,-78.01770388306525,0,1.0568672682826368,0,0
B,187,B_w187,30,0.11289924385453838,0,0.36823719634261526,0,-82.16281185304747,0,0.9994699151205132,0,0
B,188,B_w188,30,0.11159623939325292,0,0.37224749455313916,0,-82.28326240357835,0,1.0230467774205432,0,0
B,189,B_w189,30,0.11156413030882287,0,0.39221474599572154,0,-77.80512762736147,0,1.0558766142963918,0,0
B,190,B_w190,30,0.10723331683281469,0,0.38545928635597965,0,-69.1161949900387,0,1.0958521770616891,0,0
B,191,B_w191,30,0.1050340503619217,0,0.3833936656868028,0,-76.28821642563385,0,1.0540846632203495,0,0
B,192,B_w192,30,0.10685106695237914,0,0.3979377745784848,0,-73.54017813438382,0,1.0022836250428455,0,0
B,193,B_w193,30,0.10458012672519118,0,0.3927478113229755,0,-72.62582623625488,0,1.0939583980372378,0,0
B,194,B_w194,30,0.10972306637460619,0,0.3797160378919126,0,-84.68742288779329,0,1.0215815551652165,0,0
B,195,B_w195,30,0.1100682109197282,0,0.391290720088418,0,-74.30492466055028,0,1.0207053735774956,0,0
B,196,B_w196,30,0.09098790482557714,0,0.38749381839496677,0,-76.33962165078263,0,1.000317774906139,0,0
B,197,B_w197,30,0.10979650143759727,0,0.3997555116420243,0,-74.34976372849627,0,1.0451464060919662,0,0
B,198,B_w198,30,0.11295032946896706,0,0.37168538832447007,0,-87.02297030952839,0,1.0199713869041418,0,0
B,199,B_w199,30,0.09437093803908043,0,0.3738282317383804,0,-71.79537629927464,0,1.0446938623040536,0,0
B,200,B_w200,30,0.09975648238432684,0,0.39364922283854553,0,-84.74961017644057,0,1.016985245566499,0,0
B,201,B_w201,30,0.07990707154162652,0,0.40697047565222677,0,-77.60890220016785,0,0.9968587373546441,0,0
B,202,B_w202,30,0.09370451951162262,0,0.4255203988382881,0,-73.43637398094236,0,1.0203473529976261,0,0
B,203,B_w203,30,0.10717811675067132,0,0.4110953997035551,0,-78.25353196977534,0,1.0176159241305451,0,0
B,204,B_w204,30,0.09848249488636969,0,0.4226116771540092,0,-68.20420843273551,0,1.0122448376483655,0,0
B,205,B_w205,30,0.07767116719782055,0,0.3846448893367657,0,-81.28607855244286,0,0.9911897592580071,0,0
B,206,B_w206,30,0.0954572513760941,0,0.4240896843677961,0,-67.1064990635802,0,1.00245173290304,0,0
B,207,B_w207,30,0.09586723314565743,0,0.42459352341235956,0,-71.1204489885366,0,0.9962079236974127,0,0
B,208,B_w208,30,0.11001626428628732,0,0.42242288523320604,0,-74.80005982197387,0,0.9872014098016724,0,0
B,209,B_w209,30,0.09174577891296044,0,0.40533150991296063,0,-74.0845291972023,0,1.0217891281859846,0,0
B,210,B_w210,30,0.09547204256762086,0,0.4107973727469958,0,-77.11022127407699,0,0.9818129641046237,0,0
B,211,B_w211,30,0.0948952599161461,0,0.4405258453417536,0,-61.779629553235736,0,1.046327669175503,0,0
B,212,B_w212,30,0.08545234570291575,0,0.4098720464708669,0,-75.11520404808938,0,1.00311973284142,0,0
B,213,B_w213,30,0.09032837988718741,0,0.4377406378484271,0,-68.17788858645952,0,1.0196457408263568,0,0
B,214,B_w214,30,0.09042778178752488,0,0.4213480320162987,0,-74.87411289804234,0,1.0744027636338704,0,0
B,215,B_w215,30,0.09458385988120524,0,0.43192779533147196,0,-71.15486418748827,0,1.0024881974054487,0,0
B,216,B_w216,30,0.08103158457114332,0,0.4147086631156349,0,-71.92430490449604,0,1.0151351189216689,0,0
B,217,B_w217,30,0.07858481587690634,0,0.42947721001896044,0,-68.22941474909858,0,1.0019935881266542,0,0
B,218,B_w218,30,0.07662493928067723,0,0.4166328599212871,0,-75.51950457439197,0,0.9850111052671654,0,0
B,219,B_w219,30,0.0735919083196123,0,0.4093701112817705,0,-75.59842245447304,0,0.9923477096725702,0,0
B,220,B_w220,30,0.07718440561246254,0,0.43652495261663393,0,-65.58263273999403,0,0.9973153079646384,0,0
B,221,B_w221,30,0.10367184710230276,1,0.45431428583268196,0,-61.1299365542924,0,1.0068093877266096,0,0
B,222,B_w222,30,0.09262140398499141,0,0.44466749462034155,0,-58.35999315422022,0,1.015288056891051,0,0
B,223,B_w223,30,0.09300542114041302,1,0.4554467403027222,0,-58.360223666737404,0,1.04785075977659,0,0
B,224,B_w224,30,0.10054073215688998,1,0.46449207821847543,0,-56.70341252412572,0,1.1409004313043953,0,0
B,225,B_w225,30,0.1039924902431226,0,0.45066826354718276,0,-61.100176870792765,0,1.03107720624363,0,0
B,226,B_w226,30,0.10415330784494589,1,0.45552070524393434,1,-55.66993824428499,1,1.1733596753584363,1,1
B,227,B_w227,30,0.08816464849627477,0,0.4209014276030812,0,-65.2799025115944,0,1.0462834336264084,0,0
B,228,B_w228,30,0.07638166821954083,0,0.4402460157793943,0,-58.73746548812059,0,1.0168691015723543,0,0
B,229,B_w229,30,0.07216734855240071,0,0.42657246205802823,0,-67.05019298980665,0,0.9869350854036061,0,0
B,230,B_w230,30,0.08836470901761709,0,0.44193366575762194,0,-61.61053836651463,0,1.0372986289202988,0,0
B,231,B_w231,30,0.0966189421551527,0,0.4487764487783346,0,-62.387285286235816,0,1.0780703406189154,0,0
B,232,B_w232,30,0.07524318095738372,0,0.4422259465329753,0,-58.20323597027596,0,1.0055608196887527,0,0
B,233,B_w233,30,0.07628492321932256,0,0.43913298366037007,0,-60.91048344855772,0,0.9996241481803572,0,0
B,234,B_w234,30,0.09408442357804743,1,0.45593016665816577,0,-58.36500743137149,0,1.0378749082274212,0,0
B,235,B_w235,30,0.09504723231264682,0,0.4477673063007761,0,-63.28703123041153,0,1.0262034153464508,0,0
B,236,B_w236,30,0.07754196985099195,0,0.4309844220022165,0,-62.06246649362315,0,1.0095886614200242,0,0
B,237,B_w237,30,0.05836760743705399,0,0.41656739623405303,0,-66.55903112202563,0,1.0244793966314643,0,0
B,238,B_w238,30,0.08649838984648588,1,0.459921666270412,1,-54.35910914831448,0,1.1581140441403903,1,0
B,239,B_w239,30,0.07479648026505925,0,0.4047891307369214,0,-74.3256543540351,0,1.05365517372385,0,0
B,240,B_w240,30,0.06134663866492682,0,0.4114640955309897,0,-70.44488252001769,0,0.9963719142559281,0,0
B,241,B_w241,30,0.07751946435000165,0,0.4167606464779331,0,-70.55240536864353,0,1.0032443914606726,0,0
B,242,B_w242,30,0.06652116551080935,0,0.4206817724540187,0,-73.9269388675416,0,0.9991906966312106,0,0
B,243,B_w243,30,0.06636143807813835,0,0.41028862124101173,0,-74.17202887012162,0,1.0087002435586245,0,0
B,244,B_w244,30,0.0779897137527175,0,0.4243029419325624,0,-67.01539997644736,0,1.0304985822036659,0,0
B,245,B_w245,30,0.10662122376672015,0,0.4113416626364526,0,-76.31855580731408,0,1.0114668405780352,0,0
B,246,B_w246,30,0.08411029062729054,0,0.38689137486977726,0,-72.66890540894745,0,1.0515172441009997,0,0
B,247,B_w247,30,0.07532946916403807,0,0.3862576026444288,0,-66.07655430662665,0,1.1048217527898616,0,0
B,248,B_w248,30,0.10188667411689076,0,0.39505835106622184,0,-66.89794903194213,0,1.1189634870720035,0,0
B,249,B_w249,30,0.10485463446292069,0,0.4276480886551692,0,-61.26056627000283,0,1.123335839667033,0,0
B,250,B_w250,30,0.08679278082984986,0,0.4208207955265298,0,-68.68810600214478,0,1.0210316832668365,0,0
B,251,B_w251,30,0.07881475940114759,0,0.3981261270307667,0,-70.44886407528172,0,1.0218037367690158,0,0
B,252,B_w252,30,0.086450324111019,0,0.42387031752098764,0,-64.7765608882026,0,1.0428616544916676,0,0
B,253,B_w253,30,0.07972755777518582,0,0.4331289320733964,1,-50.562741321896254,0,1.1216712114687328,0,0
B,254,B_w254,30,0.07914081347712142,0,0.39877404958158996,0,-67.64843263677514,0,1.0078155168274898,0,0
B,255,B_w255,30,0.05338212043148455,0,0.39341054592511493,0,-65.64425570811757,0,0.9887190439298854,0,0
B,256,B_w256,30,0.06657151092077337,0,0.4145937602289881,0,-58.88210557807271,0,1.0365361653779306,0,0
B,257,B_w257,30,0.08235550668792777,0,0.42019659701378637,0,-63.2998970355168,0,1.0326338136590338,0,0
B,258,B_w258,30,0.08196501031287347,0,0.4357362857124129,0,-60.58441393136727,0,1.0723614228095624,0,0
B,259,B_w259,30,0.08204543518075158,0,0.4300563364771532,0,-61.76841307663147,0,1.0462700140922045,0,0
B,260,B_w260,30,0.06753290880098442,0,0.39875487866191445,0,-66.45323385409488,0,0.9896207020882097,0,0
B,261,B_w261,30,0.055086449509714364,0,0.39682327555602853,0,-67.73924184685518,0,0.9844447316819163,0,0
B,262,B_w262,30,0.08284787522952212,0,0.41304735749714017,0,-64.07358626317996,0,1.054351934380731,0,0
B,263,B_w263,30,0.060137421067704144,0,0.39730745201775136,0,-68.17822880680244,0,1.0073560966981514,0,0
B,264,B_w264,30,0.057662371496631615,0,0.41621545282526135,0,-59.90047036371865,0,1.0252122577321627,0,0
B,265,B_w265,30,0.06505855397021575,0,0.40176820426449394,0,-64.17124558725524,0,1.0157393172891358,0,0
B,266,B_w266,30,0.07212290006534486,0,0.41100953072463847,0,-61.38916926727863,0,1.037802723438453,0,0
B,267,B_w267,30,0.07364283279577953,0,0.4019177371075055,0,-66.98833020953748,0,1.0257667003082391,0,0
B,268,B_w268,30,0.0799196616857969,0,0.41483456885789965,0,-61.35211634548873,0,1.0341223361315575,0,0
B,269,B_w269,30,0.07898217029345328,0,0.41083759725333885,0,-62.52356607282036,0,1.0139607949839275,0,0
B,270,B_w270,30,0.09776589718142556,0,0.43350378920701255,0,-63.83655416235021,0,1.073297815336259,0,0
B,271,B_w271,30,0.09192126322035232,0,0.43943329671454884,1,-56.341595437962916,0,1.0961576844814895,0,0
B,272,B_w272,30,0.08126773502612103,0,0.402158989654749,0,-74.3408702884994,0,1.0145160421519261,0,0
B,273,B_w273,30,0.07456298716637819,0,0.4224149378616806,0,-62.109614889953235,0,1.0263403549968455,0,0
B,274,B_w274,30,0.0530537797803656,0,0.40044626964802943,0,-69.42329476585806,0,0.9829690044465534,0,0
B,275,B_w275,30,0.049153315460478186,0,0.39921468022390955,0,-66.01165135124921,0,0.9894909156103674,0,0
B,276,B_w276,30,0.05857351586371849,0,0.4233960922074346,0,-62.69552758325429,0,1.0097012071231495,0,0
B,277,B_w277,30,0.07930257360115929,0,0.45314747561003393,1,-49.02222720525159,1,1.17776445808783,1,0
B,278,B_w278,30,0.10361125016988632,1,0.4555150201479419,1,-52.903710887069515,0,1.1110160129229365,1,0
B,279,B_w279,30,0.08826584986273604,0,0.4219665692010449,0,-65.57135705677075,0,1.0734462618088771,0,0
B,280,B_w280,30,0.08052459956651062,0,0.399724219922412,0,-71.68533958661081,0,0.9984686809843984,0,0
B,281,B_w281,30,0.09774182127980884,0,0.3898241446515112,0,-78.03500027612527,0,0.9955263843353191,0,0
B,282,B_w282,30,0.09135781366578584,0,0.3800969510189864,0,-82.031279327946,0,1.0172827527782267,0,0
B,283,B_w283,30,0.10681841795897913,0,0.3785092982497987,0,-80.15122496924545,0,1.0207918016331785,0,0
B,284,B_w284,30,0.10267426150844151,0,0.3739749185054345,0,-80.84746512295028,0,1.0107067136656007,0,0
B,285,B_w285,30,0.1374520733744745,0,0.39608851550924284,0,-83.82198171520238,0,1.0487815232142064,0,0
B,286,B_w286,30,0.13023623606611615,0,0.3807837839013558,0,-83.94581539954167,0,1.0057148938712084,0,0
B,287,B_w287,30,0.1356244089130945,0,0.3815330153722729,0,-84.16395947292186,0,1.0195215471451107,0,0
B,288,B_w288,30,0.13175725815628309,0,0.3821246295527719,0,-80.28492825059448,0,1.070716530590178,0,0
B,289,B_w289,30,0.12048382504535625,0,0.3833686491802607,0,-79.85509535895947,0,1.0228316220355402,0,0
B,290,B_w290,30,0.15360209118662063,0,0.4192203834395039,0,-78.43651629201828,0,1.0020671172607547,0,0
B,291,B_w291,30,0.16472169467522454,1,0.455857621809431,1,-52.649515220143314,0,1.1438344471307214,1,0
B,292,B_w292,30,0.16258165710820838,0,0.43230753441621744,0,-71.08575191619069,0,1.036829531016144,0,0
B,293,B_w293,30,0.20386442435807678,1,0.45680934625099184,0,-66.14793197545623,0,1.1693681727612848,0,0
B,294,B_w294,30,0.16116886112411444,0,0.43960685106347586,0,-63.62033628735958,0,1.139248905739749,0,0
B,295,B_w295,30,0.17732491311038834,0,0.44489427257338177,1,-52.23953633913506,1,1.300847874370758,1,0
B,296,B_w296,30,0.12617498657556644,0,0.3956991343607975,0,-70.26744214879379,0,1.1389353728429492,0,0
B,297,B_w297,30,0.1069686117977771,0,0.3617272328992506,0,-83.46049710620383,0,0.9831333682016031,0,0
B,298,B_w298,30,0.11320600174553928,0,0.37481400646284907,0,-88.99556938930827,0,1.028140059366326,0,0
B,299,B_w299,30,0.1438318439879545,0,0.39591064316371566,0,-79.53272624573445,0,1.0308324860356923,0,0
B,300,B_w300,30,0.19790166710973467,0,0.43831194963698833,0,-65.90327275887824,1,1.2784726548639678,0,0
B,301,B_w301,30,0.1041428426318924,0,0.39413084595027964,0,-75.9075768668031,1,1.2156281868704055,0,0
B,302,B_w302,30,0.1731688013605087,1,0.4628816325897049,0,-66.46055606772879,1,1.1769787273187504,1,0
B,303,B_w303,30,0.16369987072403233,0,0.39909266463727733,0,-84.12354959687259,1,1.2434639140867043,0,0
B,304,B_w304,30,0.16361380551777932,0,0.4112848814808577,0,-72.78954668437443,1,1.2460244485517755,0,0
B,305,B_w305,30,0.08887377484057987,0,0.37862466671579265,0,-79.11926245916304,0,1.031317932876907,0,0
B,306,B_w306,30,0.09913858851742408,0,0.36188367164843627,0,-89.53057395708147,0,0.9787242991235703,0,0
B,307,B_w307,30,0.11261205676723811,0,0.3561570486326766,0,-90.1113821309604,0,0.9726305593575195,0,0
B,308,B_w308,30,0.09427699181345912,0,0.3687644293888136,0,-79.49360360775837,0,0.9840991438527723,0,0
B,309,B_w309,30,0.09388040014070767,0,0.37445212659873967,0,-65.92221407691078,0,1.0585897318510744,0,0
B,310,B_w310,30,0.13400029009668035,0,0.4205522173380049,0,-64.99965334666442,1,1.2377143635312509,0,0
B,311,B_w311,30,0.13998481181097966,0,0.40800565300385483,0,-68.98785674477591,1,1.1864690375243387,0,0
B,312,B_w312,30,0.09976817194924842,0,0.3646870918609756,0,-85.82374454030479,0,0.9843296435439738,0,0
B,313,B_w313,30,0.08484065048520507,0,0.36770466501490084,0,-78.67267000504475,0,0.9863230024257198,0,0
B,314,B_w314,30,0.09894706631313697,0,0.36971422026225403,0,-82.62479340778853,0,0.972069059309392,0,0
B,315,B_w315,30,0.11258733106158057,0,0.3676838583657294,0,-83.84813776386069,0,0.9835057402215249,0,0
B,316,B_w316,30,0.12048115988701456,0,0.37206596994030183,0,-81.41617708325519,0,1.0371324118655,0,0
B,317,B_w317,30,0.12951903993196215,0,0.3801560026271472,0,-84.7977398536787,0,1.0578357219180587,0,0
B,318,B_w318,30,0.11005017077713514,0,0.4079188698021095,0,-61.633887673340695,0,1.130435898051647,0,0
B,319,B_w319,30,0.08275758037996515,0,0.39033774144301103,0,-69.98139092830617,0,1.0705397762491364,0,0
B,320,B_w320,30,0.16625711382946895,1,0.46133207217644917,1,-52.908721140924044,0,1.1225302793658718,1,0
B,321,B_w321,30,0.18583909573301383,1,0.4552323304660644,0,-60.352137016198654,0,1.1000121387373631,0,0
B,322,B_w322,30,0.10991005218111409,0,0.39682234063648847,0,-70.60374398825714,0,1.1077477495844106,0,0
B,323,B_w323,30,0.1205230830548702,0,0.38225060138482286,0,-76.99157370248514,0,1.0211580014476058,0,0
B,324,B_w324,30,0.12255667828331149,0,0.3814594999895501,0,-77.23145004587127,0,1.0272736329214,0,0
B,325,B_w325,30,0.12215525727903173,0,0.38264631603046767,0,-75.23473026323991,0,1.0150168895746075,0,0
B,326,B_w326,30,0.1252857206118395,0,0.38208650260321225,0,-76.11230414779172,0,1.0460087846464583,0,0
B,327,B_w327,30,0.12097643945671127,0,0.3828095908993961,0,-80.83174011742996,0,1.0565363926712348,0,0
B,328,B_w328,30,0.11326917935896327,0,0.38765104425459307,0,-73.29153634906037,0,1.096451906874319,0,0
B,329,B_w329,30,0.10431596941622372,0,0.3710939953236912,0,-79.46422866873276,0,0.9942137648428093,0,0
B,330,B_w330,30,0.1140982737391479,0,0.37552229825075156,0,-79.62612093247274,0,1.0567921382084688,0,0
B,331,B_w331,30,0.11335187946158373,0,0.4085612650212226,0,-70.80898196751305,0,0.9961035980578998,0,0
B,332,B_w332,30,0.14884082885969746,0,0.44673879911791303,0,-66.49447818097921,0,1.0551417281236313,0,0
B,333,B_w333,30,0.15651232353955424,1,0.4773391194991273,1,-51.40734910146374,0,1.117412387716038,1,0
B,334,B_w334,30,0.14496162559379622,1,0.48051391458577664,1,-47.43269776145448,1,1.182027447835794,1,1
B,335,B_w335,30,0.15237561497610738,0,0.44789650586148005,0,-61.536916794685474,0,1.0847010154726915,0,0
B,336,B_w336,30,0.11241461073875625,0,0.38929364904407676,0,-71.99960342217287,0,1.0345348861261723,0,0
B,337,B_w337,30,0.14167938953801157,0,0.4235876403859036,0,-58.81900437235592,0,1.1591069956701028,0,0
B,338,B_w338,30,0.14627534750347013,0,0.3807761964607472,0,-82.91961068764418,0,1.050213380697564,0,0
B,339,B_w339,30,0.11803846156772509,0,0.37604286121852143,0,-82.22797502900853,0,1.0157130747319196,0,0
B,340,B_w340,30,0.12932928441897704,0,0.3912152072672251,0,-75.17353664339072,0,1.085686726709274,0,0
B,341,B_w341,30,0.12938001537402688,0,0.3837911852259383,0,-83.9002267344822,0,1.0537813413872552,0,0
B,342,B_w342,30,0.10547680437370108,0,0.3976068520109101,0,-74.38168717586456,0,1.1050663949772896,0,0
B,343,B_w343,30,0.11213642013658649,0,0.3794706959910766,0,-85.5357502263506,0,1.0314092887900086,0,0
B,344,B_w344,30,0.10135746633445196,0,0.3738399421500118,0,-82.73527587129261,0,1.0179831477628083,0,0
B,345,B_w345,30,0.09839616548772562,0,0.3925121369973954,0,-76.45128051900889,0,1.0556642876447424,0,0
B,346,B_w346,30,0.10346723744296502,0,0.38315496177385694,0,-81.91182771725266,0,1.0155110479080818,0,0
B,347,B_w347,30,0.06730807515602068,0,0.41026442177669337,0,-73.5045017968335,0,1.0439529033109458,0,0
B,348,B_w348,30,0.14857480357887226,0,0.44845853401093755,0,-56.41799054897406,0,1.1585454150289554,0,0
B,349,B_w349,30,0.08264376693204288,0,0.41747686293391817,0,-67.86825161860634,0,1.0238224723615528,0,0
B,350,B_w350,30,0.07704421774823633,0,0.37291838715312453,0,-84.37468355904444,0,1.092701324329099,0,0
B,351,B_w351,30,0.08330043637918466,0,0.36682221193477343,0,-78.33128737289366,0,1.0157194129090792,0,0
B,352,B_w352,30,0.09435524392769537,0,0.35807253993682897,0,-87.72177088636592,0,0.9913940048121741,0,0
B,353,B_w353,30,0.09055850587226515,0,0.3555972516383512,0,-90.61186930180807,0,0.9733415371275693,0,0
B,354,B_w354,30,0.11667474252392404,0,0.3640087810816349,0,-88.04989388592456,0,0.996971405969153,0,0
B,355,B_w355,30,0.0863726722578841,0,0.37009748188379127,0,-86.69055241180307,0,1.0039595653270903,0,0
B,356,B_w356,30,0.11674257789043936,0,0.4125225414498568,0,-72.83671113102704,0,1.0694912486648438,0,0
B,357,B_w357,30,0.13465208014268304,0,0.40973283911928127,0,-87.38259105761738,0,1.0497361349581977,0,0
B,358,B_w358,30,0.12596404844760178,0,0.3734327996975049,0,-89.03669642598182,0,1.0303246264024954,0,0
B,359,B_w359,30,0.1507245809859066,0,0.407649606796826,0,-82.75265507541468,1,1.1876185382782671,0,0
B,360,B_w360,30,0.12836983268206711,0,0.3918810394617209,0,-92.87031180793313,0,1.0901158511230669,0,0
B,361,B_w361,30,0.13918137920184495,0,0.4408335177451137,0,-62.55659648504229,1,1.235522969468158,0,0
B,362,B_w362,30,0.1646031916470138,1,0.4579022678038857,0,-67.08810938179133,0,1.1090088673198977,0,0
B,363,B_w363,30,0.16643275306181385,1,0.4675575864282615,0,-61.76881363419525,0,1.097285456743316,0,0
B,364,B_w364,30,0.1378317683123438,0,0.41042360640463543,0,-85.94339238785425,0,1.0630495357906529,0,0
B,365,B_w365,30,0.09597254392968867,0,0.4104506691617966,0,-74.1527762750187,0,1.0892305306161352,0,0
B,366,B_w366,30,0.07917595640514165,0,0.41853067657868015,0,-60.968232343047816,1,1.2431975614603938,0,0
B,367,B_w367,30,0.1512887547201943,0,0.4300748195521882,0,-78.25124717872943,0,1.0297965331450927,0,0
B,368,B_w368,30,0.12280161862958996,0,0.44919215639924515,0,-63.45217664522613,0,1.1004046289664258,0,0
B,369,B_w369,30,0.24049174278390756,1,0.45872947877076264,0,-65.40474793740869,0,1.0079922689921268,0,0
B,370,B_w370,30,0.15665238404578113,0,0.42820004424277586,0,-81.39297585801323,0,1.0606802853025208,0,0
B,371,B_w371,30,0.1458097844687842,0,0.4355704865409568,0,-78.96142692668748,0,1.0477355539238544,0,0
B,372,B_w372,30,0.20264284038373495,1,0.46038548837636306,0,-60.53406648883483,0,1.107763180831734,0,0
B,373,B_w373,30,0.17121895863127215,0,0.44343312164683746,0,-63.72850422686785,0,1.0610510444209889,0,0
B,374,B_w374,30,0.31707180581696753,1,0.4934429052155323,1,-50.08639084757744,0,1.0956752709553144,1,0
B,375,B_w375,30,0.18998034202013386,0,0.42596285905639414,0,-81.04048945017223,0,0.9979060944286093,0,0
B,376,B_w376,30,0.23609738564121857,1,0.4651921393684001,0,-65.38216486090211,0,1.0217942529869704,0,0
B,377,B_w377,30,0.18642063587288663,1,0.46902694550966434,0,-66.60117026150672,0,1.1402385205661443,0,0
B,378,B_w378,30,0.1946170867125702,0,0.4408891025609733,0,-73.13494265665572,0,1.0187161441071435,0,0
B,379,B_w379,27,0.12437041320474262,0,0.39156545550220073,0,-89.18992464970529,0,1.0666772999786343,0,0
B,380,B_w380,25,0.1067035121694255,0,0.4254621680868745,0,-74.79153502586928,0,1.1189324927337643,0,0
B,381,B_w381,25,0.13409613324113007,0,0.4221050653674069,0,-78.92783596199345,0,1.0645390151795557,0,0
B,382,B_w382,25,0.12184516651889996,0,0.40332283445774714,0,-75.13755820611733,0,1.0358669092384103,0,0
B,383,B_w383,25,0.20331434032037787,1,0.4554066252787763,0,-61.169462547957146,0,1.0970459601705038,0,0
B,384,B_w384,25,0.1210412706281907,0,0.3753530571375585,0,-88.80851908180207,0,1.0150728557794793,0,0
B,385,B_w385,25,0.08306018960903318,0,0.3597369697530586,0,-90.69820384912677,0,0.9825216325494487,0,0
B,386,B_w386,25,0.10461987689863082,0,0.3743196595929507,0,-77.42680261020844,0,1.0290850964609095,0,0
B,387,B_w387,25,0.18284425938438925,0,0.4237712557093193,0,-73.74301067892534,0,1.0550565392117666,0,0
B,388,B_w388,25,0.148088602238404,0,0.415815547229363,0,-79.99973116705614,0,1.0417431758987672,0,0
B,389,B_w389,25,0.15423766967254232,0,0.43019284715681744,0,-89.85788082860867,0,1.1498562391182396,0,0
B,390,B_w390,25,0.15090458231722131,0,0.44676903174917276,0,-79.40017246219556,0,1.1480960681086276,0,0
B,391,B_w391,25,0.16045727625490622,0,0.4296026717130616,0,-82.93038713166673,0,1.0644352753737387,0,0
B,392,B_w392,25,0.14907633908296336,0,0.4098150074750332,0,-91.23882454562789,0,1.0692527737996338,0,0
B,393,B_w393,25,0.15115222638539708,0,0.40684008166567176,0,-88.43211749283417,0,1.064143378917255,0,0
B,394,B_w394,25,0.14034269339558492,0,0.42978620969773906,0,-69.19967724664185,0,1.1691059771786123,0,0
B,395,B_w395,22,0.15403053686352902,0,0.41819062958282477,0,-87.92285032261974,0,1.106835604546621,0,0
B,396,B_w396,20,0.14696890029706164,0,0.40387476001528716,0,-78.89208086351987,0,1.1206720121180271,0,0
B,397,B_w397,20,0.14097986005198687,0,0.4175999488674174,0,-88.68547961745767,0,1.0403400246623191,0,0
B,398,B_w398,20,0.19739625399399205,0,0.42948972843402633,0,-82.6090608619131,0,1.029778496289831,0,0
B,399,B_w399,20,0.1601724743881781,0,0.4238640412680243,0,-81.98915651852977,0,1.0928408262267266,0,0
B,400,B_w400,20,0.1305583355206211,0,0.41233467022226183,0,-77.87634542128225,0,1.1142698056759957,0,0
B,401,B_w401,20,0.12727946502868398,0,0.37700179746469253,0,-93.33454920856636,0,1.0121331645191434,0,0
B,402,B_w402,20,0.21916226364103195,0,0.4328191217205365,0,-82.65427249673463,0,1.0254276058287277,0,0
B,403,B_w403,20,0.19719934982503307,0,0.4317371532844366,0,-76.43083681725261,0,1.0108853014292112,0,0
B,404,B_w404,20,0.16184662178702863,0,0.4516100953641422,0,-70.27890648268877,0,1.0668844223675351,0,0
B,405,B_w405,20,0.1599434843359135,0,0.4313943547954298,0,-75.1505091590404,0,1.0998439183886353,0,0
B,406,B_w406,20,0.20325061892354948,1,0.4637042387725972,0,-59.89964557550025,0,1.0303794456776505,0,0
B,407,B_w407,20,0.266902810231708,1,0.4683694743570214,0,-67.70339563467002,0,1.0042050124313004,0,0
B,408,B_w408,20,0.27771858921008885,0,0.43509762756507236,0,-74.55163810950755,0,1.0611957964028957,0,0
B,409,B_w409,20,0.2250978794382049,0,0.42903470447446446,0,-77.95739643221194,0,0.9931852805860657,0,0
B,410,B_w410,20,0.26261170544043744,1,0.46601888907432754,1,-52.84607548769326,0,1.1199075150204483,1,0
B,411,B_w411,20,0.28703427495850337,1,0.5064515785967966,1,-43.7415841704644,0,1.1260469992505113,1,0
B,412,B_w412,20,0.19204201408834107,1,0.45721384242456403,0,-66.83094572447904,0,1.0046350732598321,0,0
B,413,B_w413,20,0.22350474003876977,1,0.47340679242712796,0,-59.919090279885275,0,1.0576768193275043,0,0
B,414,B_w414,20,0.143373660780121,1,0.4698359820459327,1,-46.665071916389955,0,1.1713588836809958,1,0
B,415,B_w415,20,0.11216436207477358,1,0.4650334888740154,1,-50.50781098390816,0,1.16920561906514,1,0
B,416,B_w416,20,0.2962124388148393,1,0.5297577934543474,1,-40.37352727218644,0,1.0832233236686575,1,0
B,417,B_w417,20,0.22914002915677598,1,0.4610012685129422,0,-65.80683355739217,0,1.0057639260972255,0,0
B,418,B_w418,20,0.17196952010786729,0,0.4036914029348577,0,-90.20857630824074,0,1.0306908812766455,0,0
B,419,B_w419,20,0.24908611718761708,0,0.43843441056753174,0,-83.38002285834196,0,1.0236963155200958,0,0
B,420,B_w420,16,0.20567355467348802,0,0.4330158352004432,0,-85.63405284945247,0,1.1323327810136665,0,0
B,421,B_w421,15,0.17082574748603838,0,0.4085346208005784,0,-82.89525327253205,0,1.0284043564162038,0,0
B,422,B_w422,15,0.18743108489713928,0,0.438819103778646,0,-66.16944048715948,0,1.136574598637747,0,0
B,423,B_w423,12,0.054013888067743675,0,0.41338680003412154,0,-70.09729593218849,0,1.0932144703973123,0,0
B,424,B_w424,10,0.2008593709687409,0,0.4507213520327846,0,-71.05271258110422,1,1.2008320921319975,0,0
B,425,B_w425,10,0.10400528969723409,0,0.43446620631516086,0,-59.43498265303006,1,1.3744360208113473,0,0
B,426,B_w426,10,0.06022559978143499,0,0.3918457668995377,0,-78.26428253245561,0,1.0631740378226597,0,0
B,427,B_w427,10,0.11492142588156973,0,0.37652457824718616,0,-80.99392570011535,0,1.0197821110899992,0,0
B,428,B_w428,10,0.08143236722776662,0,0.35682360057427565,0,-92.12761358090725,0,0.9678294911652943,0,0
B,429,B_w429,10,0.07616821935595554,0,0.36875839389892,0,-84.60044190672816,0,0.9942993190738335,0,0
B,430,B_w430,10,0.06401566237072223,0,0.39256853172417777,0,-72.6577378063616,0,1.1064706344245738,0,0
B,431,B_w431,10,0.10736429191667984,0,0.3824523408042874,0,-87.25153084094192,0,1.0357531523150756,0,0
B,432,B_w432,10,0.20536169734007104,0,0.44421400840273806,1,-48.778358287950965,0,1.1691414531143507,0,0
B,433,B_w433,10,0.17079895181741067,0,0.4353978417479759,1,-54.77742951835071,0,1.1167246939652817,0,0
B,434,B_w434,10,0.06381997055565244,0,0.4070277423928227,0,-69.70207919109089,0,1.048560074024781,0,0
B,435,B_w435,10,0.04787509607045809,0,0.39369516948798067,0,-74.88992497997697,0,1.0462974458150416,0,0
B,436,B_w436,10,0.03569425109534764,0,0.3872865700106925,0,-81.17339759760871,0,0.992140736504478,0,0
B,437,B_w437,10,0.07482273043440443,0,0.3917666025516012,0,-83.46969876511682,0,1.0149345966925616,0,0
B,438,B_w438,10,0.06810083113327826,0,0.40226962622405493,0,-79.90823098117531,0,1.0303000294321638,0,0
B,439,B_w439,10,0.06991103270376772,0,0.3704626519982124,0,-86.12167680601934,0,1.0142829232524406,0,0
B,440,B_w440,10,0.1404418147612692,0,0.4328831804361859,0,-73.15636736383088,0,1.0131615998677281,0,0
B,441,B_w441,10,0.210228980762414,0,0.4433766777879248,0,-80.64872137535937,0,1.0421784354107255,0,0
B,442,B_w442,10,0.2415865038968581,1,0.4888330902784548,1,-55.21989080356584,0,1.0444363866390098,1,0
B,443,B_w443,10,0.2866962012451981,1,0.5131795480389797,1,-48.234859215198234,0,1.0672431755261023,1,0
B,444,B_w444,10,0.4723404699753663,1,0.596039024879013,1,-3.4631506293586938,1,2.491957657104161,1,1
B,445,B_w445,5,0.008897853864242244,0,0.429225079086877,0,-60.53320659926431,0,0.997846216802553,0,0
B,446,B_w446,5,0.01837543899937273,0,0.43590811796072915,1,-55.00409279697294,0,1.1207056170294236,0,0
B,447,B_w447,5,0.017288866473922703,0,0.4093362490805865,0,-66.85086845287353,0,0.9829800682294317,0,0
B,448,B_w448,5,0.027445015638388272,0,0.4084294000277292,0,-69.65697357539743,0,1.027347329345331,0,0
B,449,B_w449,5,0.004721310213679555,0,0.4271077066781572,0,-63.909474672672545,0,1.0331039028445528,0,0
B,450,B_w450,5,0.027622737493605398,0,0.4058697410179496,0,-66.01645610905163,0,1.0564184897289806,0,0
B,451,B_w451,5,0.03907628947476519,0,0.40512464222176,0,-69.14161504961781,0,1.0131502137555037,0,0
B,452,B_w452,5,0.042170915933791804,0,0.4033326162203829,0,-65.59326219349455,0,1.0624490852236264,0,0
B,453,B_w453,5,0.08741059707509317,0,0.41574029216898145,0,-58.68752583965866,1,1.2790521454640775,0,0
B,454,B_w454,5,0.04417185132259197,0,0.3971054927980731,0,-77.56156928970748,0,0.9882720242428293,0,0
B,455,B_w455,5,0.029913028973308345,0,0.4101972569133756,0,-65.57621434367688,0,1.0537398348682872,0,0
B,456,B_w456,5,0.020830883427621384,0,0.40482571351588936,0,-70.63002217796046,0,1.0029170588814094,0,0
B,457,B_w457,5,0.024343682745766274,0,0.3899546623141472,0,-75.57483652153998,0,0.9972999854720308,0,0
B,458,B_w458,5,0.049486597076183796,0,0.4042528047668542,0,-61.35378967301265,1,1.2429010008022936,0,0
B,459,B_w459,5,0.049847225513490426,0,0.42629344121504814,0,-62.729289287092826,1,1.2341150972354897,0,0
B,460,B_w460,5,0.07169839839937335,0,0.41960265759159865,0,-63.30129572466229,1,1.339633921413679,0,0
B,461,B_w461,5,0.053456784978020824,0,0.4237790334611779,0,-65.23867563516606,0,1.0291387450732699,0,0
B,462,B_w462,5,0.0332250947839736,0,0.4013051548980367,0,-68.6576778022776,0,1.0098693656585371,0,0
B,463,B_w463,5,0.028654617640564917,0,0.4060578439841982,0,-67.00193870512057,0,1.0653906644382531,0,0
B,464,B_w464,5,0.0261990817528703,0,0.39150411618532943,0,-78.92352754535666,0,1.0175640090077946,0,0
B,465,B_w465,5,0.05464892530091531,0,0.3994690308434088,0,-71.29025773266066,0,1.0078564074551113,0,0
B,466,B_w466,5,0.04237642316482546,0,0.41367129428745486,0,-61.20084513023594,0,1.0534314306582049,0,0
B,467,B_w467,5,0.02115401770577907,0,0.41351913940891144,0,-66.71960782137371,0,1.0078748555659172,0,0
B,468,B_w468,5,0.016314442068390753,0,0.4202967849356138,0,-58.45402637571334,0,1.1115047541126724,0,0
B,469,B_w469,5,0.02887989455672131,0,0.43639591427676244,0,-61.02715950912286,0,1.1270327123862867,0,0
B,470,B_w470,5,0.010895331262337436,0,0.4434633563576059,1,-55.73273625143761,0,0.9951233177961435,0,0
B,471,B_w471,5,0.010895331262337436,0,0.43853538455757146,1,-55.91360082112885,0,0.99461277468339,0,0
B,472,B_w472,5,0.03223544515371618,0,0.395929189845955,0,-71.24955161702852,0,1.033368459621011,0,0
B,473,B_w473,5,0.04034935412188825,0,0.402671923380099,0,-66.12757605278644,0,1.0970814327789844,0,0
B,474,B_w474,5,0.04956913323056603,0,0.3910161247702363,0,-72.53609542730872,0,1.1061329249931275,0,0
B,475,B_w475,5,0.050584557644764445,0,0.4050159650334381,0,-70.23210989060075,0,1.004314821770195,0,0
B,476,B_w476,5,0.043854594233182526,0,0.3802614324357741,0,-74.90213103273175,0,1.0157047704779774,0,0
B,477,B_w477,5,0.05789177692714763,0,0.3935470964510105,0,-73.21771607925909,0,1.125133005370125,0,0
B,478,B_w478,5,0.028929674049801964,0,0.4189593832437126,0,-70.71384505297569,0,1.0268134582030335,0,0
B,479,B_w479,5,0.017352718683065194,0,0.4086961742710862,0,-70.8182967884049,0,1.0150214636124237,0,0
B,480,B_w480,5,0.02878702459232937,0,0.4170977710800066,0,-68.32184919731374,0,1.0875532059811825,0,0
B,481,B_w481,5,0.04588362603534241,0,0.4039552959614446,0,-72.68684647250018,0,1.0180831172333529,0,0
B,482,B_w482,5,0.025779767137802796,0,0.4325862843159426,0,-60.49374961097104,0,1.0917496684210692,0,0
B,483,B_w483,5,0.02957629480244659,0,0.43120313352973116,0,-61.55343441071046,0,1.0636580298897786,0,0
B,484,B_w484,5,0.025073823805074114,0,0.40767918593101593,0,-70.16924042058588,0,1.0255859818415907,0,0
B,485,B_w485,5,0.03361295369885572,0,0.41691601527091,0,-67.03338397173964,0,1.0114599392744288,0,0
B,486,B_w486,5,0.05057098499960367,0,0.411546437094738,0,-72.84378038307723,0,1.0004401690478983,0,0
B,487,B_w487,5,0.04393960799816089,0,0.42995224751076627,0,-61.79951878231772,0,1.0499581222846335,0,0
B,488,B_w488,5,0.018920270399424566,0,0.43188671784971944,0,-63.11243608292211,0,1.0778025928506842,0,0
B,489,B_w489,5,0.023285641347802966,0,0.43341156926573765,1,-55.07366139093001,1,1.1798191293556364,1,0
B,490,B_w490,5,0.028903541547935334,0,0.453046384441093,1,-52.2692043182381,0,1.1192262585995099,0,0
B,491,B_w491,5,0.040893492323720367,0,0.4244714304763113,0,-67.69489637700622,0,1.076885274264012,0,0
B,492,B_w492,5,0.021217755922961327,0,0.41985559182396054,0,-61.69492587179247,0,1.0777034091343332,0,0
B,493,B_w493,5,0.0443251262817261,0,0.4145531418996377,0,-65.65386487585796,0,1.006290159069481,0,0
B,494,B_w494,5,0.0697358646160849,0,0.4241062752668042,0,-59.8122329600333,0,1.0632338053411516,0,0
B,495,B_w495,5,0.03502179428785641,0,0.43068756878054276,0,-60.456886184947415,0,1.111265412061388,0,0
B,496,B_w496,5,0.01035056469922057,1,0.4584676730659861,1,-52.846754586580815,0,0.9969843213302694,1,0
B,497,B_w497,5,0.01035056469922057,1,0.4578870706624128,1,-54.050952317942,0,0.9928411587531958,1,0
B,498,B_w498,5,0.010259770272034415,1,0.46178569138814557,1,-53.83095514585132,0,0.9994991310899398,1,0
B,499,B_w499,5,0.010168975844848273,1,0.45912204209039925,1,-52.32592684716397,0,1.0219924415976842,1,0
B,500,B_w500,5,0.01007818141766213,1,0.45703673733948275,0,-56.46694653426288,0,0.9940831639508758,0,0
B,501,B_w501,5,0.036242962823077145,0,0.41587408190408703,0,-68.93746260303476,0,1.03664626281636,0,0
B,502,B_w502,5,0.030330734103495245,0,0.4338465171062336,0,-56.41773021244918,1,1.1883434132944697,0,0
B,503,B_w503,5,0.021586122164451674,0,0.4358973256285452,1,-55.18688023383164,1,1.1788500116590335,1,0
B,504,B_w504,5,0.012052062132852445,0,0.4306466925569341,1,-48.43374892503892,1,1.3814770043326612,1,0
B,505,B_w505,5,0.04970569833131723,0,0.4145718479659782,0,-66.57672499929203,0,1.0628942600459577,0,0
B,506,B_w506,5,0.028570351268670937,0,0.42311472254627763,0,-65.90709170206355,0,1.0480082311318202,0,0
B,507,B_w507,5,0.04066581446179025,0,0.4392180892679257,0,-65.23088849018825,0,1.041027712294275,0,0
B,508,B_w508,5,0.030837586728858057,0,0.41121685726370555,0,-69.46210995970632,0,1.0154627706602966,0,0
B,509,B_w509,5,0.046553218613813854,0,0.42174462323768164,0,-62.003024580510704,1,1.1980350974699765,0,0
B,510,B_w510,3,0.030949402309275377,0,0.4159600664226955,0,-58.568002873960616,0,1.1488884859591018,0,0
C,0,C_w0,16,0.4014320751317491,1,0.5419112479403079,1,-1.0030010925792041,1,3.943197775161733,1,1
C,1,C_w1,20,0.052306585023547715,0,0.4442163849526872,0,-57.93936206189155,0,1.0656157867959188,0,0
C,2,C_w2,20,0.05185821112922333,0,0.43905747072012014,0,-58.62104081325382,0,1.0559645631163757,0,0
C,3,C_w3,20,0.051495033420478745,0,0.4394008432174663,0,-58.846737529182136,0,1.0574898806721922,0,0
C,4,C_w4,20,0.051398640751686264,0,0.44131237967931614,0,-58.49115610619692,0,1.0613081988280006,0,0
C,5,C_w5,20,0.22217810305648553,1,0.5044286005048911,1,-49.714092331174264,0,1.0532237856468227,1,0
C,6,C_w6,20,0.25098552594418855,1,0.5025356771094802,1,-53.39154496092743,0,1.06220516849718,1,0
C,7,C_w7,20,0.20199783302569715,1,0.4771394189442568,0,-58.18532876273514,0,1.0787886278120113,0,0
C,8,C_w8,20,0.0895929250456445,0,0.4323874625714237,0,-69.83083884860052,0,1.073352924681223,0,0
C,9,C_w9,20,0.258572005701855,1,0.4677282906048826,0,-63.46169669111318,0,1.0063037408064575,0,0
C,10,C_w10,20,0.23543771401500874,1,0.4614411770669644,0,-65.20687675476022,0,1.0175157680213403,0,0
C,11,C_w11,20,0.16677614658919435,0,0.418057094840857,0,-74.89780030320634,1,1.1758169750167642,0,0
C,12,C_w12,20,0.10152735224778782,0,0.383162183642243,0,-88.86565543293912,0,1.0083931832557642,0,0
C,13,C_w13,20,0.20667744471598018,0,0.4427154294057567,0,-72.55137785873826,1,1.1725723250489977,0,0
C,14,C_w14,20,0.13608484793361336,0,0.42613750664907296,0,-81.9245970281354,0,1.0161520809713245,0,0
C,15,C_w15,20,0.12099488851693092,0,0.4252646164119507,0,-74.39798078926187,0,0.9999675159971537,0,0
C,16,C_w16,20,0.16561745066750044,0,0.4310538897514594,0,-71.14314180622749,0,1.1437825541250837,0,0
C,17,C_w17,20,0.23271304593619566,1,0.4838027131348243,1,-52.63903574179509,0,1.1647002922478762,1,0
C,18,C_w18,20,0.10969664056640105,0,0.41794278244025795,0,-71.56120760931738,0,1.0079266758807668,0,0
C,19,C_w19,20,0.11229997997654241,0,0.4156177932084806,0,-66.07467417541572,0,1.0837467359161397,0,0
C,20,C_w20,20,0.08166870276401979,0,0.41317113485680296,0,-68.4766372824812,0,1.028501750729183,0,0
C,21,C_w21,20,0.07433611917637743,0,0.4054494611095431,0,-68.08732303976743,0,1.0645830424589928,0,0
C,22,C_w22,20,0.05641053408934787,0,0.39961771585614353,0,-69.15395220283604,0,1.0633677306340554,0,0
C,23,C_w23,20,0.08242600264301564,0,0.40661146392058106,0,-71.19295327412988,0,1.0579768866664618,0,0
C,24,C_w24,20,0.09239163040084523,0,0.42049637244245636,0,-70.95395104099198,0,1.0921626313138848,0,0
C,25,C_w25,20,0.07795967826263064,0,0.4241443577024174,0,-67.31573143151206,0,1.0223787119063876,0,0
C,26,C_w26,20,0.07361419306284411,0,0.4074427461989076,0,-62.109560755859256,1,1.2146046505848425,0,0
C,27,C_w27,20,0.09605081623374906,0,0.40293692671254,0,-70.12822324995416,0,1.0883909291891134,0,0
C,28,C_w28,20,0.10234307431332416,0,0.3918463750381202,0,-83.37639639651424,0,1.0046570624886153,0,0
C,29,C_w29,20,0.12262865498767027,0,0.4172970871458267,0,-79.2962961430185,0,0.9933698362502505,0,0
C,30,C_w30,20,0.08008104769913481,0,0.3972508581545736,0,-79.57301054852142,0,1.0301287528503555,0,0
C,31,C_w31,20,0.09190714060775163,0,0.389751010057535,0,-77.15268863033909,0,1.1045707120311112,0,0
C,32,C_w32,20,0.15799242577657052,0,0.4505720787522605,0,-62.490326651121656,1,1.2860082286425836,0,0
C,33,C_w33,20,0.3553094063204032,1,0.5463428160965638,1,-30.621846806422123,1,1.1911689918714774,1,1
C,34,C_w34,20,0.26620898380568536,1,0.47590561942175885,1,-54.473741615397905,0,1.0263484887180578,1,0
C,35,C_w35,20,0.2738894995046814,1,0.487527936022321,0,-59.94100725694479,0,1.1668616813316761,0,0
C,36,C_w36,20,0.13662950893512213,0,0.4085319398727075,0,-80.70634011051533,0,1.0271971939879991,0,0
C,37,C_w37,20,0.1439362305295479,0,0.42322048231759324,0,-71.32632253632994,0,1.1461824047590583,0,0
C,38,C_w38,20,0.1474919065057757,0,0.4137546550026069,0,-80.79968948805005,0,1.0853559612039805,0,0
C,39,C_w39,20,0.2052697205170591,1,0.4569630074849482,0,-66.51005058026209,1,1.1978648755145729,1,0
C,40,C_w40,20,0.18591105006940634,0,0.4520116297909656,0,-63.65070488564793,0,1.1141862691171256,0,0
C,41,C_w41,20,0.11649769764623547,0,0.3882892575492185,0,-78.30760320012921,0,1.0370272854419034,0,0
C,42,C_w42,20,0.10019116152441268,0,0.3756463503431298,0,-85.48953530675284,0,0.9885229536681637,0,0
C,43,C_w43,20,0.1846503214477466,0,0.43530187818897176,0,-58.93878307224033,1,1.1876092207677484,0,0
C,44,C_w44,20,0.08380644003206796,0,0.4070231058543568,0,-66.5736496417543,0,1.1152117399168218,0,0
C,45,C_w45,20,0.07336172149542607,0,0.4112927417179203,0,-64.29579804096241,0,1.0939311601597677,0,0
C,46,C_w46,20,0.08187908419054962,0,0.3983265773286356,0,-82.06318298145159,0,1.035204721514367,0,0
C,47,C_w47,20,0.08581700697866461,0,0.3837265699716407,0,-81.49659502338744,0,1.085154895766402,0,0
C,48,C_w48,20,0.16247572877185512,0,0.4282896110318036,0,-61.739015338846286,0,1.1418358740657708,0,0
C,49,C_w49,20,0.12344807022913665,0,0.42883501181838324,0,-67.09116146452916,0,1.0705581973707423,0,0
C,50,C_w50,20,0.1436991491627052,0,0.45245710897789104,0,-59.249185918650234,0,1.1613603538732822,0,0
C,51,C_w51,20,0.1716610844029502,1,0.45992596595831553,0,-64.7956224995132,0,1.164353461892168,0,0
C,52,C_w52,20,0.11290963185339281,0,0.4190150707815339,0,-68.46659789605692,0,1.0111032987171729,0,0
C,53,C_w53,20,0.1572525228055022,1,0.46232777465100533,1,-47.77941196971924,1,1.291834713650879,1,1
C,54,C_w54,20,0.11766804138422955,0,0.42895827852708995,0,-57.66634695578892,1,1.1935147835329314,0,0
C,55,C_w55,20,0.12606032822576368,1,0.45429137290824567,1,-42.480378873160134,1,1.2623733646666542,1,1
C,56,C_w56,20,0.14195057008773157,0,0.42466622773403867,1,-51.81201278387742,1,1.2109379538292306,1,0
C,57,C_w57,20,0.08898235261835605,0,0.39805935406126997,0,-79.42944573887824,0,1.019138834587237,0,0
C,58,C_w58,20,0.08892160772353402,0,0.407305156276768,0,-74.01835576742567,0,0.9911056465334301,0,0
C,59,C_w59,20,0.08865632532266488,0,0.41668004358218064,0,-69.48717747477724,0,1.009968175427636,0,0
C,60,C_w60,20,0.10943598730658155,0,0.40188253789765754,0,-71.16922557648525,0,1.075236009619065,0,0
C,61,C_w61,20,0.09056325082531376,0,0.36557725236430116,0,-88.70720052994729,0,1.0104834103828366,0,0
C,62,C_w62,20,0.07598174750371767,0,0.3629650992407474,0,-91.14444727701573,0,1.01093980678544,0,0
C,63,C_w63,20,0.09822071931147042,0,0.3653942116643552,0,-88.4063290386619,0,0.9955126829498842,0,0
C,64,C_w64,20,0.1855017686819394,0,0.4085284028433529,0,-91.49969987006608,0,1.111607424537051,0,0
C,65,C_w65,20,0.1601563108339862,0,0.4324171557728624,0,-79.2427034875707,0,1.0902596124073727,0,0
C,66,C_w66,20,0.09367554821896347,0,0.42640385869322056,0,-73.11822842688406,0,1.0813223383128718,0,0
C,67,C_w67,20,0.09773380067169254,0,0.4445986943058628,0,-63.64933851371518,0,1.1558487453666926,0,0
C,68,C_w68,20,0.04121647523949328,0,0.4309414651116494,0,-69.46511905267687,0,1.0885857161432588,0,0
C,69,C_w69,20,0.04303236378321618,0,0.43429639191745706,0,-68.54691169358269,0,1.0896827509082763,0,0
C,70,C_w70,20,0.04303236378321618,0,0.4323727841774522,0,-68.4115911548744,0,1.0927076806017688,0,0
C,71,C_w71,20,0.11655631744604278,1,0.5056479066265287,1,-22.70379411458402,1,1.6038379236964801,1,1
C,72,C_w72,20,0.12829122730037187,1,0.4868380516977457,1,-51.734622748258225,1,1.1846101517470597,1,1
C,73,C_w73,20,0.12401968489683239,1,0.4867721550361803,1,-51.463561415227844,0,1.1375171675571534,1,0
C,74,C_w74,20,0.09972141656143436,0,0.4512114485447977,0,-66.43676449755705,0,1.040257042867398,0,0
C,75,C_w75,20,0.1049914218216903,0,0.4344470055755369,0,-72.58036662784491,1,1.1971521279475732,0,0
C,76,C_w76,20,0.2655463828274726,1,0.5154411201355573,1,-40.895297578090464,1,1.2361893367899601,1,1
C,77,C_w77,20,0.15366923095382062,1,0.48474386119384605,1,-40.74269455272598,1,1.2841792555202245,1,1
C,78,C_w78,20,0.3309381823619502,1,0.5447548592235039,1,-33.65850275997964,1,1.2091594423067393,1,1
C,79,C_w79,20,0.16471749129361882,1,0.4572413905105934,0,-64.09208646388869,0,1.1405979848747734,0,0
C,80,C_w80,20,0.07859913792267653,0,0.44387772358471533,0,-64.43378078243862,1,1.2265381295717253,0,0
C,81,C_w81,20,0.11485332274457306,0,0.4342265523407299,0,-71.70165059370238,0,1.1518913623840914,0,0
C,82,C_w82,20,0.18471478032348945,1,0.45458447396774315,0,-64.98860146995074,0,1.1504909328599724,0,0
C,83,C_w83,20,0.28931843180398753,1,0.47557450259914374,0,-65.55182567472994,0,1.0484664224117948,0,0
C,84,C_w84,20,0.11444914956721024,0,0.3874278181869115,0,-87.3654232925457,0,1.0024445372410025,0,0
C,85,C_w85,20,0.2558332069828802,1,0.4880946483310066,1,-37.3092159003912,1,1.4441054077831934,1,1
C,86,C_w86,20,0.12028640401810661,0,0.3995153970785764,0,-73.45945484154122,0,1.1009432164103112,0,0
C,87,C_w87,20,0.18323733981835846,0,0.4319787831283715,0,-70.54897231780795,0,1.0483872726802732,0,0
C,88,C_w88,20,0.17752485743717455,0,0.41605833235898654,0,-84.57020803494846,0,1.0973017588229987,0,0
C,89,C_w89,20,0.10919546302494096,0,0.3605626507218962,0,-101.3151067705042,0,0.9882972453795696,0,0
C,90,C_w90,20,0.10321600136554163,0,0.3757425738438492,0,-75.74183633311132,0,1.0817641710911914,0,0
C,91,C_w91,20,0.10663667730822399,0,0.36567175978673294,0,-94.28928631938389,0,0.990253969416315,0,0
C,92,C_w92,20,0.1552718047255972,0,0.3872070700548874,0,-93.60839058576929,0,1.0422655258549436,0,0
C,93,C_w93,20,0.16141631549900243,0,0.3841063233325855,0,-86.38129086481598,0,1.0722415121493505,0,0
C,94,C_w94,20,0.13416713757055382,0,0.3836032844755537,0,-79.37887882415684,0,1.0775653543743562,0,0
C,95,C_w95,20,0.11390750614236717,0,0.37004551523399537,0,-91.56653816575223,0,0.994125709383499,0,0
C,96,C_w96,20,0.13507366131094709,0,0.40953112979719175,0,-81.36334888785746,0,1.013030795271251,0,0
C,97,C_w97,20,0.15139978979266402,0,0.41207345738047685,0,-84.90042817691848,0,1.0458600494968866,0,0
C,98,C_w98,20,0.1291431019932429,0,0.3854447734446185,0,-90.93744749647153,0,1.033666227942079,0,0
C,99,C_w99,20,0.17106686868140047,0,0.42998313598861715,0,-83.1051123248734,0,1.1579482289696272,0,0
C,100,C_w100,20,0.1913591540306568,0,0.42950382656451896,0,-66.01887542238357,1,1.2800707010519674,0,0
C,101,C_w101,20,0.14445664666629981,0,0.39009575400471763,0,-83.99802591851436,0,1.144731811596148,0,0
C,102,C_w102,20,0.12500480809458406,0,0.3781806285294786,0,-86.62713002307895,0,1.0798670179088814,0,0
C,103,C_w103,20,0.14615951031952829,0,0.4049530526644194,0,-78.42761938734684,0,1.103916928313364,0,0
C,104,C_w104,20,0.09898336885086995,0,0.37769760603827235,0,-77.53335240854003,0,1.117810538301162,0,0
C,105,C_w105,20,0.10410646668469876,0,0.37397038976721986,0,-85.65980445418076,0,1.0269373281390988,0,0
C,106,C_w106,20,0.1111144821987498,0,0.3815608189511302,0,-84.10070911257593,0,1.008538709252123,0,0
C,107,C_w107,20,0.09857165237918804,0,0.40075641316524946,0,-71.35094188910293,0,1.0172842335815944,0,0
C,108,C_w108,20,0.15856108711133965,1,0.4586838404770438,1,-56.41769796970889,0,1.1361362382111966,1,0
C,109,C_w109,20,0.21117472516265587,0,0.45263038715188897,1,-56.40148848828119,0,1.1627734592745793,0,0
C,110,C_w110,20,0.17632647172729207,0,0.4203764161861157,1,-56.41733610909375,1,1.368860796352053,1,0
C,111,C_w111,20,0.09927428051146787,0,0.399492748349881,0,-78.80796072152508,0,1.0035436950822076,0,0
C,112,C_w112,20,0.09587469156816161,0,0.39604065161135615,0,-80.60671044112655,0,0.9889177152150259,0,0
C,113,C_w113,20,0.10185016557989422,0,0.4094362166610141,0,-71.17277916052144,0,0.9927985382716576,0,0
C,114,C_w114,20,0.1129011774121402,0,0.4137348236116542,0,-74.02650488809387,0,0.9839244953302982,0,0
C,115,C_w115,20,0.11621153443681734,0,0.4231952059295793,0,-66.72518033268803,0,1.005388867931794,0,0
C,116,C_w116,20,0.10964589804476543,0,0.41815622878878783,0,-68.5967139554254,0,0.9979877384639839,0,0
C,117,C_w117,20,0.10916889769401728,0,0.41467223948518855,0,-65.73055343449376,0,1.0199584165832691,0,0
C,118,C_w118,20,0.10461158657970956,0,0.40294870234218294,0,-62.92108192150625,0,1.1603620308953175,0,0
C,119,C_w119,20,0.10655566843419077,0,0.4060650986840305,0,-73.73353205602825,0,1.0011960191112776,0,0
C,120,C_w120,20,0.09904773330812,0,0.3840061091213774,0,-75.00972429731308,0,1.0539868270586965,0,0
C,121,C_w121,20,0.0944814741686028,0,0.41751948518058224,0,-69.31492075694803,0,1.00043439961588,0,0
C,122,C_w122,20,0.10540643409632078,0,0.4104813966642264,0,-68.85887854954271,0,1.0414022981181563,0,0
C,123,C_w123,20,0.12760741418665209,0,0.4113031604667979,0,-74.48968736286716,0,1.095256327251461,0,0
C,124,C_w124,20,0.10916239432357171,0,0.45356099971652203,0,-56.41791910669948,1,1.2347330055972237,0,0
C,125,C_w125,20,0.18300868710655596,1,0.4574667823683646,0,-66.99658842235988,0,1.1023753686250615,0,0
C,126,C_w126,20,0.1132791139269436,1,0.4687975225404543,1,-50.67757946049899,1,1.179894554168933,1,1
C,127,C_w127,20,0.17425343215539138,1,0.4605349301819471,0,-73.05254716930197,0,1.1282368168547534,0,0
C,128,C_w128,20,0.10082549573722062,0,0.4146781327162888,0,-67.42031251828791,1,1.2000708633771462,0,0
C,129,C_w129,20,0.111136070034158,0,0.4307635416979762,1,-56.326920288943164,1,1.2017131824337908,1,0
C,130,C_w130,20,0.10519025786509441,0,0.41849020376129575,0,-66.19147842011292,1,1.1829717590114417,0,0
C,131,C_w131,20,0.11779698602783883,0,0.4355052336226455,0,-64.99957252527754,0,1.171640719164918,0,0
C,132,C_w132,20,0.13167417517716665,0,0.44839107371879255,0,-61.59764101946673,0,1.0754378971192733,0,0
C,133,C_w133,20,0.16255695954840058,1,0.4847111135416605,1,-45.36012625700203,1,1.2647325869145627,1,1
C,134,C_w134,20,0.16639062465365748,1,0.45483829824677546,1,-55.887260230376654,1,1.178099335659926,1,1
C,135,C_w135,20,0.17205153212837251,1,0.49202311396859966,1,-40.16708514946106,1,1.3845708160736896,1,1
C,136,C_w136,20,0.1712933950431955,1,0.4768974328862522,1,-36.48903285830586,1,1.2932700133500057,1,1
C,137,C_w137,20,0.1446461375224905,1,0.4963718333437801,1,-39.49754541578374,1,1.1916921189058534,1,1
C,138,C_w138,20,0.12892480051061453,1,0.468250135546654,1,-51.55374432492496,0,1.1191582804730977,1,0
C,139,C_w139,20,0.1243967126893534,0,0.44639371637982445,0,-56.98702105631012,0,1.0491218998904854,0,0
C,140,C_w140,20,0.13971157646050605,0,0.43071878338199493,1,-55.64618506986526,1,1.2581983026393158,1,0
C,141,C_w141,20,0.12678318144271647,1,0.4595982323276737,1,-54.800113920296646,0,1.056457623413136,1,0
C,142,C_w142,20,0.15350815939216275,1,0.4746978410154232,1,-45.982839268160966,1,1.217926940871622,1,1
C,143,C_w143,20,0.17351343575460737,1,0.46405432444364525,1,-43.35796044851749,1,1.4276383185733692,1,1
C,144,C_w144,20,0.177765912856891,1,0.46608957918794097,1,-39.55693747425444,1,1.4682773965758675,1,1
C,145,C_w145,20,0.19404318542529236,0,0.4443791660570507,1,-47.03890928690568,1,1.4733849821651945,1,0
C,146,C_w146,20,0.1310010650096998,0,0.42168221713910065,0,-69.04944380700302,0,1.009136665950338,0,0
C,147,C_w147,20,0.14264590625520815,0,0.4055384315511254,0,-64.63102045248309,1,1.1818464954633725,0,0
C,148,C_w148,20,0.16153058331356185,0,0.45090804654264927,0,-61.63407752244365,0,1.147089918383386,0,0
C,149,C_w149,20,0.19960603001833233,0,0.4502323824357367,1,-47.98416738897482,1,1.2637455671664277,1,0
C,150,C_w150,20,0.10638101146051927,0,0.3888977598598257,0,-81.77471311902623,0,1.1296127624883237,0,0
C,151,C_w151,20,0.1098562768138758,0,0.3619043823777661,0,-89.73320664879807,0,0.9799407697654221,0,0
C,152,C_w152,20,0.10327818330783821,0,0.3874265798390138,0,-82.2134531608972,0,1.0276318042522548,0,0
C,153,C_w153,20,0.08891726800098226,0,0.39091300561609355,0,-73.91848053992894,0,1.1177153449284747,0,0
C,154,C_w154,20,0.10931880102358985,0,0.4068028465756723,0,-73.24800857612907,0,0.9868392241920181,0,0
C,155,C_w155,20,0.10316874373043597,0,0.4081109239076244,0,-67.06890347603075,0,1.020475298518694,0,0
C,156,C_w156,20,0.12497589887060774,0,0.41611308492675764,0,-75.553605554713,0,1.0066010619342953,0,0
C,157,C_w157,20,0.12582100302762367,0,0.44750182781875003,1,-56.41737242117909,0,1.0802299871536396,0,0
C,158,C_w158,20,0.13828865410697844,1,0.4587147509913747,1,-48.652525247372246,0,1.1288288383906848,1,0
C,159,C_w159,20,0.13932232170047734,1,0.4555162569232411,0,-56.87860276536584,0,1.1123039830401962,0,0
C,160,C_w160,20,0.11827074182750423,0,0.43819412674053,0,-61.35415528459323,0,1.036323904911283,0,0
C,161,C_w161,20,0.1189266429284311,0,0.4092461610800334,0,-72.8853059589123,0,1.0079277603098773,0,0
C,162,C_w162,20,0.12009977419494472,0,0.41560871784343073,0,-70.67727944832379,0,1.0074284632214852,0,0
C,163,C_w163,20,0.12187766266904808,0,0.4502693803904875,1,-49.05386932980422,0,1.1364510101696699,0,0
C,164,C_w164,20,0.11742984166996356,0,0.40832478371770936,0,-64.38536557796917,0,1.1689561951110101,0,0
C,165,C_w165,20,0.1116654414157886,0,0.4219550858147137,0,-67.02092413949909,0,1.1202662170579751,0,0
C,166,C_w166,20,0.13011800964074358,0,0.41598622724098405,0,-73.56844646906195,0,1.0701478094054915,0,0
C,167,C_w167,20,0.18104284762882344,0,0.4335768462529814,0,-66.21846002587895,0,1.110174954313209,0,0
C,168,C_w168,20,0.1466046562245324,0,0.4451788326893423,0,-57.808318907029665,0,1.086775318551015,0,0
C,169,C_w169,20,0.12743824975303317,0,0.4288042643170209,0,-63.140423476164266,0,1.0354285211623788,0,0
C,170,C_w170,20,0.11334886716004182,0,0.4310999421747426,0,-67.79162862772078,0,1.021452921636415,0,0
C,171,C_w171,20,0.14707837856548123,0,0.4459494595654906,0,-59.735884701499224,0,1.092591869495754,0,0
C,172,C_w172,20,0.1387195179183215,1,0.47421455158353254,1,-49.38569368313135,0,1.1377811017248387,1,0
C,173,C_w173,20,0.17227209824187004,0,0.4140584425408004,0,-68.29587817276904,0,1.140889925719495,0,0
C,174,C_w174,20,0.09475455710212662,0,0.3865891012963804,0,-74.85040112714621,0,1.047136738057251,0,0
C,175,C_w175,20,0.12033469899498472,0,0.4144065008538309,0,-71.75723134313678,0,0.9993292421417217,0,0
C,176,C_w176,20,0.10681616126144856,0,0.4431967657060621,1,-56.22560485993032,0,1.0435994533808064,0,0
C,177,C_w177,20,0.10700746739075802,0,0.4466715898660894,1,-53.34840482765341,0,1.0515234464401004,0,0
C,178,C_w178,20,0.09792874729559052,0,0.44281065171416234,1,-51.33184091300642,0,1.0521688580454982,0,0
C,179,C_w179,20,0.10793852156684451,0,0.4447200257430337,1,-51.90447946317873,0,1.072889214202167,0,0
C,180,C_w180,20,0.12117913618164033,0,0.4018193033009353,0,-67.85933065718001,0,1.0714494670375978,0,0
C,181,C_w181,20,0.12282364987049238,0,0.41876478637045583,0,-67.74584540561321,0,1.0079920251264363,0,0
C,182,C_w182,20,0.10279388997636424,0,0.43267442193608896,0,-63.921024716268164,0,1.006185126151116,0,0
C,183,C_w183,20,0.09833800612055149,0,0.43400630623561365,0,-58.50429971068408,0,1.0249715659602774,0,0
C,184,C_w184,20,0.12234075160206925,0,0.4263755982668627,0,-61.60699995395851,0,1.0960472578931226,0,0
C,185,C_w185,20,0.15269583715546223,0,0.40589462749477,0,-72.44520977496859,0,1.1492688921369472,0,0
C,186,C_w186,20,0.14267521319208945,0,0.38853126092411994,0,-81.38204794919162,0,1.051085961038493,0,0
C,187,C_w187,20,0.11928093123081454,0,0.41213792677699446,0,-68.88716023696998,0,1.0558957588445452,0,0
C,188,C_w188,20,0.09735490592151524,0,0.39209802122026866,0,-81.14270788316846,0,0.9928622782530344,0,0
C,189,C_w189,20,0.10497272400489811,0,0.4410789277242689,1,-55.321256895525444,0,1.0724345733639895,0,0
C,190,C_w190,20,0.13633060677544065,0,0.45051159068873586,1,-53.1352397805313,0,1.1486034456712428,0,0
C,191,C_w191,20,0.09488001635045931,0,0.40259991027626785,0,-70.51670055276303,0,1.081116649748082,0,0
C,192,C_w192,20,0.08826866458590663,0,0.4081924926059194,0,-66.79223048548296,0,1.0006759023501508,0,0
C,193,C_w193,20,0.11751413365144456,0,0.4167377523112642,0,-69.08667646224686,0,1.0171436266065776,0,0
C,194,C_w194,20,0.12229466560890899,0,0.40831012387440246,0,-76.51613482114905,0,0.9952302313046207,0,0
C,195,C_w195,20,0.13127146557033303,0,0.4305911686669947,0,-63.615209801799466,0,1.0768892534800556,0,0
C,196,C_w196,20,0.1412969487771631,0,0.4192623473988812,0,-69.41137497595143,0,1.044754803786874,0,0
C,197,C_w197,20,0.16467122483110774,0,0.4306508019741396,0,-63.38403723919735,0,1.1133403977025167,0,0
C,198,C_w198,20,0.1408306162655293,0,0.4512686893485129,0,-61.83063914800593,0,1.1411188125518195,0,0
C,199,C_w199,20,0.09000154309180411,0,0.4407261965138122,0,-61.572979507216154,0,1.0646533711601518,0,0
C,200,C_w200,20,0.12296655542563206,1,0.4609829768546421,1,-54.608125910844535,1,1.197773521732145,1,1
C,201,C_w201,20,0.10790590939731122,0,0.4085524364428888,0,-70.43321779542697,0,1.1348000840993524,0,0
C,202,C_w202,20,0.13557039607252452,0,0.43887618848586507,0,-56.45063550820436,1,1.301902238359799,0,0
C,203,C_w203,20,0.1864933210728102,1,0.4582176046162012,1,-52.78763283871329,1,1.307717418646909,1,1
C,204,C_w204,20,0.1056907576761701,0,0.39573313504596597,0,-84.22885772053273,0,1.0541795881487481,0,0
C,205,C_w205,20,0.1152162363104465,0,0.3878607822789238,0,-87.63144079043192,0,1.0109037004734578,0,0
C,206,C_w206,20,0.125072120122009,0,0.42547495935562446,0,-77.16812150850834,0,1.0360629765113538,0,0
C,207,C_w207,20,0.10314072848846115,0,0.3886911911078443,0,-86.45395057866122,0,1.0444125206795045,0,0
C,208,C_w208,20,0.09703890043302653,0,0.41716573103454646,0,-77.26298656850341,0,0.9843613075650396,0,0
C,209,C_w209,20,0.07859567557560285,0,0.4173499708830226,0,-74.08987039795744,0,0.9885378040902891,0,0
C,210,C_w210,20,0.10883433545350028,1,0.45659108821603017,0,-59.178019163391205,0,1.0601159482044384,0,0
C,211,C_w211,20,0.10716833505962989,0,0.4452753818987349,0,-66.19058939292833,0,1.0035258299599725,0,0
C,212,C_w212,20,0.09657526513676226,0,0.41568400350025403,0,-70.91182958685877,0,1.0143163536065674,0,0
C,213,C_w213,20,0.0836694179144874,0,0.44135893963620004,0,-64.21675265044516,0,0.994425034634293,0,0
C,214,C_w214,20,0.1432671129408496,0,0.4490429180659194,0,-61.334979651262955,0,1.1549355103310817,0,0
C,215,C_w215,20,0.17728156219811853,0,0.4391990017043372,0,-60.977438014373185,1,1.1747663616986777,0,0
C,216,C_w216,20,0.10944916374790334,0,0.3816188297204065,0,-73.64030682666784,0,1.0370278493062801,0,0
C,217,C_w217,20,0.0944272653670567,0,0.39933300363365126,0,-67.1706400012006,0,1.04566423519371,0,0
C,218,C_w218,20,0.08451959273259615,0,0.4184647420341691,0,-62.34441868539042,0,1.1005226912108037,0,0
C,219,C_w219,20,0.11784400054088358,0,0.4191093847202985,0,-72.43952183055104,0,1.0547982928993298,0,0
C,220,C_w220,20,0.1375672177305807,0,0.4254555186899846,0,-63.752944417454074,0,1.1435895082068888,0,0
C,221,C_w221,20,0.14183998183799415,0,0.42495967212397157,0,-67.6008482618603,0,1.1130505557749841,0,0
C,222,C_w222,20,0.13113062758407654,0,0.4411475709997272,0,-60.06648663202934,0,1.1018899129822188,0,0
C,223,C_w223,20,0.14395968102405587,0,0.43873326309134886,0,-66.57094132208869,0,1.0657903174381773,0,0
C,224,C_w224,20,0.12841578774211826,0,0.41178041718851194,0,-78.1861451589357,0,0.9975931415089662,0,0
C,225,C_w225,20,0.10711611786604533,0,0.39924656332082376,0,-74.8211090838496,0,1.0023105243705135,0,0
C,226,C_w226,20,0.12056826694059092,0,0.429580321737803,0,-62.892608496874644,0,1.161440223408352,0,0
C,227,C_w227,20,0.15654828437579227,0,0.4492521814918192,0,-60.72526482197514,0,1.142457352803654,0,0
C,228,C_w228,20,0.15879555282218957,1,0.4572175591733837,1,-56.132051815392174,0,1.1328660822350196,1,0
C,229,C_w229,20,0.12068286013246259,0,0.44754108242232904,1,-54.48082162535302,0,1.132277220604177,0,0
C,230,C_w230,20,0.12853759064040715,0,0.43475527771418543,0,-64.34207415660448,0,1.042215133964932,0,0
C,231,C_w231,20,0.1498984805212125,1,0.4635529857907367,1,-54.29480396154064,0,1.1153389679460746,1,0
C,232,C_w232,20,0.1713846124701696,1,0.4744776584206398,0,-59.24891619218755,0,1.1237881516662367,0,0
C,233,C_w233,20,0.21505754316467915,1,0.5009044540045703,1,-41.97092982546408,1,1.322277485638619,1,1
C,234,C_w234,20,0.15904477255420013,0,0.45331192065857495,0,-61.34931585960049,0,1.1462337089254981,0,0
C,235,C_w235,20,0.13369014402367851,0,0.40537979513710487,0,-82.10311772392345,0,0.9988411474092134,0,0
C,236,C_w236,20,0.1528193612588694,0,0.4184008444837856,0,-73.83385584197985,0,1.0132457344795354,0,0
C,237,C_w237,20,0.1306394623615911,1,0.4629091937013541,0,-61.49744232540848,0,1.063442309723571,0,0
C,238,C_w238,20,0.12477064738124306,0,0.42062189088680524,0,-70.47664065575655,0,1.0025179842077754,0,0
C,239,C_w239,20,0.14063996589911182,0,0.40244544665762394,0,-73.79817291572022,0,1.0990985094494705,0,0
C,240,C_w240,20,0.1441553688826408,0,0.41464500219063255,0,-75.45844823194751,0,1.0482031204510633,0,0
C,241,C_w241,20,0.12254926399297215,0,0.45279341359784575,1,-54.83099491140603,0,1.0778779374966025,0,0
C,242,C_w242,20,0.0958272038826517,0,0.4266386660718537,0,-62.687908529172496,0,1.0423084064024597,0,0
C,243,C_w243,20,0.12592880503583379,0,0.40601428825887953,0,-78.05923348207874,0,0.9939174653623001,0,0
C,244,C_w244,20,0.11033115350982406,0,0.39489775812953276,0,-72.98708878053262,0,1.0359776468330173,0,0
C,245,C_w245,20,0.11158573817395023,0,0.4152905919109365,0,-68.9290743875203,0,0.9981740772472599,0,0
C,246,C_w246,20,0.08812245066814998,0,0.41143820357389926,0,-70.52335270696116,0,1.0169997227962257,0,0
C,247,C_w247,20,0.0942533234024711,0,0.40162726339381766,0,-76.11005649181693,0,0.9992388344658802,0,0
C,248,C_w248,20,0.11297790158659089,0,0.4346279492615142,0,-62.798542129864906,0,1.0469233476988165,0,0
C,249,C_w249,20,0.11224946568925315,0,0.45250257860588244,0,-58.07389098288569,0,1.156187411657455,0,0
C,250,C_w250,20,0.13620825959302893,0,0.4324473466534878,0,-67.60910109179646,0,1.0310071200942135,0,0
C,251,C_w251,20,0.15130312404826848,0,0.4403109681088249,0,-57.559869078384054,0,1.0979876014458785,0,0
C,252,C_w252,20,0.09995338460129548,0,0.4027539382477422,0,-68.98335833032442,0,1.0278847671135125,0,0
C,253,C_w253,20,0.10693535277593531,0,0.3855340651472666,0,-75.88674654712999,0,1.015362298714997,0,0
C,254,C_w254,20,0.10570002449317571,0,0.40735631128650085,0,-69.54875706652123,0,1.0034651274390314,0,0
C,255,C_w255,20,0.09667174874374479,0,0.3885652874265913,0,-68.89938702357153,0,1.0129755797508577,0,0
C,256,C_w256,20,0.10290604952678534,0,0.39225644908866714,0,-64.67507126763948,0,1.0663744948526588,0,0
C,257,C_w257,20,0.1122090311601429,0,0.4272819428902811,0,-65.32007862520021,0,1.0898363727781024,0,0
C,258,C_w258,20,0.12573169905019163,0,0.3914254371912264,0,-74.94238839560268,0,1.0488367078846668,0,0
C,259,C_w259,20,0.13390956053244915,0,0.41669433563861585,0,-76.06206062737748,0,0.9971869944747512,0,0
C,260,C_w260,20,0.12644356956607047,0,0.43611225395879566,0,-65.39537474885073,0,1.1080743637436705,0,0
C,261,C_w261,20,0.19708396606806597,0,0.45377407049437046,0,-62.27908223473051,1,1.24117673391241,0,0
C,262,C_w262,20,0.13872695578509364,0,0.4215654343928548,0,-70.74291696073122,0,1.076134332499046,0,0
C,263,C_w263,20,0.09874039416069298,0,0.4129270412154491,0,-68.7855330791062,0,1.0745390587505699,0,0
C,264,C_w264,20,0.11805828810143972,0,0.40703920216778955,0,-64.39536709923765,0,1.0973012020949897,0,0
C,265,C_w265,20,0.1515838918048353,0,0.40074316745645916,0,-80.02609410141933,0,1.0105179275778648,0,0
C,266,C_w266,20,0.11715349212286642,0,0.42882550743841436,0,-60.400464802304406,0,1.0389862277696529,0,0
C,267,C_w267,20,0.12765474688783748,0,0.44887047547877684,0,-56.64509207320942,0,1.0872595235150717,0,0
C,268,C_w268,20,0.1131572358463527,0,0.42452220024291254,0,-65.11666331158993,0,1.0334317079722701,0,0
C,269,C_w269,20,0.14732130294681486,0,0.41508859970912154,0,-75.64771690706075,0,1.074430165840134,0,0
C,270,C_w270,20,0.1222883813152323,0,0.4193369416101779,0,-70.30606217520042,0,1.0044954608598304,0,0
C,271,C_w271,20,0.13608792340156745,0,0.4251335488218836,0,-69.46403609432677,0,1.017913510656662,0,0
C,272,C_w272,20,0.11990419132280597,0,0.39127610942532215,0,-77.77251493429203,0,1.0258956809820081,0,0
C,273,C_w273,20,0.1257268222201879,0,0.4121300761440376,0,-71.06209608001971,1,1.1898585823933476,0,0
C,274,C_w274,20,0.19842601431384593,0,0.4232991570513355,0,-72.52838709474818,1,1.1816855944406681,0,0
C,275,C_w275,20,0.1948088838049409,1,0.45508854527910453,0,-61.990876068871344,1,1.440566029080005,1,0
C,276,C_w276,20,0.14442951267427626,1,0.455613361100121,1,-54.504508194685904,1,1.3145574059151688,1,1
C,277,C_w277,20,0.13558313778648595,0,0.40478855109149164,0,-78.02664296564656,0,1.0051999534788505,0,0
C,278,C_w278,20,0.151514331689973,0,0.45307030913673224,0,-63.834573276734396,0,1.0859198695603398,0,0
C,279,C_w279,20,0.12368957087552111,0,0.4111641944885074,0,-68.70380572562814,1,1.2189251691268157,0,0
C,280,C_w280,20,0.16287679319896545,0,0.4473782677563325,0,-71.01283718364009,0,1.079974976545748,0,0
C,281,C_w281,20,0.1312009684711192,1,0.5504354224443868,1,-10.571579548539155,1,1.979522869547454,1,1
C,282,C_w282,20,0.1739023662621756,1,0.5537276092564968,1,-28.17759368593722,1,1.3958391027389498,1,1
C,283,C_w283,20,0.17824820026983265,1,0.47096294094609487,1,-46.07277633935927,1,1.2414267103477539,1,1
C,284,C_w284,20,0.16004573949194012,1,0.46181192478204974,0,-60.60939399385615,1,1.1723359368312178,1,0
C,285,C_w285,20,0.22965220714385953,1,0.4934029440707248,1,-50.847399981795924,1,1.3135335655726443,1,1
C,286,C_w286,20,0.16189418280766643,1,0.49556024350812355,1,-45.16208701053106,1,1.218882979289204,1,1
C,287,C_w287,20,0.15493109764381063,1,0.4753180912408466,1,-48.01006938820608,1,1.2010613359565656,1,1
C,288,C_w288,20,0.13967532423666298,1,0.5235741517477805,1,-27.786701634899295,1,1.4386433515987858,1,1
C,289,C_w289,20,0.17230817062752737,1,0.5131583087660133,1,-33.55523338413459,1,1.3194615243764385,1,1
C,290,C_w290,20,0.20100208602436834,1,0.4805898287693875,1,-36.36468340562784,1,1.5276144147032706,1,1
C,291,C_w291,20,0.1715748600080159,1,0.46669463857585647,1,-37.28074523100954,1,1.4792352170207907,1,1
C,292,C_w292,20,0.1396753363152538,0,0.4308883187867179,0,-58.41463530048939,1,1.2277679239586752,0,0
C,293,C_w293,20,0.11342752777266138,0,0.41864505546539854,0,-63.75733607219879,0,1.132591046513659,0,0
C,294,C_w294,20,0.09392316306086299,0,0.37752957499552464,0,-83.91687944869894,0,1.0193420977219778,0,0
C,295,C_w295,20,0.1128596448133821,0,0.4037342874981653,0,-77.60325976927525,0,1.0163189545647853,0,0
C,296,C_w296,20,0.14447329296510336,0,0.42232464969499417,0,-57.64937139390395,1,1.3238578875385045,0,0
C,297,C_w297,20,0.14455403137016798,0,0.437533418880282,0,-62.42025287079789,0,1.0920271648580937,0,0
C,298,C_w298,20,0.1571590043185934,0,0.447457494571567,0,-62.344035912676325,0,1.1131779418710515,0,0
C,299,C_w299,20,0.15561179852412269,0,0.3922576097259302,0,-70.31474504510687,0,1.0835788692758066,0,0
C,300,C_w300,20,0.16579286106065247,0,0.41794086686589255,0,-75.27554643428293,0,1.0573154668428455,0,0
C,301,C_w301,20,0.12781208957798088,0,0.3851999432573189,0,-75.8996127824189,0,1.0817286957702037,0,0
C,302,C_w302,20,0.10332836825918268,0,0.3667535490882124,0,-82.14692353338783,0,1.0061945382308928,0,0
C,303,C_w303,20,0.09219066699586434,0,0.35961479609133473,0,-85.29864071978344,0,0.9778077622121781,0,0
C,304,C_w304,20,0.10676411202924829,0,0.3897916926479419,0,-78.32598254373382,0,0.9970935498009336,0,0
C,305,C_w305,20,0.13137547357635196,0,0.44461889271032157,0,-56.93435714082038,0,1.067439991417742,0,0
C,306,C_w306,20,0.15315851401534203,0,0.4332982243183998,0,-65.8503444784342,0,1.0663706027676707,0,0
C,307,C_w307,20,0.12169640997417695,0,0.4067733032598313,0,-70.80190587613237,0,1.0644271906884533,0,0
C,308,C_w308,20,0.19203482404989047,1,0.456063768555763,0,-65.24357887474476,1,1.1927039102507622,1,0
C,309,C_w309,20,0.2027626544646408,0,0.4380250526862787,0,-61.789383988594814,1,1.2842755804915658,0,0
C,310,C_w310,20,0.11113078249093217,0,0.40386594369863643,0,-68.16235357879268,0,1.0460084551461897,0,0
C,311,C_w311,20,0.11132984962968648,0,0.38225714377050174,0,-68.9036949855605,0,1.0615194655560474,0,0
C,312,C_w312,20,0.10538561322542037,0,0.37465028704806735,0,-79.52239003481654,0,1.0069868565617772,0,0
C,313,C_w313,20,0.13131249485206642,0,0.40631924602321234,0,-75.24116280339676,0,0.9980869340911708,0,0
C,314,C_w314,20,0.1319571837813337,1,0.4600098622339738,1,-51.381876777846315,0,1.141908960940299,1,0
C,315,C_w315,20,0.1295154882956743,0,0.416881871927413,0,-76.86876292077818,0,0.9925529091987185,0,0
C,316,C_w316,20,0.24387563249689528,1,0.4975562262220427,1,-54.517803657591884,1,1.246990888264467,1,1
C,317,C_w317,20,0.268180056164849,1,0.500171324926774,1,-43.823158951362146,0,1.1559741923945304,1,0
C,318,C_w318,20,0.29812907195287314,1,0.5272985809640632,1,-37.88921957763653,1,1.2064364503981242,1,1
C,319,C_w319,20,0.18645460945666145,0,0.41954422677116404,0,-71.7528387552057,1,1.3340352982672512,0,0
C,320,C_w320,20,0.11169698365244594,0,0.37329603716490817,0,-78.54168590041232,0,1.0239233238291872,0,0
C,321,C_w321,20,0.14967975815217077,0,0.4139328629643387,0,-63.28406225881629,1,1.201129654684105,0,0
C,322,C_w322,20,0.23581492958422565,1,0.49520737504431195,1,-36.35334862248279,1,1.4041366874453247,1,1
C,323,C_w323,20,0.13558352652972924,0,0.40942984800029975,0,-76.19387891368018,0,1.0377637043895787,0,0
C,324,C_w324,20,0.1449805305107714,0,0.40631612175249243,0,-72.01805140247559,1,1.2654306085327007,0,0
C,325,C_w325,20,0.15291797263888707,0,0.4015913834097746,0,-66.58798905609481,0,1.154727615968953,0,0
C,326,C_w326,20,0.06023673128511407,0,0.38977700004668286,0,-79.82806291788607,0,0.9994879553084782,0,0
C,327,C_w327,20,0.1292643903942791,0,0.3909799058521768,0,-81.40872183134894,0,1.121566388048847,0,0
C,328,C_w328,20,0.10666783942112884,0,0.3810972337490082,0,-76.85517884510782,0,1.1211659336005468,0,0
C,329,C_w329,20,0.18880358050563537,0,0.43252220122752205,0,-76.24566033291862,0,1.0668832723008785,0,0
C,330,C_w330,20,0.12778984520066508,0,0.38783410133052426,0,-84.05217828886352,0,1.1014053148081866,0,0
C,331,C_w331,20,0.1017018403261717,0,0.3775617522436427,0,-86.32595906286333,0,1.030218741959011,0,0
C,332,C_w332,20,0.11777794011106688,0,0.38320188014305295,0,-79.00568687816066,0,1.0704141231141948,0,0
C,333,C_w333,20,0.254931150247455,1,0.4951503422242845,1,-48.14579237663673,1,1.236430893231261,1,1
C,334,C_w334,20,0.10395536387310712,0,0.4157611396098138,0,-69.92863894294274,0,1.0195981322806666,0,0
C,335,C_w335,20,0.19899596311808063,1,0.46524567719387044,0,-60.11245403950617,0,1.1509675768817555,0,0
C,336,C_w336,20,0.2606369714652339,1,0.4881040190896596,1,-49.05584490456735,0,1.050873112898368,1,0
C,337,C_w337,20,0.338608070576862,1,0.509608793299712,1,-47.85459921365477,0,1.0516734307252458,1,0
C,338,C_w338,20,0.16635984255687716,0,0.38432280555091375,0,-87.07047684997792,0,1.1353646244870652,0,0
C,339,C_w339,20,0.1294666816484698,0,0.4053168927340529,0,-64.41336730399611,0,1.1553624060084187,0,0
C,340,C_w340,20,0.1358294275873387,0,0.4001124342801741,0,-74.56175961390423,0,1.0743383523957755,0,0
C,341,C_w341,20,0.07987916492634502,0,0.39757617659234257,0,-75.16760593341792,0,1.0312483377878734,0,0
C,342,C_w342,20,0.1107399698569523,0,0.38930920755312626,0,-80.92166510820128,0,1.0222385805405054,0,0
C,343,C_w343,17,0.3573571677037553,1,0.5541602102276902,1,-4.348023686370439,1,2.58811277741976,1,1
C,344,C_w344,15,0.08755240905398941,0,0.37878459504345696,0,-81.80878050671288,0,1.0058022709286314,0,0
C,345,C_w345,15,0.08565584797340277,0,0.36673816214189003,0,-84.00623297388186,0,0.9912689493222727,0,0
C,346,C_w346,15,0.0823209741617086,0,0.3983442825470395,0,-67.62926464295197,0,1.0961411082995198,0,0
C,347,C_w347,15,0.08205708693644391,0,0.38292429295768426,0,-84.90601766364999,0,0.9940113328957983,0,0
C,348,C_w348,15,0.16909851882318075,0,0.4384237022777977,0,-64.71434921739683,0,1.1043297130865262,0,0
C,349,C_w349,15,0.1374207195679561,0,0.40340241432102625,0,-83.60916129812145,0,1.0865753655336545,0,0
C,350,C_w350,15,0.05091657887415623,0,0.3829772353203283,0,-82.66460899950623,0,0.9973860476427827,0,0
C,351,C_w351,15,0.06445202440375468,0,0.402694672983084,0,-69.39324534240488,0,1.1504259325700181,0,0
C,352,C_w352,15,0.22134868722776138,1,0.465344526637831,1,-40.310984324062126,1,1.1935994207348284,1,1
C,353,C_w353,15,0.11469189491294458,0,0.37437561163993544,0,-90.0500581195042,0,1.029693082412748,0,0
C,354,C_w354,15,0.1185811320874184,0,0.3868894830124125,0,-88.62833644512529,0,1.0895644600134151,0,0
C,355,C_w355,15,0.07399669999942521,0,0.3741657875787702,0,-79.1414088474685,0,1.030442149199361,0,0
C,356,C_w356,15,0.22573058927592768,1,0.4625081392317614,0,-64.10375072371862,0,1.0183901452449133,0,0
C,357,C_w357,15,0.2685130930473089,1,0.4835072935617978,1,-53.75905759547997,0,1.1699584945321235,1,0
C,358,C_w358,15,0.16501480031796004,0,0.40923175555243624,0,-95.029240549331,0,1.1462064930075202,0,0
C,359,C_w359,15,0.2191034713108051,1,0.4624596458524836,0,-64.58344381756561,0,1.1627189111278313,0,0
C,360,C_w360,15,0.18122132114688952,1,0.46917151787610234,1,-49.473444547357914,0,1.1036553719173288,1,0
C,361,C_w361,15,0.3029371385705512,1,0.498979908630542,1,-46.690925820105804,0,1.0623787208451976,1,0
C,362,C_w362,15,0.2373333672698935,0,0.45205264188933536,0,-62.92655047488875,0,0.9976386560417647,0,0
C,363,C_w363,15,0.2426926469716395,0,0.4430770507890062,0,-72.56926209001671,0,0.9942803665840013,0,0
C,364,C_w364,15,0.2789783798748578,1,0.4605046635195796,0,-66.4103834127649,0,1.0306847678240807,0,0
C,365,C_w365,15,0.10479482949092617,0,0.3954531736427595,0,-80.61299456212723,0,0.9827692768803666,0,0
C,366,C_w366,15,0.1890713572219145,0,0.44095803891366,0,-64.24619630127825,0,1.1411994785360122,0,0
C,367,C_w367,12,0.1367428334727389,0,0.41863197623949583,0,-68.0169418050064,0,1.0536782700485847,0,0
C,368,C_w368,10,0.3237924196839821,1,0.47807855320042375,1,-41.02095080291499,1,1.199829863005325,1,1
C,369,C_w369,10,0.18519647877003742,0,0.4497235928166567,0,-76.84747397456033,0,1.073718779407459,0,0
C,370,C_w370,10,0.3348883968570207,1,0.5226633591815677,1,-29.934685773439696,1,1.3761461339334713,1,1
C,371,C_w371,10,0.1737318727865253,1,0.45645207187872583,0,-65.79324976469707,0,1.1349697133655225,0,0
C,372,C_w372,10,0.14642192383800945,0,0.3910278187477102,0,-83.72853942952291,1,1.1807109236811484,0,0
C,373,C_w373,10,0.1453730682584596,0,0.4033473740897955,0,-60.53454628844507,1,1.366377153494745,0,0
C,374,C_w374,10,0.2653709836695181,1,0.4692008453601678,0,-62.87461155361194,0,1.1668928873087445,0,0
C,375,C_w375,10,0.09681113875548075,0,0.37710682747055885,0,-88.28741409314294,0,1.0109762870229584,0,0
C,376,C_w376,10,0.35415469053241416,1,0.5159047197533457,1,-44.50998286560579,1,1.226937729562216,1,1
C,377,C_w377,10,0.4136467452553181,1,0.5611711570205007,1,-19.440627246446034,1,1.272684680525394,1,1
C,378,C_w378,10,0.2553847175996838,1,0.490994010955864,1,-43.98624167152592,0,1.1000789426543154,1,0
C,379,C_w379,10,0.23892003873938494,0,0.43603696175676826,0,-69.86161019446543,0,1.0896411008033526,0,0
C,380,C_w380,10,0.26255208993227624,1,0.4767461485869974,1,-52.93627517443017,0,1.0831917532866544,1,0
C,381,C_w381,10,0.31937182984732326,1,0.5531943346571162,1,-14.451233614326604,1,1.5097832360407202,1,1
C,382,C_w382,10,0.16722653639956614,0,0.42665242273526865,0,-79.49034834189742,0,1.0663897288715074,0,0
C,383,C_w383,10,0.06667255378898547,0,0.3937819126083396,0,-79.40647752640625,0,1.0071124350773732,0,0
C,384,C_w384,10,0.06324335371217153,0,0.38228958733598734,0,-73.75332940069478,0,1.0801491727631483,0,0
C,385,C_w385,9,0.45257060766696344,1,0.5763302864396627,1,-4.241730423859757,1,2.560756389619633,1,1
C,386,C_w386,5,0.22899224448320404,1,0.5494353072101954,1,-1.0406469984819182,1,2.8032140861101618,1,1
C,387,C_w387,5,0.0865007062623439,0,0.39174335483888545,0,-85.26723841824118,0,1.059263008709146,0,0
C,388,C_w388,5,0.15684931377864392,1,0.45589733528167686,0,-70.06440329692902,0,1.036236043863138,0,0
C,389,C_w389,5,0.16435466210879096,1,0.5002808281277445,1,-12.342137769649518,1,1.5361979750414785,1,1
C,390,C_w390,5,0.313088625540508,1,0.5447768894338305,1,-13.600332315102946,1,1.3003747223177426,1,1
C,391,C_w391,5,0.2758807770342656,1,0.5431764732287845,1,-23.914432849514718,0,1.1633502953728054,1,0
C,392,C_w392,5,0.22446364838848612,1,0.5057469145827221,1,-20.59368062927272,1,1.3418803189536688,1,1
C,393,C_w393,5,0.23189789016646373,1,0.4828545392650348,1,-51.36678192443582,0,1.0997840843716056,1,0
C,394,C_w394,5,0.016303939954829618,0,0.4285422009184311,0,-59.27247536375992,0,1.105194414368731,0,0
C,395,C_w395,5,0.017614118874112194,0,0.43001821029011206,0,-66.40606252506223,0,1.0381278647543897,0,0
C,396,C_w396,5,0.0071727597477054695,0,0.42738143043826315,0,-60.79421257739471,0,0.9913639079411161,0,0
C,397,C_w397,5,0.0,0,0.42634569430565666,0,-57.79986872441992,0,0.9901556983794417,0,0
C,398,C_w398,5,0.0,0,0.424549319238306,0,-61.67691672906296,0,0.9853106044504413,0,0
C,399,C_w399,5,9.0794427186131e-05,0,0.42684621598446576,0,-61.09224629511152,0,0.9837304212021886,0,0
C,400,C_w400,5,0.0,0,0.4385737145254129,1,-54.85941630652589,0,1.0118628243428442,0,0
C,401,C_w401,5,0.0,0,0.43162133124447144,1,-53.286473587056015,0,1.035528788233435,0,0
C,402,C_w402,5,0.0,0,0.4282938337502814,0,-57.91297928328873,0,0.9878621780255654,0,0
C,403,C_w403,5,9.0794427186131e-05,0,0.4236187208276647,1,-56.41723461041251,0,1.0110852225069733,0,0
D,0,D_w0,24,0.6474359449693541,1,0.5924622583901012,1,-1.2722870376848974,1,2.8317193247187538,1,1
D,1,D_w1,30,0.13989297013270152,1,0.5113630100363805,1,-22.20069852663177,1,1.626668906755674,1,1
D,2,D_w2,30,0.15880942061707606,1,0.5032237526308471,1,-44.0654586133739,1,1.1932303793176064,1,1
D,3,D_w3,30,0.2012261881092587,1,0.4932435518903202,1,-46.01480859139255,0,1.1257956086644147,1,0
D,4,D_w4,30,0.15926987111270544,1,0.498228704499244,1,-44.120143114756836,0,1.1032193005696536,1,0
D,5,D_w5,30,0.2535061124877527,1,0.5128855917397629,1,-44.35436308296865,0,1.0753926438959371,1,0
D,6,D_w6,30,0.20853150794971195,1,0.4614781636779786,0,-76.94481881291617,0,1.0108113523390816,0,0
D,7,D_w7,30,0.22678527063718715,1,0.48067554141588154,0,-67.4556952264763,0,1.0274806564263577,0,0
D,8,D_w8,30,0.18620376797384638,1,0.48048956758296624,1,-53.7424197547405,0,1.069743404508049,1,0
D,9,D_w9,30,0.2715302834128161,1,0.49914860163089786,1,-49.69488160653078,0,1.063807026468622,1,0
D,10,D_w10,30,0.1725570097388449,1,0.4882420112524346,1,-42.3532345355474,1,1.178566992799891,1,1
D,11,D_w11,30,0.3280668363785205,1,0.525419018023948,1,-44.434234561132584,0,1.1125473787302842,1,0
D,12,D_w12,30,0.286113077942139,1,0.4847811082333584,1,-47.947445836058996,0,1.1575761992151392,1,0
D,13,D_w13,30,0.15152192798058187,1,0.47346046535227954,1,-43.860224451308675,1,1.2702452181866437,1,1
D,14,D_w14,30,0.2201305751467446,1,0.47220910658091697,1,-54.35759298789369,0,1.0930947868261502,1,0
D,15,D_w15,30,0.159595901543162,0,0.4433730279722852,0,-68.7881726909779,0,1.0609297586761557,0,0
D,16,D_w16,30,0.1829680899305232,1,0.4725317889936604,0,-71.58272695811866,0,1.112647797238115,0,0
D,17,D_w17,30,0.17640224101724827,1,0.4644090395308428,0,-79.15617316275194,0,1.1547826818263949,0,0
D,18,D_w18,30,0.12137103334949219,0,0.42686107570439885,0,-79.24230527062447,0,1.0309363199085302,0,0
D,19,D_w19,30,0.13431042581103075,0,0.38117435165251307,0,-90.93671079415141,0,1.070413941823417,0,0
D,20,D_w20,30,0.1432720847335676,0,0.421803928129505,0,-70.42135832073868,0,1.1423780007615825,0,0
D,21,D_w21,30,0.14794550110515556,0,0.416912073290704,0,-78.59558788001048,0,1.0593121470609046,0,0
D,22,D_w22,30,0.12586143468040067,0,0.41835705475903534,0,-73.03025778608236,0,1.0613081412925616,0,0
D,23,D_w23,30,0.14363014665360926,1,0.4564156700021864,0,-61.68869590095936,0,1.129300896895444,0,0
D,24,D_w24,30,0.14304262755821923,0,0.4260657124347584,0,-73.60719912542883,0,1.1266727565069,0,0
D,25,D_w25,30,0.17750309221435281,0,0.4520430084210167,0,-70.10001288805705,0,1.1326204337988814,0,0
D,26,D_w26,30,0.2023013817171754,0,0.4341647898105511,0,-70.53529827981563,0,1.1651827719382672,0,0
D,27,D_w27,30,0.14376489845416848,0,0.3997529556947088,0,-71.72045085666957,0,1.1600782554436917,0,0
D,28,D_w28,30,0.15760346497725228,0,0.4442235868739569,0,-64.00046692541802,0,1.1447965585618367,0,0
D,29,D_w29,30,0.14626453373490994,0,0.4353649731952315,0,-67.90394072883095,0,1.0394041660944024,0,0
D,30,D_w30,30,0.10410132145203203,0,0.3787598109798207,0,-79.0592552643254,0,1.019558406083647,0,0
D,31,D_w31,30,0.12011123652595536,0,0.40848550008963114,0,-73.2276785755087,0,1.042771144011172,0,0
D,32,D_w32,30,0.12636147650881682,0,0.4028859344019381,0,-83.96631332167549,0,1.0525205069700438,0,0
D,33,D_w33,30,0.15431202919724765,0,0.3954516238825772,0,-87.87950361438666,0,1.0329832552215783,0,0
D,34,D_w34,30,0.09677949903269496,0,0.44253527922574226,0,-57.687604332221184,0,1.0693591799313757,0,0
D,35,D_w35,30,0.13861440691053603,0,0.41166048603562083,0,-69.8100715836823,0,1.0883036582373375,0,0
D,36,D_w36,30,0.1641623899578044,0,0.42292466040377447,0,-63.94153273825781,1,1.2050423944890267,0,0
D,37,D_w37,30,0.08725987758104609,0,0.3581206349826437,0,-94.29339351192887,0,0.9706221457138436,0,0
D,38,D_w38,30,0.10615530296833173,0,0.41074954268827063,0,-80.18771396984822,0,0.9937358345203545,0,0
D,39,D_w39,30,0.08029632657178311,0,0.3662856313988994,0,-87.45691724948315,0,0.9907201995667998,0,0
D,40,D_w40,30,0.10340370488798102,0,0.38599627956644245,0,-78.56141840213327,0,1.065337702734502,0,0
D,41,D_w41,30,0.10298825794418327,0,0.3952216584511166,0,-76.34288385287195,0,1.0296446967286796,0,0
D,42,D_w42,30,0.11756536915573025,0,0.4236406881461527,0,-61.10247668538966,0,1.127384028403521,0,0
D,43,D_w43,30,0.15449804530131403,0,0.45355475068797174,0,-58.615740139425384,1,1.227659665773108,0,0
D,44,D_w44,30,0.12387045820058086,0,0.4282165329578555,0,-59.554150250661564,0,1.1046569427059862,0,0
D,45,D_w45,30,0.14469533156180464,1,0.4756765291838666,1,-49.95550929014066,1,1.2136888787938291,1,1
D,46,D_w46,30,0.12807777187385286,0,0.4327540110746968,0,-68.8898196701836,0,1.0440061578073956,0,0
D,47,D_w47,30,0.08542868748382547,0,0.38404781771417457,0,-78.22797461946982,0,1.0301326025656243,0,0
D,48,D_w48,30,0.1147124294668424,0,0.41787900735916494,0,-58.378036578111114,1,1.1980549701739631,0,0
D,49,D_w49,30,0.07523238864320285,0,0.39419888134420106,0,-73.84770646216472,0,1.0569262631230907,0,0
D,50,D_w50,30,0.063672196042485,0,0.4096179433767466,0,-60.60251669391548,0,1.0923869272963636,0,0
D,51,D_w51,30,0.06898244185581401,0,0.3787631117173495,0,-83.69656307774889,0,0.9964609390336477,0,0
D,52,D_w52,30,0.10121199467926273,0,0.3863398796925281,0,-76.75150831428371,0,1.0440597956776525,0,0
D,53,D_w53,30,0.11849681563978423,0,0.38515222921354075,0,-81.1872734185814,0,1.0592837788987586,0,0
D,54,D_w54,30,0.1652464365933153,0,0.39854434420196605,0,-77.5586274305214,0,1.0345291678203334,0,0
D,55,D_w55,30,0.1369245349117203,0,0.44870448001765817,0,-63.958505595039036,0,1.0680398178753985,0,0
D,56,D_w56,30,0.08210280517623493,0,0.387453035940756,0,-76.79513169425559,0,1.0194278396546765,0,0
D,57,D_w57,30,0.08403265317145704,0,0.39056444637949944,0,-72.91524721369215,0,1.0225549058764272,0,0
D,58,D_w58,30,0.11665893723827343,0,0.3808158086801099,0,-76.95628172959694,0,1.0656917565697248,0,0
D,59,D_w59,30,0.10801246116704782,0,0.3634810313154841,0,-87.23917281307605,0,1.0053580110444764,0,0
D,60,D_w60,30,0.1555494942046614,0,0.42182668893822683,0,-78.61125681464426,0,1.0782308455989278,0,0
D,61,D_w61,30,0.1527654013604437,0,0.44228907739660844,0,-65.86111405089359,0,1.0774548860522268,0,0
D,62,D_w62,30,0.09655086260826161,0,0.42089376371727966,0,-67.47397944247436,0,1.0075803826824827,0,0
D,63,D_w63,30,0.1227208152212539,0,0.42230840288739563,0,-64.79739814818709,0,1.1347025557151984,0,0
D,64,D_w64,30,0.13786518678851992,0,0.3945252789974609,0,-81.49130620853474,0,1.0537190551976814,0,0
D,65,D_w65,30,0.09739178099236336,0,0.38856352903425184,0,-77.41052645696512,0,1.0248769564043583,0,0
D,66,D_w66,30,0.10479973117971969,0,0.38338513016317183,0,-82.41960800241455,0,1.0025845485630283,0,0
D,67,D_w67,30,0.09379973117258594,0,0.4147022548791219,0,-72.46015009146493,0,1.0264477413590514,0,0
D,68,D_w68,30,0.1119328781136614,0,0.4421045518420104,0,-61.6917697771931,0,1.0383817065464465,0,0
D,69,D_w69,30,0.10548552681325347,0,0.396595713621831,0,-73.85010713979307,0,1.0377641009528535,0,0
D,70,D_w70,30,0.11050435568834306,0,0.38564080284561086,0,-82.95165631982921,0,0.9924111972720538,0,0
D,71,D_w71,30,0.09606005170985522,0,0.431665851550001,0,-64.86761595768084,0,1.0281150345786962,0,0
D,72,D_w72,30,0.09863506632938711,1,0.4583119102029492,1,-52.45847643395527,0,1.1176378679815495,1,0
D,73,D_w73,30,0.19984129580692891,0,0.43543832125996074,0,-77.05867200626378,0,1.1070385334251842,0,0
D,74,D_w74,30,0.17055901217928557,0,0.4480269470463974,0,-75.97923872899041,0,1.071545859267049,0,0
D,75,D_w75,30,0.10312201919729483,0,0.38136704719791764,0,-81.37145583283525,0,1.0012584484231106,0,0
D,76,D_w76,30,0.12060604960594429,0,0.3848670462419833,0,-78.10039057103128,0,1.0208549847145525,0,0
D,77,D_w77,30,0.10857043203615192,0,0.3869794369175752,0,-86.46399380102486,0,1.0762013597174571,0,0
D,78,D_w78,30,0.08379730441106702,0,0.38795208339338877,0,-73.56033860085398,0,1.1456555963185207,0,0
D,79,D_w79,30,0.08376626252756328,0,0.36170450719398295,0,-87.24985480277907,0,0.9871659455022684,0,0
D,80,D_w80,30,0.09935180761209692,0,0.38917238050770236,0,-80.38989048992836,0,0.9919452695434292,0,0
D,81,D_w81,30,0.08961740786115381,0,0.42141687071367445,0,-61.495470253998576,0,1.0516692082259556,0,0
D,82,D_w82,30,0.097053465409919,0,0.3690088974383931,0,-82.99880304521012,0,1.0107182670649657,0,0
D,83,D_w83,30,0.10345597680837317,0,0.3869081225029427,0,-72.58778360851974,0,1.1019668626921655,0,0
D,84,D_w84,30,0.09330134039509722,0,0.3739859466198666,0,-81.7704361938871,0,1.033624640222916,0,0
D,85,D_w85,30,0.15168862775311465,0,0.4028861253362161,0,-77.18092433852253,0,1.1036323923048477,0,0
D,86,D_w86,30,0.0942926230353279,0,0.40361618567788515,0,-76.18089012269806,0,1.008101671179655,0,0
D,87,D_w87,30,0.07714641631039537,0,0.3740368753633319,0,-85.91917021387682,0,1.0014477618090822,0,0
D,88,D_w88,30,0.08361260286400025,0,0.37517759571646214,0,-82.7728374267375,0,1.0008368050274874,0,0
D,89,D_w89,30,0.10706367172522618,0,0.3743199113702369,0,-83.78538906635356,0,1.0327936158127815,0,0
D,90,D_w90,30,0.08788544307502029,0,0.37361257904299616,0,-87.35454016497681,0,0.9939643192053266,0,0
D,91,D_w91,30,0.17724920754794485,1,0.46044078855132664,0,-65.68317289791551,0,1.141372284147649,0,0
D,92,D_w92,30,0.21748627607169055,0,0.44494849558407923,0,-73.83707846068843,0,1.0098587017579508,0,0
D,93,D_w93,30,0.08777214079432862,0,0.39921866152377833,0,-83.63986125163616,0,1.0883298019599126,0,0
D,94,D_w94,30,0.14931722098627043,1,0.4677658392549602,1,-42.140397834625084,1,1.3988422419828244,1,1
D,95,D_w95,30,0.0926545042466881,0,0.4517755793716908,1,-47.070271898327405,1,1.3744408841332962,1,0
D,96,D_w96,30,0.10150355793756544,1,0.4587810818036859,0,-62.34437219647597,1,1.18273802358379,1,0
D,97,D_w97,30,0.09193942355138054,0,0.4261221385347227,0,-64.24604430305847,0,1.1654082402656802,0,0
D,98,D_w98,30,0.09448716758281654,0,0.40308332811775516,0,-79.61306534865633,0,1.1693186171781502,0,0
D,99,D_w99,30,0.07579824190871688,0,0.3884215811133135,0,-86.26832389469396,0,1.0406653480005552,0,0
D,100,D_w100,30,0.08002541564267004,0,0.4185345690933563,0,-69.31128021347611,1,1.2642909097066197,0,0
D,101,D_w101,30,0.1300997607750413,0,0.4423285793727667,0,-64.20887786441052,0,1.171409486151471,0,0
D,102,D_w102,30,0.14775904256770564,1,0.46307373737499935,0,-60.531481180016144,0,1.1660200510736694,0,0
D,103,D_w103,30,0.12738966806904872,0,0.40301136398697757,0,-83.62091401652634,0,1.0546693718337565,0,0
D,104,D_w104,30,0.1172996565916164,0,0.4390473206974396,0,-73.59434161919928,0,1.073711187994181,0,0
D,105,D_w105,30,0.10711752588194211,0,0.44723454504112287,0,-63.39095085342567,0,1.0968094588469304,0,0
D,106,D_w106,30,0.10961922692163038,0,0.4459127121869159,0,-61.46888180962868,1,1.1736608457742825,0,0
D,107,D_w107,30,0.10598547863593513,0,0.3804085792574732,0,-75.29421230892672,0,1.1065886646143934,0,0
D,108,D_w108,30,0.09048559755860194,0,0.3796329570169751,0,-74.64131879529401,0,1.0713929680805654,0,0
D,109,D_w109,30,0.11553098277924743,0,0.37390358600562207,0,-81.82685579446196,0,1.0486901562650297,0,0
D,110,D_w110,30,0.13989389196070867,0,0.41600705174386204,0,-79.24406549292883,0,0.9955839674434154,0,0
D,111,D_w111,30,0.12494604575082455,0,0.4420672927911121,1,-55.106217416239595,0,1.145271894335065,0,0
D,112,D_w112,30,0.11583301619724162,0,0.43458872853151104,0,-62.831072493735114,0,1.0233384752110017,0,0
D,113,D_w113,30,0.12986462185200506,1,0.47048845776697046,1,-50.11832139632579,0,1.1297782806828234,1,0
D,114,D_w114,30,0.11311277451910508,0,0.45117475208853164,1,-56.41769882830707,0,1.0428114481339064,0,0
D,115,D_w115,30,0.1262121625974065,0,0.4279765395976221,0,-60.96775256389264,0,1.1665750135920845,0,0
D,116,D_w116,30,0.15712199605155244,0,0.42534099251093005,0,-63.3680724814581,1,1.2435414931239066,0,0
D,117,D_w117,30,0.12366133122272281,0,0.4127694818733335,0,-70.40047274434419,0,1.077688974423028,0,0
D,118,D_w118,30,0.1372198379283939,0,0.44837830781866705,0,-61.96992314044622,0,1.0300952365302263,0,0
D,119,D_w119,30,0.1297412185582525,1,0.45466074988192046,1,-56.2357097589935,0,1.0671762728760663,1,0
D,120,D_w120,30,0.13013082936465997,0,0.40898545310430773,0,-66.86190703487944,0,1.1017917708389475,0,0
D,121,D_w121,30,0.15860461697733838,0,0.39152184264650397,0,-73.88038674115833,0,1.0831833191974822,0,0
D,122,D_w122,30,0.1443864433933306,0,0.39770780107657655,0,-76.48293164091385,0,1.075069737903086,0,0
D,123,D_w123,30,0.13512313095199324,0,0.39369282449407644,0,-73.88741430004691,0,1.0795219489309789,0,0
D,124,D_w124,30,0.14979341484527967,0,0.42385517733678935,0,-72.01728728541286,0,1.0571975635922368,0,0
D,125,D_w125,30,0.11065581746837126,0,0.4020961458851287,0,-70.72605179089591,0,1.003374000992301,0,0
D,126,D_w126,30,0.10664998657662896,0,0.40238757901364963,0,-75.47592800358312,0,0.979243211219524,0,0
D,127,D_w127,30,0.14977823180025504,0,0.44654619623784547,0,-57.96113073291702,0,1.1245842153578687,0,0
D,128,D_w128,30,0.12441775322175679,0,0.39714251292694114,0,-78.38968762068335,0,1.0750322901059757,0,0
D,129,D_w129,30,0.12126606679756191,0,0.3911808403537989,0,-77.11889209971523,0,1.055704967190774,0,0
D,130,D_w130,30,0.13334865884882213,0,0.3978648698530833,0,-76.127070479748,0,1.0515168616329822,0,0
D,131,D_w131,30,0.10717544115098149,0,0.3842134249454102,0,-80.56587012318175,0,1.0375129210350047,0,0
D,132,D_w132,30,0.10389068296554749,0,0.38539137005490076,0,-76.14842906010206,0,1.0638493738573551,0,0
D,133,D_w133,30,0.13810806346140592,0,0.39762594184564065,0,-73.91403588817869,0,1.117993182242724,0,0
D,134,D_w134,30,0.12626142489967795,0,0.38662889835754205,0,-79.15795387281136,0,1.0717362326481599,0,0
D,135,D_w135,30,0.10919188520702988,0,0.406216518235935,0,-70.06606093827533,0,1.0220420042921263,0,0
D,136,D_w136,30,0.11995628267410836,0,0.41646670496868027,0,-71.33142396046063,0,1.0037597441119237,0,0
D,137,D_w137,30,0.0969374780044767,0,0.40783343570342023,0,-73.04047377519487,0,0.9907814024105012,0,0
D,138,D_w138,30,0.09962996282874637,0,0.4033192174224448,0,-75.27083003947544,0,0.9906348196011273,0,0
D,139,D_w139,30,0.09575163469073177,0,0.4067427638879557,0,-70.57835865579473,0,1.004665815522649,0,0
D,140,D_w140,30,0.10361639243279147,0,0.40164373801254855,0,-75.20220630408548,0,0.9977290997164129,0,0
D,141,D_w141,30,0.11878238595924255,0,0.38871687505148395,0,-71.17346073491541,0,1.0657902393189365,0,0
D,142,D_w142,30,0.1091596377639723,0,0.4148735029196589,0,-66.01822145750279,0,1.0393239486533141,0,0
D,143,D_w143,30,0.11267324596141995,0,0.40100899386138866,0,-79.3552925497057,0,0.9847906197613757,0,0
D,144,D_w144,30,0.09416793976119398,0,0.3898378264958772,0,-69.84159420159833,0,1.1221609425587316,0,0
D,145,D_w145,30,0.12336311616916229,0,0.42453038478654137,0,-68.91915069820111,0,1.0230318757261774,0,0
D,146,D_w146,30,0.14073751325367967,0,0.4429598564580064,0,-67.97276143169348,0,1.1012121193874003,0,0
D,147,D_w147,30,0.18407838947914162,1,0.45487602787203285,0,-66.52118077579858,0,1.1411032191991417,0,0
D,148,D_w148,30,0.1523556190405639,0,0.43093294453532066,0,-76.23849286788904,0,1.0913306731057664,0,0
D,149,D_w149,30,0.1340513079123322,0,0.41425625049085,0,-79.98410008127367,1,1.1849839021019242,0,0
D,150,D_w150,30,0.1006633458142692,1,0.46610398683512283,1,-50.226649571108844,1,1.2830088598038265,1,1
D,151,D_w151,30,0.1970942738468283,1,0.47160443772409044,1,-56.41752585557529,1,1.1916607864335669,1,1
D,152,D_w152,30,0.20103388618950482,0,0.4536420505761435,0,-63.33565086586835,0,1.1210220100562949,0,0
D,153,D_w153,30,0.14717415111985924,0,0.4274151025069293,0,-68.37302767909749,0,1.1584606987531563,0,0
D,154,D_w154,30,0.1314972381163462,0,0.41555305170387863,0,-77.38037859150882,0,0.98966985441959,0,0
D,155,D_w155,30,0.10490424434693056,0,0.4186279033784286,0,-68.52247088028574,0,1.053729172951394,0,0
D,156,D_w156,30,0.11449880946942262,0,0.41967630990715626,0,-70.90867353549145,0,1.008133124307298,0,0
D,157,D_w157,30,0.15536821900185271,1,0.4938648710724613,1,-46.3937801536184,1,1.3478011300046062,1,1
D,158,D_w158,30,0.06900351963459585,0,0.3887645033100961,0,-71.28269306891096,0,1.1458837659006944,0,0
D,159,D_w159,30,0.11912828158166688,0,0.4216386100513678,0,-70.62719304752254,0,1.0460122167562378,0,0
D,160,D_w160,30,0.10314293400540293,0,0.39937698526567333,0,-74.68222446035969,0,1.0074158446434647,0,0
D,161,D_w161,30,0.09966456341473666,0,0.39736895783252907,0,-69.10223102592944,0,1.1287981045765074,0,0
D,162,D_w162,30,0.09695799668747175,0,0.37045466452908354,0,-85.51713933183682,0,1.0138688115235903,0,0
D,163,D_w163,30,0.09998855832148405,0,0.36586488716332943,0,-82.76101155076256,0,0.9942256904468164,0,0
D,164,D_w164,30,0.09557938391071522,0,0.3746868104655388,0,-81.49135024353586,0,1.0368522151867516,0,0
D,165,D_w165,30,0.0972141457265924,0,0.3916484094229994,0,-69.43428140652321,0,1.1091952552736124,0,0
D,166,D_w166,30,0.10394869027537544,0,0.41535033337394417,0,-71.3712510151899,0,1.0104520860149817,0,0
D,167,D_w167,30,0.10876581245330703,0,0.42409584887678414,1,-56.41761646159513,0,1.1582059402318723,0,0
D,168,D_w168,30,0.0866739799305866,0,0.3814861285115107,0,-69.66230886425652,0,1.0468471420397159,0,0
D,169,D_w169,30,0.07425265328271895,0,0.3835512932089248,0,-68.98235596842983,0,1.0906718044383876,0,0
D,170,D_w170,30,0.08307586028110597,0,0.39098207750600994,0,-63.928638804751785,1,1.2072146191873865,0,0
D,171,D_w171,30,0.09228245008816434,0,0.39988518721960253,0,-60.65779357862804,1,1.1840664793219167,0,0
D,172,D_w172,30,0.07656805242827552,0,0.38337149569171985,0,-71.43367530365256,0,1.0708222893255777,0,0
D,173,D_w173,30,0.07715832650399305,0,0.3720989619407342,0,-78.32861863745335,0,1.0276405837229674,0,0
D,174,D_w174,30,0.08733145147012014,0,0.38658817488704544,0,-70.19570425303463,0,1.1003489813658758,0,0
D,175,D_w175,30,0.0756265776536316,0,0.37750552401261106,0,-69.3972465914894,0,1.0716940357758296,0,0
D,176,D_w176,30,0.1127028286477205,0,0.41535051999903067,0,-60.67862730060002,0,1.1155452101720424,0,0
D,177,D_w177,30,0.1109233255307291,0,0.4140330948029,0,-64.8107073989257,0,1.1510163856250712,0,0
D,178,D_w178,30,0.11539811462281023,0,0.38041206146935497,0,-85.52251463328973,0,1.0242760589157893,0,0
D,179,D_w179,30,0.12265737607243989,0,0.38096354615562505,0,-79.6023832382861,0,1.0503863687861612,0,0
D,180,D_w180,30,0.10903035006872791,0,0.3807915780534881,0,-79.55385193110138,0,1.031201834319101,0,0
D,181,D_w181,30,0.10928315023928813,0,0.4058723199836835,0,-69.6898966201775,0,1.0351638608156273,0,0
D,182,D_w182,30,0.08834149915240339,0,0.38201676694303277,0,-74.58389569233233,0,1.071995006760016,0,0
D,183,D_w183,30,0.11967386363103913,0,0.3801554858004967,0,-72.31171690227228,0,1.1195281628388034,0,0
D,184,D_w184,30,0.1382838056925587,0,0.4397273894916235,0,-58.06797142609467,0,1.1307261041385968,0,0
D,185,D_w185,30,0.09445317827349023,0,0.3816881967371238,0,-76.69785521666823,0,1.0810157250423749,0,0
D,186,D_w186,30,0.07306213410503799,0,0.38023648743229727,0,-70.8422643599009,0,1.045041794647106,0,0
D,187,D_w187,30,0.0956898879484134,0,0.3787801518011816,0,-70.82933307333994,0,1.0756732161858789,0,0
D,188,D_w188,30,0.08269519445407067,0,0.3722797677361347,0,-78.15190276385857,0,1.0220360975567793,0,0
D,189,D_w189,30,0.08540549764649534,0,0.378974115579392,0,-77.65169251686322,0,1.053190632136105,0,0
D,190,D_w190,30,0.0873515620319345,0,0.38477001426043345,0,-75.429103349499,0,1.034016260657026,0,0
D,191,D_w191,30,0.1065181250941592,0,0.4124952381834414,0,-64.63320593183312,0,1.0164704968959506,0,0
D,192,D_w192,30,0.12068427787409836,0,0.3860217416059651,0,-84.28601224807072,0,1.0121529734334187,0,0
D,193,D_w193,30,0.10965682591693501,0,0.3751316033008538,0,-80.49736392935273,0,1.0391637376667162,0,0
D,194,D_w194,30,0.11158874295704305,0,0.40393264619927227,0,-74.55042965004546,0,0.9916843136943287,0,0
D,195,D_w195,30,0.11324946964076679,0,0.40138238879153726,0,-78.21533958552895,0,0.9842908228449326,0,0
D,196,D_w196,30,0.13648510180981063,0,0.39989587725522724,0,-67.71692692388545,0,1.08329551018098,0,0
D,197,D_w197,30,0.1660897055370156,0,0.44423816448242887,0,-62.007254557117186,0,1.13607691644559,0,0
D,198,D_w198,30,0.13765431196610128,0,0.41129589509080317,0,-70.9515628870672,0,1.0448263914353033,0,0
D,199,D_w199,30,0.11393871567723782,0,0.40110640957134025,0,-72.93384139786797,0,1.055234068627231,0,0
D,200,D_w200,30,0.11380100039885134,0,0.3874224767902836,0,-74.90011305888618,0,1.060925096576311,0,0
D,201,D_w201,30,0.11277707691912985,0,0.3954256141116533,0,-73.49311815787303,0,0.9945979681999012,0,0
D,202,D_w202,30,0.1116169660950737,0,0.40122101712006014,0,-72.27061564247725,0,1.001392347106539,0,0
D,203,D_w203,30,0.09111990897584846,0,0.3952121658258122,0,-77.57338313514055,0,1.0097001692969505,0,0
D,204,D_w204,30,0.10351225273711495,0,0.3760121157546323,0,-82.96311331234037,0,1.0191128478570952,0,0
D,205,D_w205,30,0.09200001195875526,0,0.3623688480123495,0,-84.30275921602149,0,0.9812262088662503,0,0
D,206,D_w206,30,0.11304162623931849,0,0.3945404172089757,0,-74.27164141254957,0,1.0048651416552081,0,0
D,207,D_w207,30,0.10989196263979889,0,0.43152696349463376,0,-58.27818600140585,0,1.169867586483099,0,0
D,208,D_w208,30,0.11758052922143825,0,0.3856781035405764,0,-83.19451806851148,0,1.02514749095977,0,0
D,209,D_w209,30,0.11038283065556213,0,0.3953630642529548,0,-68.31772801344943,0,1.09610946401927,0,0
D,210,D_w210,30,0.110918816116927,0,0.39394566243485624,0,-81.42596090868973,0,1.013585545317078,0,0
D,211,D_w211,30,0.09958312846751158,0,0.3909132937618514,0,-60.75222688724869,0,1.059778179963571,0,0
D,212,D_w212,30,0.10704229806132554,0,0.40251941994344737,0,-74.97093655951116,0,1.0065778364787983,0,0
D,213,D_w213,30,0.09566041083864472,0,0.40991984746886356,0,-62.979461576022786,0,1.0280281982463004,0,0
D,214,D_w214,30,0.08795805323010607,0,0.394050744262199,0,-71.25673082683659,0,1.078502439547673,0,0
D,215,D_w215,30,0.08895712564906312,0,0.38077989501882104,0,-72.17691583330418,0,1.0381587401582952,0,0
D,216,D_w216,30,0.08380311637447875,0,0.40710736964536565,0,-66.11160868180558,0,1.0408370899394865,0,0
D,217,D_w217,30,0.09798847275111867,0,0.4079075985862957,0,-70.7520054012171,0,1.016016749913888,0,0
D,218,D_w218,30,0.1123386706368149,0,0.419344355723811,0,-67.49535144588991,0,1.0620607459994902,0,0
D,219,D_w219,30,0.11914201085496293,0,0.4167465917701279,0,-63.791964691254336,0,1.1401870590380068,0,0
D,220,D_w220,30,0.09981103339618756,0,0.40732946643533385,0,-57.2965703147403,1,1.2269289160393757,0,0
D,221,D_w221,30,0.08987846635726239,0,0.3983556300730126,0,-63.01192198256203,0,1.0746373524851454,0,0
D,222,D_w222,30,0.0707602660631901,0,0.42291509402003585,0,-58.01945548056743,0,1.097895685916523,0,0
D,223,D_w223,30,0.08213303883934937,0,0.421533513103472,0,-63.25805687620888,0,1.0426309207138453,0,0
D,224,D_w224,30,0.09653452340984696,0,0.42310280147751933,0,-59.81718064334757,0,1.1146220828506008,0,0
D,225,D_w225,30,0.06106177961505804,0,0.38483967475022995,0,-63.42760380169041,0,1.0610145968252094,0,0
D,226,D_w226,30,0.09499964218224888,0,0.3833324437007471,0,-71.05529739829277,0,1.0292428282201638,0,0
D,227,D_w227,30,0.11210389037000999,0,0.43959964677168506,0,-60.365434232075394,0,1.162603883330758,0,0
D,228,D_w228,30,0.12868992016567465,0,0.39345914258515374,0,-81.06625023871867,0,1.1180580236499682,0,0
D,229,D_w229,30,0.08539627523111483,0,0.37650020678992163,0,-81.94719394936584,0,1.0302577275444864,0,0
D,230,D_w230,30,0.08484889304921665,0,0.3740545356129673,0,-83.10055860105714,0,1.0231458398037772,0,0
D,231,D_w231,30,0.08743483296813626,0,0.4124120119009924,0,-72.68388768518315,0,1.0211073310223588,0,0
D,232,D_w232,30,0.1316338523325919,0,0.43651519246383935,0,-70.29291110188646,0,1.049471141994682,0,0
D,233,D_w233,30,0.11691149984168707,0,0.4119042389064651,0,-73.86585759572331,0,1.0282833318270042,0,0
D,234,D_w234,30,0.08370114820367247,0,0.40175589678891704,0,-70.55709162444293,0,1.1167654510463862,0,0
D,235,D_w235,30,0.08500585278320852,0,0.3876254367563963,0,-78.60607266708776,0,1.0468504292767178,0,0
D,236,D_w236,30,0.0865752477189,0,0.3975336894112529,0,-67.28624141251201,0,1.0885021844855791,0,0
D,237,D_w237,30,0.08852244608104355,0,0.3838265015495019,0,-72.41159002226404,0,1.0458596176083181,0,0
D,238,D_w238,30,0.08390179301218294,0,0.39385153670036493,0,-64.61524304204717,0,1.0923456686113298,0,0
D,239,D_w239,30,0.1406875368074987,0,0.4029368829803443,0,-73.06304839059948,1,1.1735381375655787,0,0
D,240,D_w240,30,0.10817533453841927,0,0.37262091150037213,0,-86.74533648739676,0,1.0279585487469514,0,0
D,241,D_w241,30,0.08793788937609427,0,0.3888857406081841,0,-70.09615900975966,0,1.079452410062944,0,0
D,242,D_w242,30,0.09209447943619947,0,0.39957198718003617,0,-65.07889511589103,0,1.094919717519519,0,0
D,243,D_w243,30,0.11731551764949996,0,0.39914105224586827,0,-68.38693530751064,0,1.1048243913588984,0,0
D,244,D_w244,30,0.09534784128326475,0,0.4158261284293036,0,-69.36162371003041,0,0.9961711160760063,0,0
D,245,D_w245,30,0.0945092906914597,0,0.4160535748586985,0,-60.53985444004557,0,1.0190401789252317,0,0
D,246,D_w246,30,0.09099877560412054,0,0.3856355649128002,0,-68.10230998960421,0,1.0348380679584912,0,0
D,247,D_w247,30,0.10755584013778484,0,0.39121526471880524,0,-75.41422777105055,0,0.9948030542622042,0,0
D,248,D_w248,30,0.09723777997712345,0,0.39066700683455485,0,-74.48725736046516,0,1.006875392435112,0,0
D,249,D_w249,30,0.10666751947148165,0,0.3819352886051878,0,-73.5552825506076,0,1.0314520076948597,0,0
D,250,D_w250,30,0.08170350074522857,0,0.40962765870891865,0,-70.2527182867694,0,1.0526251812171437,0,0
D,251,D_w251,30,0.0749153638452017,0,0.38195852766125704,0,-77.40290312428999,0,1.0863940319188397,0,0
D,252,D_w252,30,0.07673716058530716,0,0.39059093920127047,0,-67.46403971859635,0,1.0653235761266986,0,0
D,253,D_w253,30,0.063708099134646,0,0.40134633042846646,1,-51.01771418977815,1,1.2638193118539707,1,0
D,254,D_w254,30,0.07538922188166264,0,0.40129473248759556,0,-62.7231253841711,0,1.130143273440466,0,0
D,255,D_w255,30,0.06379360967673581,0,0.3849586317635342,0,-64.98741149612255,0,1.0961116659984216,0,0
D,256,D_w256,30,0.06280263263766708,0,0.38874117168819483,0,-67.3569223420034,0,1.0904095983940687,0,0
D,257,D_w257,30,0.08993513550504949,0,0.40573159385593704,0,-63.0529265562597,0,1.1604481691024415,0,0
D,258,D_w258,30,0.09656872353507885,0,0.38251054447582844,0,-73.40477116825113,0,1.03622365826509,0,0
D,259,D_w259,30,0.08759975399605091,0,0.37994519953694733,0,-68.31092677358092,0,1.0332373029592377,0,0
D,260,D_w260,30,0.08413162038871272,0,0.3758564956805361,0,-73.91538728574741,0,1.0067734980605667,0,0
D,261,D_w261,30,0.0896161214786877,0,0.3742230187239533,0,-71.1008715565627,0,1.024131045630049,0,0
D,262,D_w262,30,0.08006363732316973,0,0.4063844401025372,0,-63.11539422479547,0,1.0553913337921024,0,0
D,263,D_w263,30,0.14722352132833325,1,0.4726057492344349,1,-45.33464042388872,1,1.337237101124037,1,1
D,264,D_w264,30,0.14995386247910003,1,0.4596295774772813,1,-45.12817658596075,1,1.3432817371586667,1,1
D,265,D_w265,30,0.10080996194421685,0,0.3881978679267833,0,-65.8357822157967,0,1.0717054673476485,0,0
D,266,D_w266,30,0.08274637203325902,0,0.39039765972167423,0,-66.58551023744289,0,1.085645229003663,0,0
D,267,D_w267,30,0.10494758132023657,0,0.40335896969297613,0,-65.6658976414581,0,1.0416922456547573,0,0
D,268,D_w268,30,0.08155918117771568,0,0.401966472037944,0,-63.2772268684039,0,1.1146919572612313,0,0
D,269,D_w269,30,0.0960603830951527,0,0.3866074046499461,0,-68.85728301429616,0,1.0888064052735,0,0
D,270,D_w270,30,0.09939795027789289,0,0.3694896827797412,0,-75.98941032457,0,0.9987573130507686,0,0
D,271,D_w271,30,0.07179196556341155,0,0.38817027648831753,0,-71.0075813435968,0,1.0728631681488692,0,0
D,272,D_w272,30,0.07329801820866856,0,0.39612738414551185,1,-55.288009412633116,0,1.1306120099422545,0,0
D,273,D_w273,30,0.06838674645075986,0,0.4156626186158269,1,-55.43483270694852,1,1.1875054165191867,1,0
D,274,D_w274,30,0.06795763504964736,0,0.40234994523961665,0,-57.65863672877518,1,1.2338717341290215,0,0
D,275,D_w275,30,0.06573915849027281,0,0.3747637884723218,0,-72.67794991515763,0,1.0063059789537596,0,0
D,276,D_w276,30,0.08660975876156427,0,0.3906238594095845,0,-62.994795687239794,0,1.1120304886019117,0,0
D,277,D_w277,30,0.07320840581304552,0,0.38767448385572856,0,-67.62810370823257,0,1.1045924056220902,0,0
D,278,D_w278,30,0.09057956645384913,0,0.38932103772220394,0,-78.80584209476885,0,1.1184508291372517,0,0
D,279,D_w279,30,0.12301074527687922,0,0.37495974482682504,0,-83.4320524739026,0,1.008156118865203,0,0
D,280,D_w280,30,0.09977980710518188,0,0.3803440568475109,0,-68.80198519437582,0,1.0214314771805668,0,0
D,281,D_w281,30,0.10176078273195273,0,0.3725740691477894,0,-72.94201505238168,0,1.0128997102453154,0,0
D,282,D_w282,30,0.09493809172113621,0,0.3921405408524783,0,-65.11541901195211,0,1.0570104000833616,0,0
D,283,D_w283,30,0.09448268066695265,0,0.3797625252452535,0,-72.59650115780929,0,1.0101365902436494,0,0
D,284,D_w284,30,0.09417062536625542,0,0.3843414480872743,0,-66.62872410869313,0,1.018268787745317,0,0
D,285,D_w285,30,0.10269715264913237,0,0.37696533380453406,0,-73.74844644374188,0,1.01736399023087,0,0
D,286,D_w286,30,0.1131039394898221,0,0.37609162848730304,0,-76.8221179722945,0,0.9876445928825476,0,0
D,287,D_w287,30,0.13785753481854207,0,0.4042565455454689,0,-80.41290503471427,0,0.992299309276798,0,0
D,288,D_w288,30,0.1336046398407508,0,0.4191938776844805,0,-66.18909273875764,0,1.0386858947993292,0,0
D,289,D_w289,30,0.1486889689796912,0,0.4076681648528665,0,-69.97886236791638,0,1.0810266473866372,0,0
D,290,D_w290,30,0.13167752177096387,0,0.402934720479178,0,-69.69889423547433,0,1.1155052235548428,0,0
D,291,D_w291,30,0.0904555403567267,0,0.3764907872448115,0,-77.9303758089265,0,1.036617957487319,0,0
D,292,D_w292,30,0.09965667030401422,0,0.38797344508614584,0,-71.97077690865113,0,1.055583733959261,0,0
D,293,D_w293,30,0.1082451454619019,0,0.3880348624545406,0,-88.52311755172775,0,0.9967457193252339,0,0
D,294,D_w294,30,0.07791677653843306,0,0.4264897694562639,0,-59.59608781027797,0,1.0796638639321596,0,0
D,295,D_w295,30,0.08710690928767631,0,0.37453104798283504,0,-71.22205124121415,0,1.0393680072958704,0,0
D,296,D_w296,30,0.11742892896923675,0,0.37246249997192393,0,-83.91050805987143,0,0.9911697005870317,0,0
D,297,D_w297,30,0.1607495669170055,0,0.426010661286684,0,-83.76507187292941,0,1.067787014418418,0,0
D,298,D_w298,30,0.12639400815412677,0,0.39632837429671247,0,-68.46758025344552,0,1.0837401810876728,0,0
D,299,D_w299,30,0.10808015872025514,0,0.363596735801293,0,-89.9629933389887,0,1.0002387476615822,0,0
D,300,D_w300,30,0.11214905124536995,0,0.3828124047698797,0,-66.38923943053305,0,1.0677399600096964,0,0
D,301,D_w301,30,0.13170248025994344,0,0.40223068167927795,0,-70.8492642611909,0,1.0796988895005304,0,0
D,302,D_w302,30,0.0863687477691562,0,0.3781755827232522,0,-73.26446119775018,0,1.028280552447428,0,0
D,303,D_w303,30,0.08325213451836243,0,0.38694442621432773,0,-65.28679613506826,0,1.0573884807770422,0,0
D,304,D_w304,30,0.09613699134985536,0,0.38298707262408366,0,-64.94882203572512,0,1.0617073423738692,0,0
D,305,D_w305,30,0.11489497475448643,0,0.3811065448597097,0,-72.77240548418328,0,1.0651347484126554,0,0
D,306,D_w306,30,0.12029007881702382,0,0.3722336690047714,0,-80.77124747213418,0,1.011299209672207,0,0
D,307,D_w307,30,0.12346054954920203,0,0.41339413586674784,0,-61.607604235407614,0,1.0976822513191142,0,0
D,308,D_w308,30,0.1296967678326268,0,0.4199924633950628,0,-73.09909256265394,0,1.0166587356189507,0,0
D,309,D_w309,30,0.1200743259449449,0,0.42623631819656327,0,-59.07905721590074,0,1.1381280337225947,0,0
D,310,D_w310,30,0.10334935715877235,0,0.3853676700591563,0,-72.64496435294463,0,1.1062155773727957,0,0
D,311,D_w311,30,0.12369649957862482,0,0.3900464571788977,0,-71.80561070458884,0,1.0829378970228682,0,0
D,312,D_w312,30,0.11838857157538905,0,0.38333706145487456,0,-77.10923127426486,0,1.0465749156894883,0,0
D,313,D_w313,30,0.11606081419160244,0,0.4113436037283516,0,-68.30647968753578,0,1.02924494689839,0,0
D,314,D_w314,30,0.16628189912374636,0,0.4212944342032217,0,-68.88744415117372,0,1.1278431069839545,0,0
D,315,D_w315,30,0.1727526605861271,0,0.42279870861850827,0,-61.30668130821879,1,1.1886248415068548,0,0
D,316,D_w316,30,0.12359200807988169,0,0.3956918813530886,0,-67.11699070092038,1,1.2061523329664618,0,0
D,317,D_w317,30,0.15508420615314722,0,0.4205870233705606,0,-59.831128660407344,1,1.2014090275388412,0,0
D,318,D_w318,30,0.1201218229216331,0,0.38049318889042383,0,-73.73329647216696,0,1.0605031559424702,0,0
D,319,D_w319,30,0.1317226301721446,0,0.3905876104708271,0,-72.35179721660464,0,1.0686385121835578,0,0
D,320,D_w320,30,0.09780970676625099,0,0.37325592030148463,0,-76.31159101148528,0,1.040905838598174,0,0
D,321,D_w321,30,0.09359469902541782,0,0.38784071236703704,0,-64.07139495962538,0,1.1046140625394114,0,0
D,322,D_w322,30,0.10388852665796447,0,0.373509940999477,0,-72.00394042822042,0,1.0680262494760935,0,0
D,323,D_w323,30,0.12240984814354118,0,0.36987592536520475,0,-84.1172840276943,0,1.0190072840889923,0,0
D,324,D_w324,30,0.11946137460932184,0,0.3895107217045529,0,-82.98404941981487,0,0.9838028826049925,0,0
D,325,D_w325,30,0.11152888595562338,0,0.3623834014121592,0,-86.41730561029095,0,0.969089995035232,0,0
D,326,D_w326,30,0.1050856082863188,0,0.37763657343000984,0,-76.83777726920225,0,1.0133533870765976,0,0
D,327,D_w327,30,0.11659528150439176,0,0.4128493409201105,0,-71.67572124525927,0,1.0282477642358692,0,0
D,328,D_w328,30,0.11706437865426574,0,0.3897362174566567,0,-87.10505687630197,0,1.052144041888891,0,0
D,329,D_w329,30,0.10552440840482706,0,0.3821109878101738,0,-73.87399452466471,0,1.1540324495432053,0,0
D,330,D_w330,30,0.09977723036346957,0,0.3900866730287769,0,-68.7527623051135,0,1.059618327937483,0,0
D,331,D_w331,30,0.1039546389765585,0,0.3773885678837765,0,-73.53168723554413,0,1.0199178607071921,0,0
D,332,D_w332,30,0.10888659632711732,0,0.3994381834373289,0,-75.62897275520474,0,1.0122931860925686,0,0
D,333,D_w333,30,0.16748601250662323,0,0.43382938265841375,1,-54.955055165433464,1,1.3089701252494392,1,0
D,334,D_w334,30,0.16000213349737488,0,0.41704042987209716,0,-70.67134200592604,1,1.1896221373236706,0,0
D,335,D_w335,30,0.13627722386360974,0,0.3988245111204247,0,-67.10450573938898,1,1.1830111037376623,0,0
D,336,D_w336,30,0.15811391580021586,0,0.3971080090799815,0,-78.27084781193857,0,1.0940656839090552,0,0
D,337,D_w337,30,0.14331315783065018,0,0.408281453696682,0,-77.08482985318567,0,1.1036037274165238,0,0
D,338,D_w338,30,0.17163895326102277,1,0.482343997040137,1,-49.68841345139071,1,1.2086096160041304,1,1
D,339,D_w339,30,0.1723985277364275,0,0.4261719115915466,0,-63.99167445076577,1,1.2596371066507441,0,0
D,340,D_w340,30,0.1743200198480154,0,0.4295151740092742,0,-63.17107579175217,1,1.315541325491325,0,0
D,341,D_w341,30,0.11923481935299675,0,0.3886710436056595,0,-81.18388172337924,0,1.1027541692053928,0,0
D,342,D_w342,30,0.20064975046253034,1,0.47259762268877203,0,-58.09668980990698,0,1.1581334025727432,0,0
D,343,D_w343,30,0.24282268593092643,1,0.474559451256424,0,-57.61691598063085,0,1.1205905590284304,0,0
D,344,D_w344,30,0.12129762285994539,0,0.38036108117275835,0,-79.80280289627878,0,1.0308197798872278,0,0
D,345,D_w345,25,0.11934072524381517,0,0.38724037183817,0,-70.58551023340094,0,1.1118344973855285,0,0
D,346,D_w346,25,0.08566119431833569,0,0.37383848949808285,0,-78.46774376783372,0,1.0315995453082725,0,0
D,347,D_w347,25,0.10835653368197776,0,0.36234297713122154,0,-83.98078620974759,0,0.9880999642534225,0,0
D,348,D_w348,25,0.13994403624720406,0,0.4264049122845745,0,-63.8840581134987,0,1.148198893240653,0,0
D,349,D_w349,25,0.1302705408375403,0,0.42580304067169267,0,-65.95441335266611,0,1.042522558346952,0,0
D,350,D_w350,25,0.11528300446461284,0,0.3813371407427502,0,-82.73212565814485,0,1.0318782536812217,0,0
D,351,D_w351,25,0.11511367743434243,0,0.3778676020167176,0,-75.41205240548908,0,1.0663568356141857,0,0
D,352,D_w352,25,0.1198437848277789,0,0.3958235526489749,0,-73.7283984736153,0,1.0875537829659634,0,0
D,353,D_w353,25,0.09942319852028735,0,0.3885083560315232,0,-70.24530434360983,0,1.0956548375635993,0,0
D,354,D_w354,25,0.09452358492823754,0,0.3831533626999724,0,-75.3506005633556,0,1.0537400590631774,0,0
D,355,D_w355,25,0.13587519679615526,0,0.3880832378533801,0,-78.56535329747233,0,1.0642513232948723,0,0
D,356,D_w356,25,0.08304405530035867,0,0.379381219994091,0,-73.69841480939398,0,1.0445046831953226,0,0
D,357,D_w357,25,0.09529381893264932,0,0.3692085185118972,0,-83.20078737253583,0,1.0421135985706604,0,0
D,358,D_w358,25,0.10537123202176879,0,0.3694956449111971,0,-85.59961802464325,0,1.0285419309941772,0,0
D,359,D_w359,25,0.11239519518658932,0,0.40881918802001005,0,-69.77647627048152,0,1.0407413017101217,0,0
D,360,D_w360,25,0.12521411101963978,0,0.4056905298742386,0,-76.34291596096321,0,1.0526361277718255,0,0
D,361,D_w361,25,0.10122556521170996,0,0.39645269932260535,0,-75.55751626489287,0,1.1002440810075047,0,0
D,362,D_w362,25,0.0799355961010641,0,0.39718492198627203,0,-74.58185603497891,0,1.075341238309921,0,0
D,363,D_w363,25,0.08090496752997588,0,0.3802847430816075,0,-84.70141981558055,0,1.035150413869285,0,0
D,364,D_w364,25,0.24076444627148166,0,0.45037010008251965,0,-68.43439368553122,0,0.9973535532903433,0,0
D,365,D_w365,25,0.2321419626419058,1,0.46968503665438266,0,-57.84895496814773,0,1.0103469111527095,0,0
D,366,D_w366,25,0.1212258723911477,0,0.43158629846728697,0,-61.73732420035529,0,1.079127623778975,0,0
D,367,D_w367,25,0.14016069391674238,0,0.408960236853225,0,-78.23032414165898,0,1.0263520687561871,0,0
D,368,D_w368,25,0.1303284707461498,0,0.41418474115301634,0,-62.368451615552466,1,1.2507480918524896,0,0
D,369,D_w369,25,0.10616593420346804,0,0.39771781387567523,0,-76.27446587818896,0,1.0642383261248343,0,0
D,370,D_w370,25,0.08347372612264066,0,0.40050574045269893,0,-78.32386962125777,0,1.0015240808138273,0,0
D,371,D_w371,25,0.11960804197008242,0,0.42710029533993454,0,-80.26984978232443,0,1.0229235107090173,0,0
D,372,D_w372,25,0.08799836358328937,0,0.41237462511642436,0,-75.67635621793424,0,1.0842762067142893,0,0
D,373,D_w373,25,0.12100810903727166,0,0.4038612243732147,0,-83.37962920055536,0,1.033717823143638,0,0
D,374,D_w374,25,0.09399588513502488,0,0.37658708628570203,0,-83.93071140140222,0,1.0071354882877928,0,0
D,375,D_w375,25,0.14689243773352445,0,0.4301279378291922,0,-75.94797829308331,0,1.0207680722718007,0,0
D,376,D_w376,25,0.19365943358338594,0,0.4303893242246116,0,-75.87038825989312,0,1.0441615243271356,0,0
D,377,D_w377,25,0.1116995137422399,0,0.37043336885930245,0,-89.77455085851862,0,1.0233616420771379,0,0
D,378,D_w378,25,0.10812835017232748,0,0.42345037060921664,1,-55.68621109483872,1,1.2167596890939572,1,0
D,379,D_w379,25,0.1161328830763381,0,0.41288652655910507,0,-70.44925188127804,0,1.1586864396412653,0,0
D,380,D_w380,25,0.10457321927740047,0,0.3654877689722717,0,-89.28827578437686,0,1.0253228014293583,0,0
D,381,D_w381,25,0.13922483518540962,0,0.40208277395583797,0,-81.17288933693142,0,1.1682540400639487,0,0
D,382,D_w382,25,0.09843114894281933,0,0.36873860349092236,0,-91.09124539211903,0,1.079713708621195,0,0
D,383,D_w383,25,0.07813293113014798,0,0.3729167017707264,0,-84.06478162312679,0,1.0503417895688734,0,0
D,384,D_w384,25,0.06182070820843755,0,0.40119928186041715,0,-64.53079885247946,0,1.0610846891848806,0,0
D,385,D_w385,25,0.08962748208815781,0,0.40949622301398125,0,-75.87218977809226,0,1.0257340074100034,0,0
D,386,D_w386,25,0.12261489440019752,0,0.4222180302524611,0,-63.742603022801504,0,1.1183484481520063,0,0
D,387,D_w387,25,0.1463953717056084,0,0.4327201593383958,0,-72.59062241228068,0,1.0141633584365928,0,0
D,388,D_w388,25,0.1129462771435868,0,0.39510293543102926,0,-83.57109526312458,0,1.055570210853947,0,0
D,389,D_w389,25,0.060805176522435854,0,0.40043827228834566,0,-64.27143410620333,0,1.1250245670850125,0,0
D,390,D_w390,25,0.06570175114747592,0,0.37350312506260713,0,-84.72489413210535,0,1.0089349655786528,0,0
D,391,D_w391,25,0.17901011191045932,1,0.45597962350158905,0,-63.23525376556478,0,1.0537773347642967,0,0
D,392,D_w392,25,0.1394591488483549,0,0.4183942544630141,0,-89.92204883812127,0,1.0173950320942688,0,0
D,393,D_w393,25,0.14355692321011876,0,0.4328617832498088,0,-77.8030392026192,0,1.0017484817915268,0,0
D,394,D_w394,25,0.18871769444021197,0,0.4485308390213521,0,-70.43199310302595,0,0.991886536628219,0,0
D,395,D_w395,25,0.16507127456619236,0,0.4410727022942578,0,-63.76332338918774,1,1.2857973124679278,0,0
D,396,D_w396,21,0.050794075577801856,0,0.39124826969000165,0,-83.23531138346533,0,1.0051940346920554,0,0
D,397,D_w397,20,0.05255152425211137,0,0.37938213686302413,0,-81.2869054138371,0,1.0164199115083938,0,0
D,398,D_w398,20,0.049397937600033866,0,0.3762255578511434,0,-81.2935322337553,0,1.0029053045974834,0,0
D,399,D_w399,20,0.08647871522029427,0,0.37429694864987234,0,-83.74986385369087,0,1.0344968447295297,0,0
D,400,D_w400,20,0.11153395478408251,0,0.37132364255495953,0,-91.74679047997368,0,1.0450724811346999,0,0
D,401,D_w401,20,0.11695032138426494,0,0.3873240581114363,0,-72.27383437338123,0,1.0712566436935271,0,0
D,402,D_w402,20,0.12705377571685103,0,0.38017104166047627,0,-91.79531191448052,0,1.0165608531638324,0,0
D,403,D_w403,20,0.1890880578892825,0,0.4469818938832381,0,-76.34491386993132,0,1.0875233905906942,0,0
D,404,D_w404,20,0.2183925735829425,0,0.4502580022210971,0,-76.82818799363906,0,1.0522800562824408,0,0
D,405,D_w405,20,0.16410039029423237,0,0.3908277591842519,0,-100.14463663035949,0,1.0277947618462926,0,0
D,406,D_w406,20,0.10010657235092613,0,0.3595473926919318,0,-93.24896329764447,0,0.9643738115293169,0,0
D,407,D_w407,20,0.10097993457474568,0,0.38820456357439614,0,-82.53060038029797,0,1.0181205277943863,0,0
D,408,D_w408,20,0.14242093898136557,0,0.4332123735513654,1,-55.10663242623576,1,1.174363884908666,1,0
D,409,D_w409,20,0.12896218360527073,0,0.38274468886151064,0,-86.05535485481262,0,1.0382458172301028,0,0
D,410,D_w410,20,0.13395067448551698,0,0.38280054528387797,0,-97.039740085201,0,1.0330125823432337,0,0
D,411,D_w411,20,0.08978121189474007,0,0.3987640097340821,0,-71.92621898016232,1,1.1815735179007056,0,0
D,412,D_w412,20,0.07997721681469354,0,0.3728777775233712,0,-93.02667277973033,0,1.0337879587601637,0,0
D,413,D_w413,20,0.10500660581583365,0,0.3732408625724217,0,-88.99927362374937,0,1.030236214389978,0,0
D,414,D_w414,20,0.12217601378414877,0,0.3603948257843735,0,-92.9796640481174,0,0.9836245530788306,0,0
D,415,D_w415,20,0.20271096220873616,0,0.42105488432612553,0,-79.7503761682682,0,1.0519868590631112,0,0
D,416,D_w416,20,0.19749658638779738,0,0.4170414694082191,0,-85.67904420751911,0,1.066589523279274,0,0
D,417,D_w417,20,0.24330596095644366,1,0.4769179594950599,0,-60.12211882673799,0,1.0100804540777213,0,0
D,418,D_w418,20,0.20187878400752068,0,0.43642864144184224,0,-64.36880187881228,0,1.0640738009283075,0,0
D,419,D_w419,20,0.15832207631811215,0,0.42095801866705695,0,-74.34179227372009,1,1.1956155510458772,0,0
D,420,D_w420,20,0.11454727888153206,0,0.39220618761083975,0,-84.48650358412036,0,1.0777554446751025,0,0
D,421,D_w421,19,0.09196082969084854,0,0.3943251258704486,0,-72.18582013798813,0,1.0492979723096785,0,0
D,422,D_w422,15,0.07248524732474475,0,0.396841615806373,0,-76.15767719479109,0,1.033660487785679,0,0
D,423,D_w423,15,0.07723709353513872,0,0.41528638303960036,0,-68.44815869123799,0,1.1457210063929424,0,0
D,424,D_w424,15,0.08447553346763384,0,0.39210434560558904,0,-74.86348612325034,0,1.0176208720246813,0,0
D,425,D_w425,15,0.08042062849819856,0,0.39107406839443604,0,-69.64576783540352,0,1.1581635877113439,0,0
D,426,D_w426,15,0.10470019963268042,0,0.3808145436069643,0,-72.18882243134685,0,1.150640381935432,0,0
D,427,D_w427,15,0.1521021748614281,0,0.42061963332343155,0,-71.81157532943989,1,1.2583885261938714,0,0
D,428,D_w428,15,0.09282585719965891,0,0.4371905317887404,0,-63.0171136769724,1,1.2035986646729486,0,0
D,429,D_w429,15,0.08959554955965698,0,0.4052858452277824,0,-74.42245141238698,0,1.0751580863793806,0,0
D,430,D_w430,15,0.10273988428638921,0,0.38738065336832456,0,-78.21010297873029,0,1.044015880257086,0,0
D,431,D_w431,15,0.12162664961425917,0,0.42752840458999064,0,-66.64658365665633,0,1.0857003966636045,0,0
D,432,D_w432,15,0.08917531976170304,0,0.39381686830270973,0,-79.82976575115607,0,1.0008203783067178,0,0
D,433,D_w433,15,0.08504164534939257,0,0.3929528602595855,0,-76.12198621340987,0,1.0934195163593057,0,0
D,434,D_w434,15,0.08958570020245994,0,0.3891618211056664,0,-78.26319135503256,0,1.0702009785196434,0,0
D,435,D_w435,15,0.10293800867273628,0,0.41164601338902035,0,-68.24880298033635,0,1.0463690129138716,0,0
D,436,D_w436,15,0.31673851090212746,1,0.5101848247685151,1,-43.107755258573775,0,1.1481453121983383,1,0
D,437,D_w437,15,0.1544831926017753,0,0.403012798945863,0,-78.95694701574054,0,1.1609760990577551,0,0
D,438,D_w438,15,0.13519976600582342,0,0.41722266649531914,0,-67.29979992634796,0,1.122839871373959,0,0
D,439,D_w439,15,0.09851629985287236,0,0.4117270548545064,0,-58.02051051292527,1,1.4054263080057408,0,0
D,440,D_w440,15,0.14702648629452483,0,0.422939349628547,0,-79.48769080956137,0,1.1529447008040772,0,0
D,441,D_w441,15,0.16507176321836492,0,0.4298663083308992,0,-81.633324988484,0,1.1441604548062516,0,0
D,442,D_w442,15,0.21981827681283503,0,0.44456410510941946,0,-77.66475789295278,0,1.038299832912638,0,0
D,443,D_w443,15,0.1309383025753091,0,0.45081868516496054,1,-55.09738992223681,0,1.115635787733475,0,0
D,444,D_w444,15,0.2753980275937641,0,0.43926753095872534,1,-51.79414226998123,1,1.2917641796814059,1,0
D,445,D_w445,15,0.21064097539904986,0,0.42984261851602673,0,-79.02204467564704,0,1.0282125796264028,0,0
D,446,D_w446,13,0.18106646424831224,0,0.45183314154862814,0,-62.17771310095172,1,1.1837586325464862,0,0
D,447,D_w447,10,0.08435450618220104,0,0.41224923342905034,0,-66.23411192750635,0,1.0591158930556797,0,0
D,448,D_w448,10,0.07205664194195013,0,0.39739879753270935,0,-70.68500486672474,0,1.1598856621093543,0,0
D,449,D_w449,10,0.09354711006572486,0,0.40464575645586154,0,-59.656979683450515,1,1.3292090941368326,0,0
D,450,D_w450,10,0.14514982291536813,0,0.43673270193534963,0,-64.05948036455348,0,1.1339506701569055,0,0
D,451,D_w451,10,0.0613916495091926,0,0.39183807414696137,0,-79.45808767843648,1,1.1718765094559,0,0
D,452,D_w452,10,0.03560486044769443,0,0.43099675290962164,0,-61.16496465441899,1,1.1906589568478507,0,0
D,453,D_w453,10,0.0619308526133128,0,0.42532984089699816,0,-65.74252582681522,0,1.122609660759299,0,0
D,454,D_w454,10,0.07202777799025338,0,0.39562509147227093,0,-74.60533431213382,1,1.1783161852102086,0,0
D,455,D_w455,10,0.0633489900801428,0,0.41169475519083754,0,-70.14885404476732,0,1.0327776801115263,0,0
D,456,D_w456,10,0.0638259382269354,0,0.38755571498450714,0,-78.61300156591165,0,0.9866773713627058,0,0
D,457,D_w457,10,0.06799780508586002,0,0.4117814279441572,0,-61.5497895449949,1,1.1968869526619506,0,0
D,458,D_w458,10,0.19664494909545316,1,0.49069842212550163,1,-53.98849417342533,1,1.2027119094755858,1,1
D,459,D_w459,10,0.23118987891985607,1,0.5406942726034152,1,-25.90871958297144,1,1.576032911092257,1,1
D,460,D_w460,10,0.10563041919182184,0,0.37659293334986244,0,-81.03007305557942,0,1.0283754743585807,0,0
D,461,D_w461,10,0.11378459151605799,0,0.42064864856628253,0,-68.0848828292681,1,1.1950326418786628,0,0
D,462,D_w462,10,0.09748139688445459,0,0.40519304118042665,0,-71.44565753234252,0,1.112521802749395,0,0
D,463,D_w463,10,0.08158918004331422,0,0.37422524997064704,0,-86.8400133060576,0,1.0301313023086482,0,0
D,464,D_w464,10,0.07516316017548032,0,0.38299793268498394,0,-65.2335908885542,1,1.2612568735747505,0,0
D,465,D_w465,10,0.05995093552024199,0,0.39139919799806605,0,-71.52549519421852,0,1.161155447324727,0,0
D,466,D_w466,10,0.08214547980653776,0,0.4008687911674453,0,-82.50975992732126,0,1.0793661905409628,0,0
D,467,D_w467,10,0.06911850203331005,0,0.3672426713599808,0,-84.97018828422263,0,1.02931438580766,0,0
D,468,D_w468,10,0.0765217038808209,0,0.36894688825194105,0,-90.24828537825913,0,1.052337138491866,0,0
D,469,D_w469,10,0.08550455396785815,0,0.3820780844454403,0,-83.14498321892106,0,1.0032875620690798,0,0
D,470,D_w470,10,0.07227470560641434,1,0.4819636181443017,1,-29.195555507006244,1,1.5208974492048408,1,1
D,471,D_w471,10,0.07153431443269063,0,0.4302006651269739,0,-56.665606026140374,1,1.2239417493576639,0,0
D,472,D_w472,10,0.06661443535390563,1,0.47000209874866433,1,-45.371146810405314,1,1.2766548937741813,1,1
D,473,D_w473,10,0.11026881688125775,0,0.39901455904623834,0,-82.56958860093107,1,1.185467026068323,0,0
D,474,D_w474,10,0.16631672283989485,0,0.4235270058800278,0,-84.11943089416016,0,1.0470103585874366,0,0
D,475,D_w475,10,0.1400032431270951,0,0.4272705491993565,0,-72.49238324621993,0,1.0908586492820362,0,0
D,476,D_w476,10,0.13786041655028267,1,0.5130329526881018,1,-41.49047886224158,1,1.3873635059606446,1,1
D,477,D_w477,10,0.14534631481952057,1,0.5171341206852995,1,-38.78383398926234,1,1.397605718620331,1,1
D,478,D_w478,10,0.16354355373246082,0,0.39977428514658503,0,-82.04189977577255,1,1.1722551503810898,0,0
D,479,D_w479,10,0.11232595845713687,0,0.4317838477399007,0,-67.63546958179484,0,1.1592076931014657,0,0
D,480,D_w480,10,0.14146823700924915,0,0.42538097497807237,0,-67.82051927183402,1,1.3588522324558225,0,0
D,481,D_w481,10,0.11154634824498615,0,0.41808425433895213,0,-83.14951303511408,0,1.0921986596271458,0,0
D,482,D_w482,10,0.10520273918771604,0,0.41269670671551617,0,-80.71791560686357,0,1.1368926936949417,0,0
D,483,D_w483,10,0.12499744955287262,0,0.39843683496719506,0,-94.32417354828713,0,1.0900530507404294,0,0
D,484,D_w484,10,0.2562719016827075,0,0.4424903172099942,0,-72.57190647144594,0,1.0539361352341257,0,0
D,485,D_w485,10,0.2908196201792329,1,0.5105914265770863,1,-44.16322674700621,1,1.2613630409997165,1,1
D,486,D_w486,10,0.11482918999987703,0,0.44290039051870883,0,-62.03013906809104,0,1.1317984973012758,0,0
D,487,D_w487,10,0.11371524661272403,0,0.4470327158700222,1,-55.053378267698974,0,1.1528519634531338,0,0
D,488,D_w488,10,0.1526485923375432,0,0.4307313839863101,0,-74.57786232719371,0,1.0707101571487543,0,0
D,489,D_w489,10,0.18820318470418404,0,0.45115553622542665,0,-71.05733886458597,0,1.074713985213373,0,0
D,490,D_w490,10,0.18574460177438828,0,0.4463387170074271,0,-65.68488647995478,1,1.2320762768241582,0,0
D,491,D_w491,10,0.1713746026009233,0,0.4239220213757196,0,-74.19665848298122,0,1.1572816041488094,0,0
D,492,D_w492,10,0.156088641442996,0,0.4085284378061501,0,-85.04418907337589,0,1.0955633413754193,0,0
D,493,D_w493,10,0.10303249284684855,0,0.4083746030251182,0,-91.17595260163367,0,1.0313694775726545,0,0
D,494,D_w494,10,0.14229288564742035,1,0.4577294016693778,1,-56.00065572520434,1,1.2860544385149677,1,1
D,495,D_w495,10,0.1877144879132173,0,0.4220066695920937,0,-78.53304381657476,1,1.1764143479568603,0,0
D,496,D_w496,10,0.12247160707203449,0,0.4244988759082843,0,-87.61723069037005,0,1.1455917926140597,0,0
D,497,D_w497,10,0.10735832979359644,0,0.4333525668461552,0,-66.92081386212178,1,1.2463343589355058,0,0
D,498,D_w498,10,0.10507305934148697,0,0.4365708937394681,0,-70.05775481802509,0,1.0752307683666635,0,0
D,499,D_w499,10,0.16665925545980195,1,0.47307570356866363,1,-50.92682187481612,0,1.1030788025997242,1,0
D,500,D_w500,10,0.2101799373207899,0,0.4537492124350506,1,-54.70500012656474,0,1.1388907827297448,0,0
D,501,D_w501,10,0.21093152021828804,0,0.44641290936750716,0,-67.01503187941718,0,1.12870261989474,0,0
D,502,D_w502,10,0.09844499004630622,0,0.37798417807651247,0,-85.97245300252435,0,1.046684175547875,0,0
D,503,D_w503,10,0.09724322761436968,0,0.39844239323305847,0,-80.48596151148907,0,1.005253426071866,0,0
D,504,D_w504,10,0.06336854454866656,0,0.39159202026885237,0,-83.93064769303928,0,1.012317811015178,0,0
D,505,D_w505,10,0.10875115808187592,0,0.38826141145596266,0,-81.68875829420915,0,1.0320185342099064,0,0
D,506,D_w506,10,0.1419270485560386,0,0.43356090168920786,0,-74.1862697330652,0,1.097965155377822,0,0
D,507,D_w507,10,0.10863036031708412,0,0.4293274662377773,0,-78.36653026715713,0,1.1068171439672696,0,0
D,508,D_w508,10,0.3139420731961208,1,0.5126674984505808,1,-45.07126015477174,0,1.1065698563283295,1,0
D,509,D_w509,10,0.16369801465202088,1,0.4727729697907143,1,-41.06962051321595,0,1.0781051470670122,1,0
D,510,D_w510,10,0.26153146372154906,1,0.455241039771717,0,-70.36169916301864,0,1.067195844895668,0,0
D,511,D_w511,10,0.2558086070343196,1,0.4598569283101148,0,-59.61479695640909,0,1.080685304243115,0,0
D,512,D_w512,10,0.09407186203356545,0,0.39267620561545463,0,-82.52310139464012,0,0.9961207860064037,0,0
D,513,D_w513,9,0.2353646567080755,0,0.45009887037599394,1,-55.38798165484746,0,1.0991060665837813,0,0
D,514,D_w514,5,0.13342999646185857,0,0.4237647985863806,0,-75.83123294466041,1,1.184747308055175,0,0
D,515,D_w515,5,0.04307444625691809,0,0.4148743160397338,0,-68.04525634057218,0,1.0158125697535447,0,0
D,516,D_w516,5,0.04786402674722288,0,0.4004701958775354,0,-72.95011355161265,0,1.012660723910476,0,0
D,517,D_w517,5,0.04127725971725616,0,0.39637235466368176,0,-77.66605228517781,0,1.0098938347023232,0,0
D,518,D_w518,5,0.1177309929248627,1,0.5107906572605845,1,-5.867163088405668,1,1.802816675987317,1,1
D,519,D_w519,5,0.08344566637351898,1,0.46332901094308615,1,-55.97386499095044,1,1.376531496474541,1,1
D,520,D_w520,5,0.2623120449532156,1,0.5314663146771494,1,-4.94764705054903,1,1.6796624682104084,1,1
D,521,D_w521,5,0.27555602992520717,1,0.5326337415976924,1,-27.031264431949303,0,1.1596734724705262,1,0
D,522,D_w522,5,0.09393539334912053,0,0.4344494900376967,0,-71.31242604625199,1,1.1769512420784511,0,0
D,523,D_w523,5,0.0328910272607322,0,0.4334808003101788,0,-65.00455099758923,1,1.1830716424718388,0,0
D,524,D_w524,5,0.1216509563314684,1,0.49518984058977106,1,-6.076878495656615,1,1.8921472506883743,1,1
D,525,D_w525,5,0.20011453647427385,1,0.47863149514889014,1,-47.72353158473224,1,1.2671666788098102,1,1
D,526,D_w526,3,0.005447665631168729,0,0.4205161602517934,0,-60.56715402498606,0,0.9879919029446658,0,0
E,0,E_w0,16,0.7734355445285218,1,0.606454495869453,1,-1.0701105503475716,1,4.151950447140866,1,1
E,1,E_w1,20,0.03817933224215083,0,0.41678048502431725,0,-73.98195607936786,0,1.0554696967233579,0,0
E,2,E_w2,20,0.028202176652772137,0,0.4088677600090974,0,-75.04396518330744,0,1.0511733379725625,0,0
E,3,E_w3,20,0.028869221710876185,0,0.4053393801275775,0,-77.34171324193933,0,1.0216187120879554,0,0
E,4,E_w4,20,0.027835808438748975,0,0.4038261584749879,0,-77.95215509988248,0,1.0093696599105588,0,0
E,5,E_w5,20,0.04418199583753372,0,0.4224191818398952,0,-70.70744740747467,0,1.0230811789367886,0,0
E,6,E_w6,20,0.04450939710574759,0,0.42278626565232635,0,-71.23308244016314,0,1.0258426311896158,0,0
E,7,E_w7,20,0.010461486910943098,0,0.41092829437222733,0,-71.48460397316242,0,0.9730616581076567,0,0
E,8,E_w8,20,0.010461486910943098,0,0.41119155725785916,0,-71.63549057893097,0,0.9704720739484047,0,0
E,9,E_w9,20,0.04699125531185904,0,0.4355263314846437,0,-66.36479267555762,0,1.0448433765554384,0,0
E,10,E_w10,20,0.24025952751765906,1,0.5012327869649017,1,-45.92908218061482,0,1.0932547440706863,1,0
E,11,E_w11,20,0.24273474737655545,1,0.4557030818288432,0,-57.1880581085184,0,1.0819716493443612,0,0
E,12,E_w12,20,0.1661964003359438,1,0.45453116824203504,0,-64.68476178479487,0,1.1373388347583533,0,0
E,13,E_w13,20,0.07830625216867473,0,0.40588627796744986,0,-67.18986503427621,1,1.23760937314528,0,0
E,14,E_w14,20,0.1413111793294242,0,0.43891170048298733,0,-62.573322304261566,0,1.118012099733436,0,0
E,15,E_w15,20,0.12357155662388583,1,0.4656675969654737,1,-48.23786365403319,0,1.0886586253155737,1,0
E,16,E_w16,20,0.23027528309786557,0,0.4502431713488383,0,-79.32201249474325,0,1.03408313737736,0,0
E,17,E_w17,20,0.17612265772301497,0,0.4249838057685949,0,-82.38557364155116,0,1.0153346980400684,0,0
E,18,E_w18,20,0.20841275720219987,1,0.45432554440367573,0,-70.96700469514789,1,1.2147142463172964,1,0
E,19,E_w19,20,0.20137532918275686,1,0.46464553502530653,0,-65.47035934037852,1,1.2125619264456642,1,0
E,20,E_w20,20,0.23046831205969878,1,0.45888874675960695,0,-58.514717216347606,0,1.12288573745622,0,0
E,21,E_w21,20,0.18589107897266685,0,0.4416423724281711,0,-65.99313972524554,0,1.0747093034194275,0,0
E,22,E_w22,20,0.22653296705061426,0,0.42607916923219125,0,-83.59030683270132,0,1.0663406425096267,0,0
E,23,E_w23,20,0.4071750536647778,1,0.5256269209483428,1,-24.82658414553641,1,1.242455183473372,1,1
E,24,E_w24,20,0.1069804629412006,0,0.363536073567798,0,-89.87497158363439,0,1.0162668116697733,0,0
E,25,E_w25,20,0.20017730639037243,0,0.44602084080415,0,-70.87967955659401,0,1.0138452042607908,0,0
E,26,E_w26,20,0.14737469520636648,0,0.39146034846241207,0,-87.8849143050435,0,1.1645924067074158,0,0
E,27,E_w27,20,0.26554112090158977,0,0.4457714178588449,0,-76.41102545552926,0,1.0116163315766609,0,0
E,28,E_w28,20,0.14113340205282465,0,0.38969191414360044,0,-81.36384591124491,0,1.102126730061438,0,0
E,29,E_w29,20,0.10328011587709111,0,0.38219316191213554,0,-78.87182704243455,0,1.0453751032585086,0,0
E,30,E_w30,20,0.12020681078343332,0,0.3931634402501178,0,-78.11256090710204,0,1.0809376881001762,0,0
E,31,E_w31,20,0.10911866990877021,0,0.3801829985776845,0,-82.25300301452897,0,1.031624884394376,0,0
E,32,E_w32,20,0.12920164186453625,0,0.3853068853144473,0,-83.72037039761366,0,1.0492617664288197,0,0
E,33,E_w33,20,0.2545231725297528,0,0.44375070063857247,0,-70.30569001219918,0,1.037954795107876,0,0
E,34,E_w34,20,0.11722431844933458,0,0.39053496743959476,0,-85.31765579836893,0,1.0908523375967605,0,0
E,35,E_w35,20,0.11337240104457953,0,0.43205794027091554,1,-56.09135739497181,1,1.1971069788888815,1,0
E,36,E_w36,20,0.09168087538350256,0,0.37894172022891215,0,-81.61856122951414,0,1.0232343619103748,0,0
E,37,E_w37,20,0.0548914151534277,0,0.41245362240504085,0,-68.55781670459177,0,1.1114126634229353,0,0
E,38,E_w38,20,0.0483586681481066,0,0.4177831307190354,0,-68.2316207858214,0,1.0500976669186985,0,0
E,39,E_w39,20,0.1408053890533192,0,0.44831003692172416,1,-51.94464920865417,1,1.3553324795531294,1,0
E,40,E_w40,20,0.16248958730327148,0,0.44353787419673224,0,-74.48170096506665,0,1.1372594245866148,0,0
E,41,E_w41,20,0.1459105342008572,1,0.4877846579569266,1,-45.133509096942234,1,1.2388102143855346,1,1
E,42,E_w42,20,0.12701146339831507,1,0.46818165584284194,1,-41.174397959136215,1,1.5349391303029951,1,1
E,43,E_w43,20,0.20819289325208482,0,0.4516819225681333,0,-70.08580205691987,0,1.1205798279607149,0,0
E,44,E_w44,20,0.2715978198050208,1,0.4709064420234217,0,-60.14222253701388,0,1.0354643710787421,0,0
E,45,E_w45,20,0.25376599846410103,0,0.43275892847779124,0,-76.67872783512281,0,1.0620182598761676,0,0
E,46,E_w46,20,0.13663752843318128,0,0.3811427815625728,0,-85.01014995661697,0,1.0181524537427085,0,0
E,47,E_w47,20,0.19247385324572297,0,0.4387401913697339,0,-76.68766818768466,0,1.0925437528224968,0,0
E,48,E_w48,20,0.21486438667340715,0,0.44755557648256783,0,-65.92046202217742,1,1.231596607269399,0,0
E,49,E_w49,20,0.14309187449874602,0,0.39927617128668935,0,-80.11860278974986,0,1.0451255358959515,0,0
E,50,E_w50,20,0.1583636742085321,0,0.43658177333432724,0,-62.72582009635727,0,1.171559000318966,0,0
E,51,E_w51,20,0.22399956402247453,0,0.4457558492551772,0,-68.96862826833285,0,1.0572633190243144,0,0
E,52,E_w52,20,0.14242409018805527,0,0.3844276883381939,0,-85.60970993618653,1,1.2187182371037304,0,0
E,53,E_w53,20,0.10961253678473563,0,0.3689064744481378,0,-89.80507101744234,0,1.0409656070063475,0,0
E,54,E_w54,20,0.1837940147269487,0,0.43329701959591227,0,-62.96649106817261,1,1.220383398901179,0,0
E,55,E_w55,20,0.10497278357316461,0,0.3937051357438606,0,-73.7556779827228,0,1.1169141019073172,0,0
E,56,E_w56,20,0.12059173963109508,0,0.3808084243172595,0,-87.34751409166456,0,1.0223169955291371,0,0
E,57,E_w57,20,0.10134742026465686,0,0.38263793070271684,0,-79.86554719582647,0,1.0354911702560858,0,0
E,58,E_w58,20,0.14935130177297998,0,0.40430254641185037,0,-87.92353031417166,0,1.0792690048978553,0,0
E,59,E_w59,20,0.09093094765879244,0,0.3907322216269648,0,-85.76725406610278,0,1.0161870540052411,0,0
E,60,E_w60,20,0.09971469570175406,0,0.38363834789795115,0,-80.936978632478,0,1.0257885747673081,0,0
E,61,E_w61,20,0.10444885968864306,0,0.3817990127690162,0,-84.9460740283875,0,1.00527359506265,0,0
E,62,E_w62,20,0.11698079382809284,0,0.3709423715121327,0,-96.20198560904188,0,0.9961733286044994,0,0
E,63,E_w63,20,0.11123252839387171,0,0.3734726495509782,0,-87.9340286258207,0,0.9995564430058226,0,0
E,64,E_w64,20,0.1694661110942274,0,0.4080975542790845,0,-88.34053467991652,0,1.0342791442192658,0,0
E,65,E_w65,20,0.18510696578840993,0,0.42243183028504233,0,-77.29439217354908,0,1.062967474262965,0,0
E,66,E_w66,20,0.15735037590381473,0,0.4186413505865341,0,-69.49330499928422,0,1.0664665656603054,0,0
E,67,E_w67,20,0.21248836070345684,1,0.4595857583434407,1,-55.743185218329074,0,1.155379605819862,1,0
E,68,E_w68,20,0.13179927903288274,0,0.37768025107305775,0,-87.85024448488072,0,1.047049177593952,0,0
E,69,E_w69,20,0.17542840345003166,0,0.3988749181281404,0,-86.56741712749843,0,1.057461114602635,0,0
E,70,E_w70,20,0.1496064086173861,0,0.38203127084364497,0,-89.54586588869326,0,1.0390936312134755,0,0
E,71,E_w71,20,0.12181876993363913,0,0.3892665947765697,0,-74.93937277432453,0,1.0630544138690143,0,0
E,72,E_w72,20,0.09798698928751905,0,0.3690364064009224,0,-85.85182229366467,0,1.0543194083808702,0,0
E,73,E_w73,20,0.09701963748937446,0,0.3602537716380346,0,-91.26313605220118,0,0.9748400078723143,0,0
E,74,E_w74,20,0.19823361317983193,1,0.4632544913987548,1,-53.201643979653696,0,1.153671092381208,1,0
E,75,E_w75,20,0.2744174763078626,1,0.4660435130409087,0,-69.91932823056989,0,1.0503687848137824,0,0
E,76,E_w76,20,0.09494411337179919,0,0.4202488304543284,0,-73.80001362700317,0,1.1558397770350683,0,0
E,77,E_w77,20,0.08603575217464615,0,0.4127139152857752,0,-84.32994248072026,0,1.0943245257413352,0,0
E,78,E_w78,20,0.09653820783477102,0,0.40691027756199766,0,-78.43772780678876,1,1.2150078207210737,0,0
E,79,E_w79,20,0.10395023644137678,0,0.40858756035039984,0,-78.42130436177064,1,1.2402459838956086,0,0
E,80,E_w80,20,0.11169378607649416,0,0.4025357287241195,0,-88.23823776209488,1,1.2205498959294283,0,0
E,81,E_w81,20,0.11267832254407206,0,0.4191290589029112,0,-81.02444985265589,0,1.1707838109873698,0,0
E,82,E_w82,20,0.10817196178305886,0,0.4006861375584615,0,-85.13072627244557,1,1.2262956875581144,0,0
E,83,E_w83,20,0.07987794860227346,0,0.39560881282404586,0,-77.91595873437001,1,1.260767983826907,0,0
E,84,E_w84,20,0.07673045119105018,0,0.4065382072652343,0,-68.2298707800235,1,1.3086102869943272,0,0
E,85,E_w85,20,0.21171952165130697,1,0.4580128820797726,0,-67.77154063848036,1,1.4433989674052,1,0
E,86,E_w86,20,0.23974250684304516,1,0.4971481937266623,1,-33.77868610227824,1,1.296077371446875,1,1
E,87,E_w87,20,0.12834557488130213,0,0.40352678846919376,0,-83.90857390192403,1,1.1904735604469963,0,0
E,88,E_w88,20,0.09781467654944224,0,0.3699112881065815,0,-83.87032091383743,0,1.0023300528868349,0,0
E,89,E_w89,20,0.09909691007328303,0,0.37147996144867407,0,-81.72065921643767,0,1.0004835900768188,0,0
E,90,E_w90,20,0.08664013231912314,0,0.37391395299525815,0,-75.96651943615929,0,1.0297893409475225,0,0
E,91,E_w91,20,0.08113760813404619,0,0.3631377159460352,0,-84.93393486635371,0,0.9780410576384218,0,0
E,92,E_w92,20,0.12879394042367834,0,0.38527129368380125,0,-92.07064192856015,0,1.064780630881936,0,0
E,93,E_w93,20,0.1174197430125421,0,0.37968813606478063,0,-93.23832425419239,0,1.0427980903806737,0,0
E,94,E_w94,20,0.15079197589878796,0,0.4101661174221609,0,-80.20681937562047,0,1.0882198346390268,0,0
E,95,E_w95,20,0.09826400126964233,0,0.3574499184486997,0,-94.98834656480769,0,0.9723308422265063,0,0
E,96,E_w96,20,0.11074567463956544,0,0.3631804861500803,0,-90.68956929077842,0,0.9852697137925294,0,0
E,97,E_w97,20,0.12427727624471346,0,0.36739231953233453,0,-92.42111219408733,0,0.9906027024861322,0,0
E,98,E_w98,20,0.15803283916628427,0,0.397318672823004,0,-88.60906624602853,0,1.0667452721948623,0,0
E,99,E_w99,20,0.14836242732022353,0,0.40424400619857626,0,-82.64452200741908,0,1.0773069380469258,0,0
E,100,E_w100,20,0.1359526494723988,0,0.37227457565660016,0,-95.88949542409816,0,1.0162716095867275,0,0
E,101,E_w101,20,0.10672266781178563,0,0.37275196855577575,0,-87.92605010022794,0,1.0174503973834146,0,0
E,102,E_w102,20,0.1076322054484109,0,0.37273519019319257,0,-84.67015893767864,0,1.0136601413247026,0,0
E,103,E_w103,20,0.11312166511571466,0,0.38582153289611965,0,-78.97687079908295,0,1.050602661314186,0,0
E,104,E_w104,20,0.11854652844903446,0,0.3693589071861084,0,-92.11289742047039,0,1.0010338122504376,0,0
E,105,E_w105,20,0.1265351367545107,0,0.39441625826090404,0,-85.06401920358036,0,1.04410337295216,0,0
E,106,E_w106,20,0.11900597820464881,0,0.3919723495626946,0,-80.99971237212881,0,1.0664208536690134,0,0
E,107,E_w107,20,0.21295599883356162,0,0.43552887695100806,0,-63.3538222545661,1,1.219655955958212,0,0
E,108,E_w108,20,0.1665428229514375,0,0.3967704809293207,0,-87.38712748424192,0,1.1026120273992197,0,0
E,109,E_w109,20,0.12203109851315294,0,0.38358285446928403,0,-90.04019480849294,0,1.0227341545988509,0,0
E,110,E_w110,20,0.11813774719761869,0,0.3922656198389037,0,-81.30608042089123,0,1.0499043784028654,0,0
E,111,E_w111,20,0.12890398137804598,0,0.4030167917350364,0,-82.81226388869635,0,1.0335462871065588,0,0
E,112,E_w112,20,0.10138315640860245,1,0.46410424964728436,1,-47.40630323929327,1,1.25343153361614,1,1
E,113,E_w113,20,0.126260945119726,0,0.445287418113402,0,-64.35010085965442,0,1.0989800166215016,0,0
E,114,E_w114,20,0.19270321735445842,0,0.4453162586802063,1,-48.348288837912314,1,1.293438631736361,1,0
E,115,E_w115,20,0.12665346748637765,0,0.4154317556692791,0,-72.08705056261113,0,1.0739108365123884,0,0
E,116,E_w116,20,0.12593455620150454,0,0.43470103916373404,0,-66.75777207806702,0,1.0472968481226594,0,0
E,117,E_w117,20,0.10504395688983616,0,0.4160016506525459,0,-72.05374720120878,0,0.9921635952090118,0,0
E,118,E_w118,20,0.09698968108678906,0,0.39134450437294604,0,-67.1741106629309,0,1.0632098137317738,0,0
E,119,E_w119,20,0.11588978197972355,0,0.4431279988066567,1,-53.34135519506841,1,1.2227753871915077,1,0
E,120,E_w120,20,0.12201561981537563,0,0.42263097503653935,0,-75.50830794580516,0,1.0042016320063185,0,0
E,121,E_w121,20,0.1320243105028453,0,0.41866369571218437,0,-78.04463779024275,0,0.991161637481244,0,0
E,122,E_w122,20,0.10843736203500887,0,0.3726289866645619,0,-82.01862597698448,0,0.9931044283631222,0,0
E,123,E_w123,20,0.18885905370884193,0,0.4339746768398303,1,-56.09277486045283,1,1.3495565235184952,1,0
E,124,E_w124,20,0.13428642563982135,1,0.4564781921768481,1,-37.43291676718792,1,1.4651068398366935,1,1
E,125,E_w125,20,0.12505920216583147,0,0.43614218662864185,0,-72.73653316547146,0,1.052958151124387,0,0
E,126,E_w126,20,0.10481172984794823,0,0.40266591333837953,0,-69.10703706514943,0,1.1062544474621028,0,0
E,127,E_w127,20,0.14470699692007663,0,0.3977308931225053,0,-84.24125891905827,0,1.0122550275427002,0,0
E,128,E_w128,20,0.13663878113463465,0,0.38624438606077494,0,-75.84126242587234,0,1.074326720551248,0,0
E,129,E_w129,20,0.13018157427193497,0,0.4012152083700337,0,-80.42019674944932,0,1.0163140862201245,0,0
E,130,E_w130,20,0.1367769199941401,0,0.4001937508859211,0,-71.6453279686141,0,1.0716140192295578,0,0
E,131,E_w131,20,0.16037825314677207,0,0.4132872787668036,0,-76.39942903283341,0,1.098636069246044,0,0
E,132,E_w132,20,0.15021638616760594,0,0.43613651820571575,0,-65.33118659326436,0,1.0953216373387165,0,0
E,133,E_w133,20,0.12874599230674236,0,0.44274838895507107,0,-64.62865678568545,0,1.0530215008893358,0,0
E,134,E_w134,20,0.1476682043461583,0,0.4419654592155528,0,-66.59036903840389,0,1.0917166565307572,0,0
E,135,E_w135,20,0.1524956413379075,0,0.4088349139571311,0,-66.37989627084865,0,1.1204233459864645,0,0
E,136,E_w136,20,0.1406059853710349,0,0.40490927232209767,0,-72.3100544394201,0,1.0682952848520024,0,0
E,137,E_w137,20,0.15782466215183244,0,0.4179632522475729,0,-66.21556037665722,0,1.152532180189232,0,0
E,138,E_w138,20,0.1255710414992565,0,0.40053424861960446,0,-79.68616263423272,0,1.0481145837539796,0,0
E,139,E_w139,20,0.11132750157497885,0,0.38897911873488633,0,-75.65292293084238,0,1.0000111629778747,0,0
E,140,E_w140,20,0.11440810808305438,0,0.3973895452134882,0,-78.0017852435007,0,1.0595090050505187,0,0
E,141,E_w141,20,0.1110727431148962,0,0.38282002648239927,0,-73.76425682787776,0,0.9988305914054255,0,0
E,142,E_w142,20,0.09704150886991426,0,0.37115781586039576,0,-76.47128080695525,0,1.0159096751471985,0,0
E,143,E_w143,20,0.10933384562900546,0,0.37551594441547276,0,-80.49871054918704,0,1.0381166277768068,0,0
E,144,E_w144,20,0.1135240894692246,0,0.3726315937786625,0,-86.6689616336119,0,1.003638794030768,0,0
E,145,E_w145,20,0.1110401141573886,0,0.38888715586347095,0,-80.9637456697943,0,1.0527096942313001,0,0
E,146,E_w146,20,0.138116074710968,0,0.4385932210154693,0,-65.24558751586656,1,1.3263758910389682,0,0
E,147,E_w147,20,0.09121382931112608,0,0.42226968717425334,0,-62.995963574908686,0,1.1649230153217485,0,0
E,148,E_w148,20,0.06966803182029911,0,0.4397626876347748,0,-60.19003762869531,1,1.2398117158640662,0,0
E,149,E_w149,20,0.08641186841330739,0,0.3876259915136119,0,-78.16968352109065,0,1.0236961397316697,0,0
E,150,E_w150,20,0.06103264595266176,0,0.3819955810777849,0,-75.90677830612857,0,1.0361655927734823,0,0
E,151,E_w151,20,0.09862471811320256,0,0.396672643229787,0,-83.45406509467107,0,1.0307334923231148,0,0
E,152,E_w152,20,0.10053466862651074,0,0.4070062628751429,0,-80.92169433539917,0,1.0519223724046711,0,0
E,153,E_w153,20,0.13204202667280082,0,0.37862626881594175,0,-87.29180883694364,0,1.0136072177399629,0,0
E,154,E_w154,20,0.11872111490738528,0,0.3702056448210767,0,-90.85579532630469,0,0.9869390832992695,0,0
E,155,E_w155,20,0.06786152117187391,0,0.39832321275023036,0,-73.7963346899691,0,1.0866935383189682,0,0
E,156,E_w156,20,0.11482329755665138,0,0.3750389961673291,0,-80.12871352613773,0,1.0515808392090613,0,0
E,157,E_w157,20,0.07367637142359112,0,0.38207107214374547,0,-74.58238382612262,0,1.1061049787973445,0,0
E,158,E_w158,20,0.07005136571521033,0,0.3703303920712778,0,-82.62854781507419,0,1.0372132753622396,0,0
E,159,E_w159,20,0.047602606442006104,0,0.3764614043527479,0,-76.85936997694148,0,1.0565449125728075,0,0
E,160,E_w160,20,0.055013678267187664,0,0.37690392894358116,0,-77.6662465254874,0,1.0165837909390245,0,0
E,161,E_w161,20,0.07717339594236855,0,0.36937240111820047,0,-82.04780330776785,0,1.0248607137897814,0,0
E,162,E_w162,20,0.08600842501419007,0,0.37675574677787826,0,-82.69770754412725,0,1.0603083814822392,0,0
E,163,E_w163,20,0.09871484413546276,0,0.3713658025900403,0,-85.75678491455652,0,1.0119618752536588,0,0
E,164,E_w164,20,0.09113416638635406,0,0.3735926666026273,0,-81.66327262514845,0,1.0231331411216473,0,0
E,165,E_w165,20,0.09782742657916574,0,0.38167643531158013,0,-77.57182771430445,0,1.083780869844029,0,0
E,166,E_w166,20,0.11395489788681959,0,0.39453634389488584,0,-76.8756198295987,0,1.09857205258958,0,0
E,167,E_w167,20,0.08554108746583655,0,0.37896517689934783,0,-73.31415958247096,0,1.1138799022524484,0,0
E,168,E_w168,20,0.09616892306210781,0,0.36789862277501445,0,-82.90396175257736,0,1.0316022141550985,0,0
E,169,E_w169,20,0.09473393110498275,0,0.36685650472496617,0,-82.00683786857941,0,1.023363876348874,0,0
E,170,E_w170,20,0.10522472250547424,0,0.36879108592942006,0,-91.42325798395862,0,1.0134422046445974,0,0
E,171,E_w171,20,0.10143007042311679,0,0.3689794368154515,0,-88.65562126082271,0,1.0235610099273103,0,0
E,172,E_w172,20,0.11006185306583045,0,0.37154674690227185,0,-85.82305818446842,0,1.019683922628437,0,0
E,173,E_w173,20,0.11898710592010482,0,0.37879206617460714,0,-80.23934947227738,0,1.0289179392755214,0,0
E,174,E_w174,20,0.13276540813058937,0,0.3965536393421653,0,-71.27254369921893,0,1.0859919347598688,0,0
E,175,E_w175,20,0.11431071063181954,0,0.3816508907009374,0,-77.38662218572986,0,1.055958715795711,0,0
E,176,E_w176,20,0.1184619509118032,0,0.37690057134238003,0,-82.10331601204622,0,1.0016504562951074,0,0
E,177,E_w177,20,0.12077309901179163,0,0.3750982624246211,0,-84.11935001014152,0,1.002739392820736,0,0
E,178,E_w178,20,0.11363536263228918,0,0.37538267768209205,0,-78.16843628995062,0,1.0321354539078742,0,0
E,179,E_w179,20,0.10677122315200226,0,0.37149807013786323,0,-80.62670413496274,0,1.0221497048419566,0,0
E,180,E_w180,20,0.10428862880331394,0,0.39476875248879456,0,-62.27761924077985,0,1.1301744084277774,0,0
E,181,E_w181,20,0.08651639217277567,0,0.37348119810990743,0,-75.63478985006407,0,1.017637741829985,0,0
E,182,E_w182,20,0.06788274217663223,0,0.38054880472908476,0,-69.61919145100401,0,1.0597570375978071,0,0
E,183,E_w183,20,0.08879327777654847,0,0.37862360408998114,0,-71.86852944196556,0,1.0399634170711327,0,0
E,184,E_w184,20,0.06736287663754745,0,0.38058630800271726,0,-64.65844089394197,0,1.0710542093750852,0,0
E,185,E_w185,20,0.07259058191752026,0,0.3736634990088934,0,-78.75266175543798,0,0.9866578534611096,0,0
E,186,E_w186,20,0.08866772466192699,0,0.3871787518966785,0,-71.63434275930823,0,1.056576812695097,0,0
E,187,E_w187,20,0.370290012702071,1,0.5418002157489967,1,-3.392565664329254,1,2.5769201298506026,1,1
E,188,E_w188,20,0.09879406867553009,0,0.38699326265386025,0,-72.76682626356711,0,1.0808860182182323,0,0
E,189,E_w189,20,0.08934664280795408,0,0.3947686841564743,0,-63.91127480517741,0,1.124765394638962,0,0
E,190,E_w190,20,0.1136819485499572,0,0.4119980109011516,1,-56.417669597682924,1,1.2802845794425952,1,0
E,191,E_w191,20,0.10612388921072696,0,0.37666151168051354,0,-77.00336422936275,0,1.0190405385555354,0,0
E,192,E_w192,20,0.09044881719371835,0,0.39571166170345995,0,-67.93798037881133,0,1.0506923429489141,0,0
E,193,E_w193,20,0.08722497814588809,1,0.4628318635757886,1,-22.696597723759737,1,1.2552659555638574,1,1
E,194,E_w194,20,0.0811488435269205,0,0.39203199214713486,0,-72.23917508366326,0,1.0369320009862417,0,0
E,195,E_w195,20,0.06647409853287693,0,0.3874422485067696,0,-67.80805001958869,0,1.054668011179833,0,0
E,196,E_w196,20,0.10304395972818726,0,0.3758391842357352,0,-81.05674367273137,0,1.02607038046129,0,0
E,197,E_w197,20,0.09731193039318975,0,0.3823125996306385,0,-76.44773508887623,0,1.0678975554479044,0,0
E,198,E_w198,20,0.10988560986668422,0,0.3819412580642927,0,-73.14138754790416,0,1.0291057026609534,0,0
E,199,E_w199,20,0.12051095648321393,0,0.3802298665488783,0,-77.12362681248852,0,1.0502717281329204,0,0
E,200,E_w200,20,0.19575211913170493,0,0.4474392991215131,0,-64.86727277514599,1,1.374798253076057,0,0
E,201,E_w201,20,0.11881330836695228,0,0.37612026961968653,0,-82.52728182157041,0,1.043848169679381,0,0
E,202,E_w202,20,0.09809923017815415,0,0.36609459720743903,0,-80.26184135695497,0,0.9869582787494617,0,0
E,203,E_w203,20,0.09763990109989867,0,0.3721376395636807,0,-75.66744935309674,0,0.9882200124295689,0,0
E,204,E_w204,20,0.11406496008966703,0,0.3820543129209615,0,-78.33440040025086,0,1.0046505788080984,0,0
E,205,E_w205,20,0.10262715025362246,0,0.3766527284329012,0,-77.66886036265335,0,0.9830600980358458,0,0
E,206,E_w206,20,0.10850621500727446,0,0.3660178136863968,0,-84.63880937921108,0,0.9729928728608574,0,0
E,207,E_w207,20,0.10037663487715676,0,0.3704656155649352,0,-82.30879829819199,0,0.9797920420191496,0,0
E,208,E_w208,20,0.11724962433466295,0,0.37921337669750516,0,-78.26090407411799,0,1.0817769934591037,0,0
E,209,E_w209,20,0.09393728770646272,0,0.38046045095579506,0,-71.4479187954605,0,1.028932241705668,0,0
E,210,E_w210,20,0.08332342218277419,0,0.37156257276307697,0,-80.77363226173466,0,1.014285852048348,0,0
E,211,E_w211,20,0.08383047749444786,0,0.36923509922008985,0,-76.81580923477763,0,0.9994095646690462,0,0
E,212,E_w212,20,0.06430156054092272,0,0.3747590688614939,0,-73.55527405976757,0,1.0057144943243668,0,0
E,213,E_w213,20,0.08015043532993063,0,0.41330108140851135,0,-74.3576695586044,0,1.076614331448992,0,0
E,214,E_w214,20,0.07516610486579521,0,0.3824373859831945,0,-79.25131815695717,0,0.9960927452851447,0,0
E,215,E_w215,20,0.07777307486424817,0,0.37376795087010645,0,-79.34400280764173,0,0.9973184310729595,0,0
E,216,E_w216,20,0.07511410661712394,0,0.3715970183369937,0,-80.1508176668371,0,0.9935707208948025,0,0
E,217,E_w217,20,0.07786257429377906,0,0.37917616226193335,0,-77.60147104826102,0,1.017629029361041,0,0
E,218,E_w218,20,0.08405117600396948,0,0.367855266311859,0,-81.7042891838144,0,0.9966806573180658,0,0
E,219,E_w219,20,0.10671611930223526,0,0.36874987608837917,0,-85.30855135789484,0,1.008361178264813,0,0
E,220,E_w220,20,0.1145130079266986,0,0.3680544529745799,0,-78.7315766395577,0,1.0156583122167613,0,0
E,221,E_w221,20,0.1297485528627308,0,0.3933954709395323,0,-80.47972328609987,0,1.0587407218039429,0,0
E,222,E_w222,20,0.13944463762620246,0,0.39289310691967855,0,-72.34733266248972,0,1.053544971729622,0,0
E,223,E_w223,20,0.13788825218574152,0,0.4006380377758679,0,-78.42312819501093,0,1.0421693761764164,0,0
E,224,E_w224,20,0.12429369684998849,0,0.41424705730503886,0,-75.32464090560461,0,1.050456357838116,0,0
E,225,E_w225,20,0.1095261495580168,0,0.3837208689785,0,-83.40038810826306,0,1.051592664407083,0,0
E,226,E_w226,20,0.09668708542998257,0,0.373599695840032,0,-82.59305791297193,0,0.987375995503518,0,0
E,227,E_w227,20,0.10159200770448633,0,0.3758400092403294,0,-78.42879307636814,0,0.9948530367428032,0,0
E,228,E_w228,20,0.1430944799524881,0,0.39420624409615074,0,-77.64755770433172,0,1.0650072095912764,0,0
E,229,E_w229,20,0.11266021438147643,0,0.41865826936971945,0,-69.81956857743427,0,1.058725473831707,0,0
E,230,E_w230,20,0.08916824701103841,0,0.4452561396683921,0,-63.27066814646695,0,1.0809975929120155,0,0
E,231,E_w231,20,0.10348195649492291,0,0.39812152401162587,0,-77.38612526810215,0,1.025360391307769,0,0
E,232,E_w232,20,0.13877189963316647,0,0.3937365478589565,0,-76.79242233827578,0,1.070954986043056,0,0
E,233,E_w233,20,0.1399420789786112,1,0.4653510817416428,1,-55.47322100701253,1,1.3036134437625542,1,1
E,234,E_w234,20,0.12624599091545335,0,0.4514015694708875,1,-49.23218184709392,1,1.3483253539376203,1,0
E,235,E_w235,20,0.09064360262206239,0,0.3954999242749641,0,-70.83771339761101,0,1.0340760788558934,0,0
E,236,E_w236,20,0.0819377404896806,0,0.3912269765413383,0,-75.03038527737941,0,1.0401238730274358,0,0
E,237,E_w237,20,0.09238669534470142,0,0.38470354704459675,0,-70.37011529479875,0,1.0103082195496336,0,0
E,238,E_w238,20,0.10752785753968759,0,0.38936812937281934,0,-78.17971272220929,0,1.0260228848967639,0,0
E,239,E_w239,20,0.11622942008724702,0,0.3971764425509042,0,-81.88429127993038,0,1.0584670873812232,0,0
E,240,E_w240,20,0.11893638616908807,0,0.420898103391819,0,-61.81950641890368,1,1.1956861702016763,0,0
E,241,E_w241,20,0.11796272454122587,0,0.4117940985995604,0,-72.35470537820923,0,1.1232495187695994,0,0
E,242,E_w242,20,0.11363840189559636,0,0.42938587875821743,0,-69.78217999663728,0,1.0587640006161396,0,0
E,243,E_w243,20,0.08101609923377937,0,0.40184995007801877,0,-74.04599468452365,0,1.0243688282707963,0,0
E,244,E_w244,20,0.09029941484188518,0,0.4175997886973483,0,-75.3631568557296,0,1.0329906336201045,0,0
E,245,E_w245,20,0.08729648215437838,0,0.42210472182325065,0,-63.010156651748304,0,1.1180926689588024,0,0
E,246,E_w246,20,0.06806325943618101,0,0.40898880915780345,0,-69.85835448724241,0,1.0577134022272625,0,0
E,247,E_w247,20,0.06371464120696457,0,0.45325494745100214,1,-47.31266017166029,1,1.3359077797177343,1,0
E,248,E_w248,20,0.060361645942104726,1,0.4642498644935564,1,-46.71791040958322,1,1.2854198210895396,1,1
E,249,E_w249,20,0.06905055621352857,0,0.4382598706924179,0,-57.02997111289232,0,1.119614999902046,0,0
E,250,E_w250,20,0.08270433642761477,0,0.4213175672140924,0,-61.27219409276275,0,1.1036020450895958,0,0
E,251,E_w251,20,0.12319899786237398,0,0.4479432675900847,0,-58.719938830706155,0,1.1032402938619714,0,0
E,252,E_w252,20,0.1222256565547686,0,0.44297355926793025,0,-56.54231267188433,0,1.0991075705430489,0,0
E,253,E_w253,20,0.08227007765727623,0,0.4319700558536687,0,-70.13438914143148,0,1.0274576017530679,0,0
E,254,E_w254,20,0.08717348078493413,0,0.43310738870345145,0,-64.51757308662393,0,1.0316358821154434,0,0
E,255,E_w255,20,0.07639585116320831,0,0.42088476329283,0,-56.85083942780889,0,1.0796430574914315,0,0
E,256,E_w256,20,0.08061105817637544,0,0.4372130024085156,0,-57.96184303508579,0,1.0216024863782744,0,0
E,257,E_w257,20,0.08737708582574276,0,0.4143666501393351,0,-66.22049085418806,0,1.0559274824939127,0,0
E,258,E_w258,20,0.07330374988067252,0,0.4089814789000757,0,-71.77789669307485,0,1.0251896294343188,0,0
E,259,E_w259,20,0.09331306000373489,0,0.4480408067452525,0,-62.682138294201394,0,1.0895839100447364,0,0
E,260,E_w260,20,0.13687545431091114,0,0.4391484483921416,0,-68.08921233182798,1,1.2060851520479108,0,0
E,261,E_w261,20,0.15312063185053626,0,0.42303851445800106,0,-69.61947769665977,0,1.143516086344736,0,0
E,262,E_w262,20,0.13206597567498446,0,0.40936783677339245,0,-65.8432838815156,0,1.144766532742602,0,0
E,263,E_w263,20,0.12253564256034938,0,0.408207975447507,0,-63.80930067616961,0,1.1123480880334307,0,0
E,264,E_w264,20,0.09895555972873762,0,0.3854502885950282,0,-72.07639753994464,0,1.0384640618594367,0,0
E,265,E_w265,20,0.09015590411367914,0,0.37990386627286643,0,-68.82378743797742,0,1.0258861006055402,0,0
E,266,E_w266,20,0.07965064790309694,0,0.3804787479438684,0,-67.35955085465373,0,1.0296488965501647,0,0
E,267,E_w267,20,0.08821867689589007,0,0.3822958233006949,0,-71.60994462006519,0,1.0729309065218844,0,0
E,268,E_w268,20,0.10901363234942939,0,0.3942787128629039,0,-71.33934562409928,0,1.015301687847783,0,0
E,269,E_w269,20,0.11940862233089669,0,0.39083542031676627,0,-72.13251911951582,0,1.023791641154075,0,0
E,270,E_w270,20,0.1204994141691203,0,0.40635096257513453,0,-64.33497899346527,0,1.0818819404939464,0,0
E,271,E_w271,20,0.10316621746331164,0,0.38615023604239596,0,-72.83961985249981,0,1.0075579837873034,0,0
E,272,E_w272,20,0.10712522452744455,0,0.3748680106448386,0,-72.56612181416902,0,1.0449338181751344,0,0
E,273,E_w273,20,0.15694977772422955,0,0.4021802379799758,0,-79.70666743828058,0,1.1286410347345586,0,0
E,274,E_w274,20,0.20756913626123016,0,0.45269141255514195,0,-58.49256860982119,1,1.2571075442078417,0,0
E,275,E_w275,20,0.1201419723145633,0,0.39640738217768945,0,-73.3048762663094,0,1.0777063644860843,0,0
E,276,E_w276,20,0.09857965053856341,0,0.38360899401320697,0,-77.56877776322492,0,1.041630091634635,0,0
E,277,E_w277,20,0.14644176098465664,0,0.38307077791928884,0,-81.88637199060045,0,1.0533493677830337,0,0
E,278,E_w278,20,0.1140402781515165,0,0.371698233847836,0,-82.65652297879214,0,0.9805711844235988,0,0
E,279,E_w279,20,0.10329550602980406,0,0.38703638987701394,0,-68.3861047731593,0,1.0564365190614993,0,0
E,280,E_w280,20,0.08593279402605576,0,0.3797002492843743,0,-75.64384659069859,0,1.0017592961081636,0,0
E,281,E_w281,20,0.13533517795269479,0,0.40632919265435724,0,-76.55936422559093,1,1.1781178969627546,0,0
E,282,E_w282,20,0.09586316685677727,0,0.3931510232218407,0,-75.76488890525678,1,1.2309571424969974,0,0
E,283,E_w283,20,0.1655491444138473,0,0.44460525357294334,0,-64.52896390508907,1,1.3030377577324745,0,0
E,284,E_w284,20,0.06794112623937064,0,0.41375191461920857,0,-72.62964143839973,0,1.0487239163726076,0,0
E,285,E_w285,20,0.07005566704969986,0,0.3890011789469658,0,-74.95981134418247,0,1.0048490114908322,0,0
E,286,E_w286,20,0.0993736438379212,0,0.4138830035429544,0,-66.02880387865453,0,1.103401885528161,0,0
E,287,E_w287,20,0.10692450127473872,0,0.4004167358586063,0,-76.4241564493358,0,1.0304321574824176,0,0
E,288,E_w288,20,0.10183923554431205,0,0.3973779557667676,0,-73.03805185186496,0,1.0105586949632106,0,0
E,289,E_w289,20,0.1235821296698148,0,0.40222311425827195,0,-69.61548005013493,0,1.0865207765035652,0,0
E,290,E_w290,20,0.15536568681736387,0,0.44344923414587456,0,-69.50534281877415,0,1.091631454916806,0,0
E,291,E_w291,20,0.13211410545823166,0,0.42365174463182004,0,-78.75870106530887,0,1.1055676590722867,0,0
E,292,E_w292,20,0.16147886558729543,0,0.4347506742598539,0,-68.23809096608535,1,1.2850422112265008,0,0
E,293,E_w293,20,0.13973169800297436,0,0.40268055750187254,0,-74.26407269236972,0,1.1342398483545186,0,0
E,294,E_w294,20,0.11804298281454399,0,0.37269941309215093,0,-87.03964585488548,0,1.0098182012829562,0,0
E,295,E_w295,20,0.1028003546077164,0,0.40175430938560125,0,-63.10232802407474,1,1.1829461492754128,0,0
E,296,E_w296,20,0.1092316351740097,0,0.37906922763600426,0,-76.54194094508031,0,1.07672589611854,0,0
E,297,E_w297,20,0.1358274219471226,0,0.39825702869308954,0,-77.103319529873,0,1.1163283116066076,0,0
E,298,E_w298,20,0.10370453074550559,0,0.3688906785270632,0,-90.26061261846704,0,0.9923850805721733,0,0
E,299,E_w299,20,0.14449989155396237,0,0.3821977798034099,0,-86.09239878720811,0,1.0325533239934634,0,0
E,300,E_w300,20,0.09574327901838992,0,0.3718935352896796,0,-81.17246177690787,0,1.0122139176249985,0,0
E,301,E_w301,20,0.11199179276589061,0,0.3837009069251287,0,-80.63431670548366,0,1.096215029366349,0,0
E,302,E_w302,20,0.08553964763067655,0,0.4012779369035997,0,-70.07953908134378,0,1.0784509561003046,0,0
E,303,E_w303,20,0.09496215764840238,0,0.3875300264300818,0,-74.76719850060682,0,1.040563373416871,0,0
E,304,E_w304,20,0.10417504414433107,0,0.41178340244183514,0,-63.76793138244975,0,1.1163075744700346,0,0
E,305,E_w305,20,0.07688572040958151,0,0.3818925741026556,0,-70.41207260729749,0,1.1137243793968978,0,0
E,306,E_w306,20,0.1004311488011763,0,0.39274217134492445,0,-63.851974313553065,0,1.1681088790528609,0,0
E,307,E_w307,20,0.10922962563752378,0,0.4058966815538374,0,-67.22788434677742,0,1.1630207053209654,0,0
E,308,E_w308,20,0.09186758749768782,0,0.39673025906287096,0,-72.62929446401247,0,1.1486163508744036,0,0
E,309,E_w309,20,0.1263463450962479,0,0.398767695040906,0,-82.5755080638395,0,1.018772771879629,0,0
E,310,E_w310,20,0.16190277067374612,0,0.41172797819964924,0,-67.91401050585938,1,1.2192639390207751,0,0
E,311,E_w311,20,0.10987918158911504,0,0.40764612605335054,0,-74.95383278190147,0,1.1131097354194412,0,0
E,312,E_w312,20,0.08374039094420349,0,0.37966816204215875,0,-76.95897778644486,0,1.014596167083963,0,0
E,313,E_w313,20,0.09365815860049227,0,0.38563048380788695,0,-76.80802830848518,0,1.0801145539371186,0,0
E,314,E_w314,20,0.09704733503239325,0,0.3660359977977843,0,-87.7956289049505,0,1.0095637432966622,0,0
E,315,E_w315,20,0.09266382240540237,0,0.3991958351285771,0,-73.23412998599389,0,1.0454268275880323,0,0
E,316,E_w316,20,0.16415847523488608,1,0.4740184634257832,1,-53.270287671441075,1,1.2718027542214223,1,1
E,317,E_w317,20,0.2409140491450946,1,0.4567677646368339,1,-53.09848570943138,0,1.1102017470274057,1,0
E,318,E_w318,20,0.20639486646976393,1,0.47199485999534146,0,-62.792634194415086,0,1.0920527445738077,0,0
E,319,E_w319,20,0.1584296853382292,0,0.4234619948372118,0,-70.44598176952152,0,1.0815226154032336,0,0
E,320,E_w320,20,0.18785980837944463,0,0.4038987760932496,0,-86.23664049781682,0,1.049684277504353,0,0
E,321,E_w321,20,0.2238468811021442,0,0.41963003241583186,0,-86.94483941181603,0,1.1024554317542894,0,0
E,322,E_w322,20,0.23271599797151227,0,0.44067008132248897,0,-74.05677695244681,0,1.0028753041947958,0,0
E,323,E_w323,20,0.20980990849899586,0,0.4253291516546782,0,-74.33524509196167,0,1.0815027774239638,0,0
E,324,E_w324,20,0.322880531645155,1,0.5448997131557681,1,-25.096393483471235,1,1.3122943999687182,1,1
E,325,E_w325,20,0.3546263383911335,1,0.4996959387558806,1,-42.86567915268412,0,1.1003370389504308,1,0
E,326,E_w326,20,0.21320162026442932,0,0.4269921344279717,0,-77.52735376431478,0,1.1685749848255205,0,0
E,327,E_w327,17,0.0732761864093694,0,0.41087026894943757,0,-68.73587308803737,0,1.0939872699744189,0,0
E,328,E_w328,15,0.07629379423483956,0,0.380285076745547,0,-79.56613185298119,0,1.0158153853327416,0,0
E,329,E_w329,15,0.07289358919041516,0,0.39591873728953353,0,-73.88093796423534,0,1.0619682864131639,0,0
E,330,E_w330,15,0.07471875182036729,0,0.4033031103073413,0,-79.1131263503612,0,1.0839780117917133,0,0
E,331,E_w331,15,0.08592635009044532,0,0.4051193905557334,0,-77.40168617432396,0,1.0713934419555606,0,0
E,332,E_w332,15,0.10126688990243998,0,0.37912803774223525,0,-82.66510857709304,0,1.0060565053590502,0,0
E,333,E_w333,15,0.11963991492452045,0,0.39829956670770866,0,-78.4662580092652,0,1.1025109015814383,0,0
E,334,E_w334,15,0.09973959902738914,0,0.3752989570909926,0,-85.21157676412557,0,0.986293368801857,0,0
E,335,E_w335,15,0.10313444169448413,0,0.37991238078829576,0,-80.43057171634419,0,1.044121269604246,0,0
E,336,E_w336,15,0.1431730546072935,0,0.4205592084646962,0,-59.239685046790164,1,1.2409336205247856,0,0
E,337,E_w337,15,0.09495229121204185,0,0.3735475371952171,0,-88.29045898116333,0,1.0318129377931664,0,0
E,338,E_w338,15,0.11454008822635917,0,0.3733783104070786,0,-84.35444074697244,0,1.0162326877092176,0,0
E,339,E_w339,15,0.14282119898818504,0,0.386102793929598,0,-83.55602779861101,0,1.0341422485035099,0,0
E,340,E_w340,15,0.12904920333180223,0,0.367685328550156,0,-90.58768571450227,0,0.9962634403513765,0,0
E,341,E_w341,15,0.09185860905159317,0,0.3755190036096449,0,-85.98471351295089,0,0.9968435842572849,0,0
E,342,E_w342,15,0.09288521752134786,0,0.3731875939418131,0,-87.12601350015413,0,0.9980797477737472,0,0
E,343,E_w343,15,0.12884584915317482,0,0.38267692228134964,0,-85.5374055208058,0,1.0174873839332608,0,0
E,344,E_w344,15,0.10409210092402593,0,0.37714376722143783,0,-89.11203391201938,0,1.0084067170373205,0,0
E,345,E_w345,15,0.09114192680089321,0,0.3764412412088181,0,-86.84257849813203,0,1.0093170469770667,0,0
E,346,E_w346,15,0.10252532605975515,0,0.38399380658491605,0,-77.18617858171241,0,1.0111697532692818,0,0
E,347,E_w347,15,0.10247798495034253,0,0.3831378464348571,0,-82.05482032283138,0,1.0037098562192184,0,0
E,348,E_w348,15,0.11692306351353504,0,0.3751985307610341,0,-85.58851696655931,0,1.0226011319889559,0,0
E,349,E_w349,15,0.12337174189207506,0,0.3667284582404312,0,-86.76762931643448,0,1.0012547094352364,0,0
E,350,E_w350,15,0.11424767053191202,0,0.3818091080311753,0,-83.25281499953292,0,1.030701414839132,0,0
E,351,E_w351,15,0.10520801898768381,0,0.3818291723443233,0,-83.1142308432406,0,0.999667060377035,0,0
E,352,E_w352,15,0.09634216532304611,0,0.3936266781475355,0,-83.42076131743788,0,1.0101628803701046,0,0
E,353,E_w353,15,0.08166424647092413,0,0.3885619625323668,0,-84.35894243119402,0,1.0161975669074312,0,0
E,354,E_w354,15,0.2794682059019535,1,0.4980141059889005,1,-43.9461971083481,0,1.0561566783666494,1,0
E,355,E_w355,15,0.31140773265567256,1,0.5040301631058504,1,-44.21987029898908,0,1.0778141922586026,1,0
E,356,E_w356,15,0.08331409108691651,0,0.384731037074503,0,-73.58512966545285,0,1.0814178268651178,0,0
E,357,E_w357,15,0.06962971285490398,0,0.3705984767137612,0,-84.924565376278,0,0.9957285403988436,0,0
E,358,E_w358,15,0.07977923531403937,0,0.3757503273142933,0,-87.31790913775912,0,1.0001054724356555,0,0
E,359,E_w359,15,0.10180557280865817,0,0.4007193787767578,0,-70.08800886985738,0,1.1500454000255456,0,0
E,360,E_w360,15,0.10768701753637273,0,0.41138666796791157,0,-74.44956926117331,0,0.9899187651328955,0,0
E,361,E_w361,15,0.1259616669384057,0,0.454051266207568,0,-63.09894286582993,0,1.0711859146753566,0,0
E,362,E_w362,15,0.15743856230113015,0,0.4076942153463727,0,-85.42511661343589,0,1.1014133867576386,0,0
E,363,E_w363,15,0.15059374530901262,0,0.38593989282480473,0,-84.69169252046193,0,1.0561087831555593,0,0
E,364,E_w364,15,0.11205472132645596,0,0.3981993292134014,0,-75.45689768820041,0,1.0874938172032091,0,0
E,365,E_w365,15,0.17425799155334099,0,0.45254497925189857,0,-69.2995771390603,0,1.1035139767019144,0,0
E,366,E_w366,15,0.12542912690338487,0,0.37917303369788535,0,-90.63480632918707,0,1.021702305646813,0,0
E,367,E_w367,15,0.1044171613844427,0,0.37539318237844993,0,-84.60690458341617,0,1.0163829224329473,0,0
E,368,E_w368,15,0.14943708739199058,0,0.4047690888061575,0,-82.41567128498141,0,1.072679022438531,0,0
E,369,E_w369,15,0.1515306011498441,1,0.4611053696352149,0,-69.91637535382408,0,1.0637840372582268,0,0
E,370,E_w370,15,0.08448326990301505,0,0.4041666612607162,0,-70.64647034092069,0,1.0916075457178647,0,0
E,371,E_w371,15,0.13826625608688517,0,0.3790191177352472,0,-96.01281139091199,0,1.0652317556246862,0,0
E,372,E_w372,15,0.2506619326718061,1,0.4550625500430464,0,-59.34653859083619,1,1.1936935481214235,1,0
E,373,E_w373,15,0.18881014792000517,1,0.46071516299582105,0,-72.8824247860718,1,1.2455949505711668,1,0
E,374,E_w374,15,0.14711305593596025,0,0.4235343189381007,0,-78.24497948525143,0,1.0858888442274202,0,0
E,375,E_w375,15,0.18451816188833325,0,0.40633332053781146,0,-87.15325464511609,0,1.0860778523683616,0,0
E,376,E_w376,15,0.30323403665390425,1,0.47555124475208604,0,-59.07113881635012,0,1.1160239953188564,0,0
E,377,E_w377,15,0.41888964303414294,1,0.4981733808019194,1,-29.02916949481534,0,1.165677667755516,1,0
E,378,E_w378,15,0.4004524776313084,1,0.5291150405877069,1,-26.682674982074378,1,1.2196884992252457,1,1
E,379,E_w379,15,0.4573136058510151,1,0.5527393337201706,1,-14.044436149511093,1,1.34759389339338,1,1
E,380,E_w380,15,0.48036886637089965,1,0.5193579514078983,1,-19.06606251169616,1,1.303547309900108,1,1
E,381,E_w381,15,0.27713240207212264,1,0.4875830572813567,1,-48.786080791677854,1,1.1795994514005428,1,1
E,382,E_w382,15,0.233620393655316,1,0.49234472382745814,1,-50.30419076286523,1,1.4216677318641724,1,1
E,383,E_w383,15,0.19042916892156198,0,0.4280309709994245,0,-65.80386994059617,1,1.2867582163543259,0,0
E,384,E_w384,15,0.3474333799458601,1,0.516185607021861,1,-38.21134572730143,1,1.296268012968928,1,1
E,385,E_w385,15,0.35619543111687096,1,0.5087569954748012,1,-43.05436506392187,1,1.239684476223864,1,1
E,386,E_w386,15,0.20867876724873427,0,0.4355612474192312,0,-73.23743604683744,1,1.2803436852914352,0,0
E,387,E_w387,15,0.18948160046405185,0,0.4267918342868817,0,-67.16183185076373,1,1.235905067482287,0,0
E,388,E_w388,15,0.2037135470334284,0,0.4338743883031067,0,-67.38995487330486,1,1.360443081610442,0,0
E,389,E_w389,10,0.17559134626297215,0,0.4493317451077561,1,-56.3951671165479,1,1.366296072811229,1,0
E,390,E_w390,10,0.14003106822665545,0,0.41548142636714386,0,-56.41782995328686,1,1.2992983794192319,0,0
E,391,E_w391,10,0.1531165080680338,1,0.4556495097892299,1,-36.223019410410934,1,1.7812670880257668,1,1
E,392,E_w392,10,0.5062554473028725,1,0.5717507572542413,1,-11.022316836934465,1,1.5075532632359054,1,1
E,393,E_w393,10,0.32819141002571084,1,0.5289283322270006,1,-35.419806250627914,1,1.5548271008693502,1,1
E,394,E_w394,10,0.10537469588367318,0,0.41987445129748485,0,-60.26117719276373,1,1.3272995768066183,0,0
E,395,E_w395,10,0.12491178563828306,0,0.3888776554623095,0,-74.44171560002344,0,1.0984385940537926,0,0
E,396,E_w396,10,0.1868666453978656,0,0.4354521156326999,0,-77.30171096368186,0,1.035591465156895,0,0
E,397,E_w397,10,0.14594260125285316,0,0.4164130032830794,0,-82.46081078522904,0,1.0328720673365026,0,0
E,398,E_w398,10,0.12470583951047441,0,0.392855472819689,0,-82.70359578512384,0,1.08468767878139,0,0
E,399,E_w399,10,0.08077702466220373,0,0.3737716790316594,0,-86.59637306229678,0,1.0111983380182406,0,0
E,400,E_w400,10,0.04999772267421997,0,0.404492189388238,0,-71.21180779251817,0,1.089609130297132,0,0
E,401,E_w401,10,0.08485378120619085,0,0.3890651462883044,0,-78.81358243458392,0,1.034756123346987,0,0
E,402,E_w402,10,0.10925855476696907,0,0.3785253337437732,0,-90.25663302697154,0,1.0982926627609593,0,0
E,403,E_w403,10,0.1677727937951336,0,0.3997889056796097,0,-93.95273227230986,0,1.0558274337917268,0,0
E,404,E_w404,10,0.0880840693409452,0,0.3826874017944388,0,-80.52945755146698,0,1.0631350571833817,0,0
E,405,E_w405,10,0.07207033426915176,0,0.3914356901575167,0,-73.18535717839961,0,1.1647052679909218,0,0
E,406,E_w406,10,0.21721639359282618,0,0.4460445264812382,0,-67.58139924830581,0,1.1266760864965646,0,0
E,407,E_w407,10,0.18292230012387747,0,0.419636391361785,0,-81.21996384863348,0,1.0772255077624189,0,0
E,408,E_w408,10,0.132211799875416,0,0.4024838666818232,0,-84.3283034835129,0,1.0959385551549963,0,0
E,409,E_w409,10,0.18729560376878346,0,0.43200034083260935,0,-70.28265322287155,1,1.2015670024744434,0,0
E,410,E_w410,10,0.05407549266861573,0,0.3691694216008015,0,-84.44300654172307,0,1.0008381497928103,0,0
E,411,E_w411,10,0.21700824788037368,0,0.436705621866564,0,-79.51437405700578,0,1.1017039367626367,0,0
E,412,E_w412,10,0.21707283611357323,0,0.4110275443111768,0,-70.97899214624223,1,1.238191624403843,0,0
E,413,E_w413,10,0.08028208171735757,0,0.38008037755662927,0,-79.81078316154056,0,1.0290215664931281,0,0
E,414,E_w414,10,0.09369954718498431,0,0.39160922321742064,0,-76.98160392399467,0,1.0400734599100463,0,0
E,415,E_w415,10,0.1033310982921996,0,0.4162551041346109,0,-56.42539908947445,1,1.2255266063424413,0,0
E,416,E_w416,6,0.100311460189838,0,0.4218407867544999,1,-51.11798033007864,1,1.4620429819660725,1,0
E,417,E_w417,5,0.03645417358503972,0,0.3952841425795586,0,-72.45829981309802,0,1.0825724522107951,0,0
E,418,E_w418,5,0.03811926401614668,1,0.4956686964584396,1,-12.478553425588984,1,1.3000435386790163,1,1
E,419,E_w419,5,0.0275106660864267,1,0.46458870711555283,1,-48.81481504674758,1,1.2912402918576256,1,1
E,420,E_w420,5,0.03512534347387102,1,0.47307448299549193,1,-27.20527076049331,1,1.3038777254475267,1,1
E,421,E_w421,5,0.05601443051465478,1,0.5328136976759471,1,-8.317905126658744,1,1.3795520533102894,1,1
E,422,E_w422,5,0.020471548266904897,1,0.48470680089437185,1,-27.27331266496249,1,1.434887198201091,1,1
E,423,E_w423,5,0.07122432545715161,0,0.40572195081755424,0,-64.01123529740843,0,1.0604223022943151,0,0
E,424,E_w424,5,0.026911094945453365,0,0.4271857352171897,0,-56.55171518010218,0,1.1485508378519549,0,0
E,425,E_w425,5,0.054578143276980864,0,0.397843600024744,0,-70.46607836381757,0,1.1425367493645135,0,0
E,426,E_w426,5,0.02296903168757686,0,0.41868123070506374,0,-60.06649304127961,0,1.1325220237385103,0,0
E,427,E_w427,5,0.05092838044602027,0,0.4163754784895795,0,-61.96193871979863,0,1.112679430761126,0,0
E,428,E_w428,5,0.038097971576029635,0,0.4124366182119414,0,-72.36218166167913,0,1.0075308736161617,0,0
E,429,E_w429,5,0.002437492104172237,0,0.4321127624072856,0,-60.22494033768256,0,1.0524215242442412,0,0
E,430,E_w430,5,0.02133034370605344,0,0.4032029945408133,0,-70.14586772603685,0,1.0680906802327461,0,0
E,431,E_w431,5,0.037658887517107935,0,0.40604866101787007,0,-64.94693752643143,0,1.1337436076081655,0,0
E,432,E_w432,5,0.020702479905970097,0,0.4124089628676703,0,-65.21754902175584,0,1.056724220142187,0,0
E,433,E_w433,5,0.011473725948570056,0,0.42816198879632617,0,-63.72879979429536,0,1.0430561631002453,0,0
E,434,E_w434,5,0.007362186358813863,0,0.42884638776012135,0,-59.681220321458724,0,1.094006241312626,0,0
E,435,E_w435,5,0.029782228457415832,0,0.4003797769340451,0,-68.82253187957032,0,1.1044249244064306,0,0
E,436,E_w436,5,0.05194800623478519,0,0.3998141563414276,0,-69.94609019106699,0,1.0639487360347306,0,0
E,437,E_w437,5,0.011541683826424318,0,0.4141726111659102,0,-68.33402646147955,0,1.0285424410102413,0,0
E,438,E_w438,5,0.01617334052089396,0,0.410000089188323,0,-73.7924281748356,0,0.9639735819050965,0,0
E,439,E_w439,5,0.011446601311344605,0,0.42683611725669346,0,-60.00214484655537,0,1.0413310270873248,0,0
E,440,E_w440,5,0.004919157555517866,0,0.4117461155658917,0,-61.8044181304424,0,1.0062527830916377,0,0
E,441,E_w441,5,0.025714051179204125,0,0.41471989357759703,0,-60.02349694482825,0,1.1135228284743484,0,0
E,442,E_w442,5,0.025517399281628713,0,0.39640672352530526,0,-70.99040321229312,0,1.0293211027207227,0,0
E,443,E_w443,5,0.04162261701044488,0,0.3990276550861761,0,-69.11323276226607,0,1.0600166405382967,0,0
E,444,E_w444,5,0.006894005214857868,0,0.4212856390189163,0,-59.731570962524394,0,1.0641392357853643,0,0
E,445,E_w445,5,0.00493672266160226,0,0.41758578517525785,0,-62.66850546034814,0,0.9986599138877301,0,0
E,446,E_w446,5,0.01758866034361638,0,0.4149801884001372,0,-63.50637183282294,0,1.0289501177414841,0,0
E,447,E_w447,5,0.022523112211595305,0,0.41269879777432117,0,-62.28134277221633,0,1.0227300785541076,0,0
E,448,E_w448,5,0.02005646108942822,0,0.3992296559172096,0,-71.90139889035376,0,1.015957782842468,0,0
E,449,E_w449,5,0.023319484383566288,0,0.39528340091226,0,-75.70873373305781,0,1.0151876161837525,0,0
E,450,E_w450,5,0.03093266642343711,0,0.40018218505481107,0,-72.64949931699232,0,1.0345667764663595,0,0
E,451,E_w451,5,0.02412054211959309,0,0.4060027323673722,0,-66.44961992372816,0,1.0193246139111178,0,0
E,452,E_w452,5,0.010061468299208407,0,0.43020765605539707,0,-57.809669344829935,0,1.078012355610206,0,0
E,453,E_w453,5,0.006657686156262653,0,0.4373794519229371,1,-49.075911933782706,1,1.2213839155559423,1,0
E,454,E_w454,5,0.015021099921974862,0,0.4008113551556661,0,-70.34573174528833,0,1.01082899542982,0,0
E,455,E_w455,5,0.030519451124131403,0,0.41099431824720256,0,-64.67485055246942,0,1.1005791884246625,0,0
E,456,E_w456,5,0.014651187912310482,0,0.4263090747489397,0,-61.15484111880098,0,1.0644654594121408,0,0
E,457,E_w457,5,0.016229770182555066,0,0.43679155817503906,1,-50.400232080609904,1,1.260564428490685,1,0
E,458,E_w458,5,0.03451684248743727,0,0.4000766516602374,0,-70.71539914880825,0,1.0736750028160322,0,0
E,459,E_w459,5,0.03325867257503537,1,0.4576203489053226,1,-34.94289961964446,1,1.2770958637494496,1,1
E,460,E_w460,5,0.03940610668795492,0,0.4061248650039756,0,-66.15194452432526,0,1.0922839606402255,0,0
E,461,E_w461,5,0.01885656586143787,0,0.41204808064845105,0,-73.11949685397015,0,0.995054757316578,0,0
E,462,E_w462,5,0.018834543830551064,0,0.41755404424291664,0,-66.49845362950116,0,1.0370129876113658,0,0
E,463,E_w463,5,0.018259045538601106,0,0.4087037096949494,0,-67.1996842616224,0,0.9911985740480731,0,0
E,464,E_w464,5,0.017072245612288706,0,0.4120438039040084,0,-66.37234432656571,0,1.0647832586377521,0,0
E,465,E_w465,5,0.015733508665336165,0,0.4171791768445139,0,-60.464328721990526,0,1.135828485960176,0,0
E,466,E_w466,5,0.03474724455327234,0,0.3972818529791503,0,-73.42604891042413,0,1.0020302411775939,0,0
E,467,E_w467,5,0.03613618202008583,1,0.4554504552544932,1,-47.030187327958714,0,1.113125630045322,1,0
E,468,E_w468,5,0.029145011126752638,1,0.4571357775488412,1,-24.820486375412084,1,1.3015977619062156,1,1
E,469,E_w469,5,0.04890654876266549,0,0.43071554646651505,0,-59.25484507317131,0,1.1209582791519754,0,0
E,470,E_w470,5,0.05619114423312997,0,0.39311819713406626,0,-69.18836932360378,0,1.0604752136884343,0,0
E,471,E_w471,5,0.008789355319707074,0,0.40983365517010234,0,-67.35065564347093,0,1.0068915115697334,0,0
E,472,E_w472,5,0.02587835898706945,0,0.39409541853007685,0,-75.44339366367402,0,1.003902274078062,0,0
E,473,E_w473,5,0.03561585537653064,0,0.39654776605854064,0,-73.02131148075196,0,1.0531357969189934,0,0
E,474,E_w474,5,0.04179556684663053,0,0.39563766154250357,0,-69.83051153870974,0,1.1049850867923474,0,0
E,475,E_w475,5,0.027902372143998336,0,0.4212629516524424,0,-63.15645089455997,0,1.1485527510108124,0,0
E,476,E_w476,5,0.017844357918774242,0,0.4105257246598885,0,-66.27925908227155,0,1.0343713634864855,0,0
E,477,E_w477,5,0.01211732016604386,0,0.415470168851157,0,-62.14099536899019,0,1.0487143489325137,0,0
E,478,E_w478,5,0.01620951326988649,0,0.41652592028770463,0,-67.26290053436199,0,1.0161905014838468,0,0
E,479,E_w479,5,0.007257779389157891,0,0.42163089023485095,0,-59.90205937589135,0,1.0676766411232401,0,0
E,480,E_w480,5,0.0,0,0.41483890094285647,0,-64.57777143235732,0,0.9695482119380717,0,0
E,481,E_w481,5,0.009818537683616634,0,0.40784095929668324,0,-62.18435983139447,0,1.0656741337044846,0,0
E,482,E_w482,5,0.02366845005127853,0,0.42409556434822376,0,-63.572543921996306,1,1.1932255102708718,0,0
E,483,E_w483,5,0.04427454284169684,0,0.3873403294912264,0,-77.28614250192146,0,1.0325416106204806,0,0
E,484,E_w484,5,0.02856521431867937,0,0.4285796516003563,0,-64.61099095455224,0,1.0791448739797689,0,0
E,485,E_w485,5,0.03759560120860737,0,0.4251843410714893,0,-66.28354275862775,0,1.0535926494687367,0,0
E,486,E_w486,5,0.008229827585450586,0,0.4271907790559992,1,-53.59185559045493,0,1.151848132782309,0,0
E,487,E_w487,5,0.007116040492241339,0,0.4119275126516115,0,-70.00175755517228,0,0.977743652481284,0,0
E,488,E_w488,5,0.010465473178064072,0,0.42187265882964564,0,-64.65993600984893,0,1.0286180031990855,0,0
E,489,E_w489,5,0.0316376020780159,0,0.4192663540056107,0,-57.988015524852656,0,1.169335026199568,0,0
E,490,E_w490,5,0.00789294173950785,0,0.4133993998204925,0,-68.4352793726553,0,1.0096597589462477,0,0
E,491,E_w491,5,0.03385020015433174,0,0.4130973456155363,0,-66.94265491731008,0,1.146280487909815,0,0
E,492,E_w492,5,0.04365321914729007,0,0.3937984198838977,0,-74.32045553365337,0,1.0701077735526818,0,0
E,493,E_w493,5,0.034278005309653234,0,0.40295686694247634,0,-70.32691716228992,0,1.0589492221535401,0,0
E,494,E_w494,5,0.02216407480371644,0,0.4219640481507857,0,-71.22203122527915,0,1.0222635784126803,0,0
E,495,E_w495,5,0.019956595245827675,0,0.4241793467744856,0,-63.93335197210677,0,1.0791743767435922,0,0
E,496,E_w496,5,0.018058739984383336,0,0.4270668037232261,0,-61.18557144221577,0,1.098560634370049,0,0
E,497,E_w497,5,0.06252403394511549,0,0.41100497331907837,0,-67.00197097816648,0,1.0242673612331052,0,0
E,498,E_w498,5,0.05179631291245849,0,0.4111897835721044,0,-67.6330908603463,0,1.0105679376038765,0,0
E,499,E_w499,5,0.02929149387381224,0,0.43097530497669734,0,-61.485114441632696,0,1.063336870887092,0,0
E,500,E_w500,5,0.020341714287793793,0,0.4047882171491924,0,-69.16370783593912,0,1.0283934864037811,0,0
E,501,E_w501,5,0.017235609255849906,0,0.41777172748647184,0,-68.8562864613056,0,1.0307417014556826,0,0
E,502,E_w502,5,0.02689361617457804,0,0.4340298178322963,0,-65.2759838360803,0,1.019049606158002,0,0
E,503,E_w503,5,0.025745268824237603,0,0.4217669508918167,0,-61.88729989089897,0,1.0662995804585487,0,0
E,504,E_w504,5,0.020941634450343954,0,0.4474240519303193,1,-52.38392776139862,1,1.198138617854519,1,0
E,505,E_w505,5,0.03703524134907194,0,0.42563896846690535,0,-65.85469691357945,0,1.0777564769055266,0,0
E,506,E_w506,5,0.025467572984939426,0,0.41551626407081854,0,-62.996409201810955,0,1.0504368249729017,0,0
E,507,E_w507,5,0.03259519935982617,0,0.44233296706480474,0,-59.93351892481386,0,1.043221601500449,0,0
E,508,E_w508,5,0.05556618943792093,1,0.48437386951695954,1,-23.975927522462797,1,1.330386002153287,1,1
E,509,E_w509,5,0.07268446388654132,1,0.480476172804158,1,-21.785054186786354,1,1.6024786963593145,1,1
E,510,E_w510,5,0.018021496332338436,0,0.42114787505193346,1,-56.41760417547132,0,1.1508059558005872,0,0
E,511,E_w511,5,0.039689317189245926,0,0.4154170540012359,0,-67.69059428835577,0,1.1020124063644106,0,0
E,512,E_w512,5,0.07788566333122486,1,0.5032464467532982,1,-17.306802798277182,1,1.219439199013041,1,1
E,513,E_w513,5,0.093398524078866,1,0.5120082809842993,1,-12.021234458649182,1,1.2743428194547528,1,1
E,514,E_w514,5,0.06804731403513965,0,0.39748193652687713,0,-70.74704074934827,1,1.1865244981724754,0,0
E,515,E_w515,5,0.19531787483253135,1,0.4661068509617209,1,-50.67904241568759,0,1.128216942490642,1,0
E,516,E_w516,5,0.19902035921050779,1,0.5305150386779386,1,-20.619548182486746,1,1.7329225659024585,1,1
E,517,E_w517,5,0.10511482196172628,0,0.4082590185620472,0,-73.48625539726217,0,1.026132585605294,0,0
E,518,E_w518,5,0.05337235095753538,1,0.5386296133842248,1,-7.842088775580201,1,1.3634436392406368,1,1
E,519,E_w519,5,0.06540304850704692,0,0.4196674161026339,0,-66.95412069260132,0,1.1199591170418544,0,0
E,520,E_w520,5,0.058949966259160484,0,0.4471158017376222,1,-52.25370221642192,1,1.2757735918317465,1,0
E,521,E_w521,5,0.051234717239745896,1,0.45744007455335683,1,-31.428250490723407,1,1.4127761644230334,1,1
E,522,E_w522,5,0.04599863866630119,0,0.40933362717580685,0,-63.968094668581095,0,1.035746572202385,0,0
E,523,E_w523,5,0.0,0,0.4239667964984855,0,-57.263247088310834,0,0.9932093148097424,0,0
E,524,E_w524,5,0.0,0,0.4257729657805271,1,-55.02368610451663,0,1.014598165919925,0,0
E,525,E_w525,5,0.0,0,0.42221704689942485,0,-60.529175021761766,0,0.9943400414683665,0,0
E,526,E_w526,5,0.002346697676986083,0,0.42450891066462404,0,-61.15223269955944,0,0.9914418026198792,0,0
E,527,E_w527,5,0.002346697676986083,0,0.44431040920149173,1,-50.2078827220018,0,1.1442329570181247,0,0
E,528,E_w528,5,0.0,0,0.43429769206604474,0,-57.741375320710304,0,1.0017228153012139,0,0
E,529,E_w529,5,0.0,0,0.4385400839931027,1,-56.12361814968942,0,0.9873195046386806,0,0
E,530,E_w530,5,0.0,0,0.4296653761758565,0,-63.54833029640914,0,0.9771549377986793,0,0
E,531,E_w531,5,0.002346697676986083,0,0.4210623396546675,0,-61.43775083908303,0,0.9894034046108976,0,0
E,532,E_w532,5,0.0028741059445952593,0,0.41599866990710316,0,-63.0716279766724,0,0.9814766097552944,0,0
E,533,E_w533,5,0.0028741059445952593,0,0.41582319638762955,0,-64.76215624971972,0,0.9764584508332287,0,0
E,534,E_w534,5,0.002437492104172237,0,0.4251294138836401,0,-60.453490435258985,0,1.0011168958216916,0,0
E,535,E_w535,5,9.0794427186131e-05,0,0.4208623357691871,0,-64.20527150499069,0,0.9775995698904875,0,0
E,536,E_w536,5,0.002437492104172237,0,0.4311749902554591,0,-56.883792198327,0,1.0129388332883538,0,0
E,537,E_w537,5,0.11278613296073514,0,0.4242944349599508,1,-55.228045591139136,1,1.2524196104974283,1,0
E,538,E_w538,5,0.09170480193444967,1,0.52293555736216,1,-1.8913583117653303,1,1.836539561969735,1,1
E,539,E_w539,5,0.15849125071154402,0,0.4172537707367302,0,-81.19023236457805,1,1.3051018854029215,0,0
E,540,E_w540,5,0.05469302583806035,1,0.47714827152116013,1,-41.49512286602773,1,1.3953990331248534,1,1
E,541,E_w541,5,0.05908602172765431,0,0.4003991944588031,0,-68.22713812375059,0,1.0947929769087679,0,0
E,542,E_w542,5,0.08173964836150244,1,0.47222629510684305,1,-30.60754615196205,1,1.2016526951450444,1,1
E,543,E_w543,5,0.06177988140229793,1,0.46961626097613335,1,-36.76816322561423,1,1.4164246323129401,1,1
E,544,E_w544,5,0.04831462890554976,1,0.4957884576248835,1,-16.50715698811691,1,1.2537967485734676,1,1
E,545,E_w545,5,0.029728445995003905,0,0.4241604595438247,0,-56.76687015762996,0,1.1294277616496933,0,0
E,546,E_w546,5,0.044642930276925036,0,0.4005920247144674,0,-66.03480844996248,1,1.2042615508958625,0,0
E,547,E_w547,5,0.09640139740903013,0,0.39907439433537273,0,-71.7242553696284,1,1.2170404043557526,0,0
E,548,E_w548,5,0.15814542725379047,1,0.485105145613609,1,-28.451259256325915,1,1.4725817224630553,1,1
E,549,E_w549,5,0.1470392227211351,0,0.4482183480645994,0,-56.68274200941813,1,1.1819103415815557,0,0
E,550,E_w550,5,0.08210971350923825,0,0.40163479706163047,0,-78.44356380546483,0,1.047907637135678,0,0
E,551,E_w551,5,0.07939594717129476,0,0.40243378841953487,0,-66.84543870371732,0,1.1080405522110524,0,0
E,552,E_w552,5,0.2192790960238568,1,0.48050099270409663,1,-40.5362858381659,1,1.2706337982605522,1,1
E,553,E_w553,5,0.30225744299899526,1,0.5440697485598934,1,-14.839396681300244,1,1.3906155378974345,1,1
E,554,E_w554,5,0.4105635877294774,1,0.5530118725179068,1,-17.93935184159789,1,1.244025945021562,1,1
E,555,E_w555,2,0.03628287729982389,0,0.4473641818554651,1,-44.960198172559814,0,1.0836475434816064,0,0
F,0,F_w0,16,0.9256622283102871,1,0.6472974405637033,1,-1.0208611555832903,1,3.646829304200233,1,1
F,1,F_w1,20,0.1281456555549242,1,0.5142313812701149,1,-21.588629838668886,1,1.6442152988952679,1,1
F,2,F_w2,20,0.2100523676768542,1,0.5357253554382417,1,-34.212843878458784,1,1.4467626047748967,1,1
F,3,F_w3,20,0.16287916998824872,1,0.519959440976685,1,-34.082452859606974,1,1.5591220934712775,1,1
F,4,F_w4,20,0.11048520712086703,1,0.4962594631740098,1,-41.32216863998749,1,1.573762454594924,1,1
F,5,F_w5,20,0.15060627104166197,1,0.5072120711933372,1,-40.70036987231701,1,1.2816498658424043,1,1
F,6,F_w6,20,0.22495328667485545,1,0.48482432314307006,1,-51.22816109453378,0,1.0649525658550334,1,0
F,7,F_w7,20,0.2507045506406242,1,0.4802329926268451,1,-51.95411288062575,0,1.0416398004038359,1,0
F,8,F_w8,20,0.16363324324384237,1,0.46542697195142146,1,-52.26090588490393,0,1.110252271910804,1,0
F,9,F_w9,20,0.22104062254417894,0,0.45385493870642785,1,-54.7829095752939,1,1.2885407837687939,1,0
F,10,F_w10,20,0.18004218456365698,0,0.436256655343763,0,-69.23189851101772,0,1.0367874388611078,0,0
F,11,F_w11,20,0.23254780933497227,1,0.4724866036663936,1,-44.64566707638761,1,1.2412549430450366,1,1
F,12,F_w12,20,0.18366875873643138,0,0.4344756607856358,0,-71.09484150927152,0,1.0760185828143483,0,0
F,13,F_w13,20,0.18846374996817603,0,0.4341770588491614,0,-76.90695778888006,0,1.0766240622067262,0,0
F,14,F_w14,20,0.2536653472435126,1,0.4660541143286898,0,-65.1331605135472,0,1.000989444598308,0,0
F,15,F_w15,20,0.11289039610147528,0,0.4154305354093832,0,-72.62615894519969,1,1.230267382660788,0,0
F,16,F_w16,20,0.13642846886315543,0,0.4221712144407265,0,-69.10501566351972,1,1.2392798966608516,0,0
F,17,F_w17,20,0.06847950049399558,0,0.377773157574886,0,-83.71714788325674,0,1.0031507919851692,0,0
F,18,F_w18,20,0.07677902935767421,0,0.37968172155776886,0,-82.19295600660955,0,1.0249823451926758,0,0
F,19,F_w19,20,0.09182044169476555,0,0.39477167423329673,0,-72.66462114943909,0,1.0671272525223843,0,0
F,20,F_w20,20,0.0895145594563449,0,0.39782375110385965,0,-72.18816614187608,0,1.0610247755201663,0,0
F,21,F_w21,20,0.14715624655161194,0,0.4368984175930404,0,-71.28474599931002,0,1.0844338827585764,0,0
F,22,F_w22,20,0.1859861577913084,1,0.45574554684332086,1,-53.999364170539856,0,1.164245227026002,1,0
F,23,F_w23,20,0.11244657793283784,0,0.4330470150711237,0,-59.407187560562676,1,1.2716380631673816,0,0
F,24,F_w24,20,0.09154862001078827,0,0.3825921204037259,0,-86.92722440077263,0,1.0797164327760629,0,0
F,25,F_w25,20,0.14164864106646016,0,0.39774438895194153,0,-80.51172769822342,0,1.0885675132295112,0,0
F,26,F_w26,20,0.12605723401826752,0,0.38974785200835566,0,-97.44487329108395,0,1.053972347158247,0,0
F,27,F_w27,20,0.13552653081501767,0,0.38841741142587805,0,-89.96287807701259,0,1.1115324149542063,0,0
F,28,F_w28,20,0.0922965921725945,0,0.38815507680515393,0,-83.48497056587664,0,1.1416565492940087,0,0
F,29,F_w29,20,0.07989819493262547,0,0.3784627811658164,0,-87.71216804366219,0,1.0591661271965502,0,0
F,30,F_w30,20,0.09982750695979754,0,0.3798060959043348,0,-90.50970377366627,0,1.025660893564029,0,0
F,31,F_w31,20,0.07978960877161394,0,0.38627380485366125,0,-82.07165379916299,0,1.035356253606771,0,0
F,32,F_w32,20,0.07640104694135265,0,0.37996416326936533,0,-92.80993964707052,0,1.0379000567628982,0,0
F,33,F_w33,20,0.08611123208690766,0,0.4111926423525854,0,-73.63201428869814,0,1.1425205380646224,0,0
F,34,F_w34,20,0.1708123523057233,0,0.4371045709618372,0,-76.00911308499634,0,1.0785284768535188,0,0
F,35,F_w35,20,0.20061491972287954,0,0.41776302005088384,0,-83.13964163821888,0,1.0919262686964017,0,0
F,36,F_w36,20,0.13016062440667642,0,0.38905502102742784,0,-85.41500071749829,0,1.1016968827711024,0,0
F,37,F_w37,20,0.10937741456071354,0,0.38460439389407913,0,-82.1992441548891,0,1.032227122808027,0,0
F,38,F_w38,20,0.12024376199790993,0,0.4001191853851751,0,-67.99824699835185,0,1.1024380828091394,0,0
F,39,F_w39,20,0.1155045615739931,0,0.3777464725215476,0,-86.40165765152075,0,1.0201491990234712,0,0
F,40,F_w40,20,0.1359035911326986,0,0.4097162756577653,0,-81.32394849696352,0,1.0434536856046432,0,0
F,41,F_w41,20,0.13906023039964274,0,0.41706679737633956,0,-78.10008142089066,0,1.0667572939009824,0,0
F,42,F_w42,20,0.12117450173867061,0,0.3994971207970815,0,-79.1898230858491,0,1.043334044487772,0,0
F,43,F_w43,20,0.14026665115921483,0,0.4326740342122573,1,-53.45731619841344,1,1.4251216417210928,1,0
F,44,F_w44,20,0.12606037125228958,0,0.4148272701772583,0,-70.31332154452866,0,1.057816066161103,0,0
F,45,F_w45,20,0.11302892928602314,0,0.3933911705636377,0,-80.96293566906981,0,1.0000710120975935,0,0
F,46,F_w46,20,0.12593508548059087,0,0.38841875123995456,0,-82.44890551172267,0,1.0126819009573478,0,0
F,47,F_w47,20,0.11588902419894744,0,0.4234378227724916,0,-56.8018953810475,1,1.2781718016049097,0,0
F,48,F_w48,20,0.1162426613653312,0,0.38079960067503343,0,-84.40993779303213,0,1.007667846831969,0,0
F,49,F_w49,20,0.11974346444386096,0,0.38692303619160895,0,-78.17858187268571,0,1.0424614653520956,0,0
F,50,F_w50,20,0.12061258960054116,0,0.40695231836411644,1,-56.056336633295494,1,1.391549174409383,1,0
F,51,F_w51,20,0.11747748355676291,0,0.398756225266195,0,-65.91756857248376,0,1.1364422275595685,0,0
F,52,F_w52,20,0.1243609272237207,0,0.3940303368792424,0,-76.7568432352102,0,1.0435317265768986,0,0
F,53,F_w53,20,0.09039191930741527,0,0.3721222044925134,0,-84.42807217284422,0,1.0256660292906252,0,0
F,54,F_w54,20,0.1670552507165159,0,0.41114565273733805,0,-72.99814127545262,0,1.1246661233135726,0,0
F,55,F_w55,20,0.1168544719002217,0,0.385983199902818,0,-84.43203594261745,0,1.066605031216547,0,0
F,56,F_w56,20,0.11150676224624197,0,0.39495168975846495,0,-72.02389918281105,0,1.0916224091176272,0,0
F,57,F_w57,20,0.07899628182501958,0,0.38058212326810675,0,-80.53028869205784,0,0.9901493927442803,0,0
F,58,F_w58,20,0.0743026316741466,0,0.3925194990155933,0,-71.73149087118884,0,1.0621495680133313,0,0
F,59,F_w59,20,0.1427170544986793,0,0.42282537765043554,1,-49.43387195449294,1,1.2260863711303804,1,0
F,60,F_w60,20,0.10395491582919283,0,0.38979835864820855,0,-74.36770661536522,0,1.0880078979027206,0,0
F,61,F_w61,20,0.10379000752075598,0,0.39103422289338985,0,-75.41793852995175,0,1.0960496509912991,0,0
F,62,F_w62,20,0.09978089109246308,0,0.42965800701914253,1,-56.06396507409929,0,1.1389443202395737,0,0
F,63,F_w63,20,0.11541952993027338,1,0.4615243112147605,1,-41.865320119859966,1,1.2919047646674766,1,1
F,64,F_w64,20,0.05010035896940592,0,0.4396898944299659,1,-55.658167524687826,0,1.1519291920830284,0,0
F,65,F_w65,20,0.0503315608669946,0,0.43955508258917725,1,-50.141505706113286,1,1.20274909399547,1,0
F,66,F_w66,20,0.05335158115151507,0,0.429126192000273,0,-59.85507952423937,0,1.0856221639507477,0,0
F,67,F_w67,20,0.07891437784079407,0,0.41827773497555815,0,-62.78392928299326,0,1.083113107232281,0,0
F,68,F_w68,20,0.08334839657963776,0,0.4044147495345048,0,-68.80789005141882,0,1.0212144818306943,0,0
F,69,F_w69,20,0.08270646707242549,0,0.3980579614196314,0,-70.6085662506226,0,1.0337985438615764,0,0
F,70,F_w70,20,0.08042441612289067,0,0.4006562150680904,0,-68.22841645843661,0,1.0278109961805095,0,0
F,71,F_w71,20,0.08660480046179689,0,0.40666082439214374,0,-63.04394525872162,0,1.1175102904258296,0,0
F,72,F_w72,20,0.1348778027660862,0,0.41700437262127765,0,-62.44691158643083,1,1.2371060154863196,0,0
F,73,F_w73,20,0.14636839394950163,0,0.41312410257190196,0,-71.678412642273,0,1.0999504761938195,0,0
F,74,F_w74,20,0.14166550573296105,0,0.40942172790352716,0,-69.60794620828231,0,1.1015097504792104,0,0
F,75,F_w75,20,0.10981565101094043,0,0.37945603263747085,0,-83.08989522661422,0,1.0003961230281029,0,0
F,76,F_w76,20,0.11520985725525977,0,0.38928863503614186,0,-80.6735940426962,0,1.019012731695287,0,0
F,77,F_w77,20,0.09329813618109539,0,0.4142636936549069,0,-65.0223417841427,0,1.1406019265912746,0,0
F,78,F_w78,20,0.12175640069159835,0,0.42467873574113674,0,-61.194025257464965,0,1.1073965750647394,0,0
F,79,F_w79,20,0.09057465849735138,0,0.3781555421506972,0,-83.0011460863357,0,1.001146803876653,0,0
F,80,F_w80,20,0.11010657578046382,0,0.3792086053688449,0,-78.10415111850027,0,1.0403308930220982,0,0
F,81,F_w81,20,0.11154646075458992,0,0.3759214120309064,0,-80.44334442660549,0,1.020854881689522,0,0
F,82,F_w82,20,0.12450517851983649,0,0.40556975112131466,0,-75.50535026373349,0,1.1037606729409866,0,0
F,83,F_w83,20,0.1259494394555655,0,0.39011886842268856,0,-88.47765381453777,0,1.0691609497811136,0,0
F,84,F_w84,20,0.11083210876612125,0,0.4152858879679235,0,-72.91585117600711,0,1.0339595810224984,0,0
F,85,F_w85,20,0.11867534487915407,0,0.39119847437360933,0,-90.01767279174959,0,1.054162271736325,0,0
F,86,F_w86,20,0.12590212633930983,0,0.39989515661325276,0,-83.72965510484045,0,1.0752229569630904,0,0
F,87,F_w87,20,0.10233082253798186,0,0.38503190370702967,0,-89.33355908582354,0,0.9945570792752713,0,0
F,88,F_w88,20,0.11406580121639598,0,0.3767458227061482,0,-86.23894947001338,0,0.9939391692060354,0,0
F,89,F_w89,20,0.11358225827939028,0,0.37772479124863895,0,-85.77730903392067,0,0.9979811646583377,0,0
F,90,F_w90,20,0.10787843958512898,0,0.3734640948982855,0,-88.23253813043796,0,1.0041705756013954,0,0
F,91,F_w91,20,0.09548244389626519,0,0.39357015296602393,0,-77.2695900131244,0,1.0312265429610987,0,0
F,92,F_w92,20,0.09786967077701608,0,0.379679749897021,0,-82.42497026394955,0,1.0016182421665252,0,0
F,93,F_w93,20,0.09077233180638719,0,0.4064167401417332,0,-73.242375748004,0,1.089203922641584,0,0
F,94,F_w94,20,0.11473281819184061,0,0.38605667572695884,0,-81.24818199396782,0,1.0040599533395973,0,0
F,95,F_w95,20,0.09086962857645633,0,0.3687437855694061,0,-85.8503227421143,0,0.9961328634750842,0,0
F,96,F_w96,20,0.10985391327924433,0,0.37535173146011425,0,-82.9935328857546,0,1.0229811148232892,0,0
F,97,F_w97,20,0.09610990145104738,0,0.39674611234402213,0,-77.14804231121853,0,1.0105594575412369,0,0
F,98,F_w98,20,0.08007882676885905,0,0.4225933479314204,0,-67.10805152640025,0,1.0282862657024616,0,0
F,99,F_w99,20,0.06517162470542463,0,0.4214472801171686,0,-58.55839868529718,0,1.1115592282456872,0,0
F,100,F_w100,20,0.06456922149197157,0,0.4036340002327566,0,-67.1514635189132,0,1.0722605878569218,0,0
F,101,F_w101,20,0.05514431409816975,0,0.41688768097104617,0,-63.5610807778431,0,1.1358934467740036,0,0
F,102,F_w102,20,0.09646905096450192,0,0.3961133448266132,0,-82.26552966099278,0,1.0327349958197076,0,0
F,103,F_w103,20,0.11693090096017757,0,0.39129434568196336,0,-82.45036975158202,0,1.0421640293944152,0,0
F,104,F_w104,20,0.09240956637067844,0,0.395156512418981,0,-74.9200997075385,0,1.0177190681980501,0,0
F,105,F_w105,20,0.11032438481165255,0,0.4316361866941686,0,-57.71663224690542,0,1.1475197550658727,0,0
F,106,F_w106,20,0.12227545655859481,0,0.39572235540472517,0,-77.86284912846226,0,1.0301998279158102,0,0
F,107,F_w107,20,0.10139154265104267,0,0.38223367257293456,0,-86.44125900680378,0,1.007963845969601,0,0
F,108,F_w108,20,0.09171607711057844,0,0.40040929752394744,0,-72.51038350356116,0,1.0315783104672807,0,0
F,109,F_w109,20,0.0895868492713179,0,0.40351579440913843,0,-69.6185834225808,0,1.0691640129310087,0,0
F,110,F_w110,20,0.13012216099821397,0,0.4236480245562191,0,-61.455482847254565,0,1.138499543827775,0,0
F,111,F_w111,20,0.10986335753534267,0,0.39495418935856114,0,-83.98751254095028,0,1.0016466894640743,0,0
F,112,F_w112,20,0.08195371682555871,0,0.4253460647319802,0,-65.40673223789828,0,1.0543221751406042,0,0
F,113,F_w113,20,0.08214149472255738,0,0.40173053746001175,0,-72.29568214931648,0,1.019552827599137,0,0
F,114,F_w114,20,0.07073812906854544,0,0.4255375346363056,0,-63.762600005175884,0,1.0922612417496314,0,0
F,115,F_w115,20,0.07939484026325043,0,0.3962026798028718,0,-77.57688596726595,0,1.006496992454743,0,0
F,116,F_w116,20,0.0861753219997705,0,0.39647085834151385,0,-76.06074899182617,0,0.9983950943179692,0,0
F,117,F_w117,20,0.08260101992370544,0,0.4314555793228426,0,-57.806043663250655,0,1.1228425879831265,0,0
F,118,F_w118,20,0.09689608933475632,0,0.41423153704327775,0,-66.49062877086195,0,1.0706760466791942,0,0
F,119,F_w119,20,0.10318687785108542,0,0.40211870843477987,0,-77.83051881507257,0,1.015385930298232,0,0
F,120,F_w120,20,0.07058576297766034,0,0.3990804513655837,0,-77.46643952325037,0,0.9997301459930189,0,0
F,121,F_w121,20,0.09080969841182986,0,0.4119056746509315,0,-68.10681354657596,0,1.071710029893924,0,0
F,122,F_w122,20,0.11039900230613327,0,0.43609943142222174,0,-66.9520087473209,0,1.04060992840107,0,0
F,123,F_w123,20,0.11402578135881952,0,0.41468440677893803,0,-81.87425426807292,0,1.0080628895867292,0,0
F,124,F_w124,20,0.11102715873061143,0,0.4381673500546376,0,-66.79149573345181,0,1.0121264862420518,0,0
F,125,F_w125,20,0.10375226481641683,0,0.4153261817321442,0,-74.77157351233011,0,1.0079439504924699,0,0
F,126,F_w126,20,0.12168654012585428,0,0.40459628085648625,0,-75.73506813235994,0,1.0975205085280066,0,0
F,127,F_w127,20,0.08696091104974797,0,0.3713956302055364,0,-88.06152738114005,0,1.01266206957553,0,0
F,128,F_w128,20,0.072245009329544,0,0.375389096938787,0,-83.64376155007646,0,1.0038338821090178,0,0
F,129,F_w129,20,0.0663036588654002,0,0.38104015670060787,0,-80.55421548291048,0,1.0047948430185936,0,0
F,130,F_w130,20,0.09156907228279842,0,0.3756263088354354,0,-83.68722264450706,0,1.0702854783218423,0,0
F,131,F_w131,20,0.08904519504482136,0,0.37181949008668047,0,-82.89185220482501,0,1.0404909064046337,0,0
F,132,F_w132,20,0.07169874210996005,0,0.3673767632124853,0,-85.04773354710174,0,0.9845802955966442,0,0
F,133,F_w133,20,0.07118363589047512,0,0.36771406111982924,0,-77.68607869745081,0,1.0066033866297577,0,0
F,134,F_w134,20,0.07959477669004823,0,0.36116002335472747,0,-82.68069977486492,0,0.9748778146469759,0,0
F,135,F_w135,20,0.08526485082578364,0,0.3756004284557989,0,-84.62431742043579,0,1.0163930431684123,0,0
F,136,F_w136,20,0.07903546558656119,0,0.38723450907536827,0,-76.72636235231982,0,1.0321152061578271,0,0
F,137,F_w137,20,0.12046275058867063,0,0.4475019483146229,0,-63.70969511583197,0,1.15542199016838,0,0
F,138,F_w138,20,0.13194902132928704,0,0.40014579789339005,0,-87.33544501477861,0,1.1281685866026467,0,0
F,139,F_w139,20,0.077817877949003,0,0.3701943966028016,0,-89.1584211564032,0,1.0022148693565558,0,0
F,140,F_w140,20,0.0887726043446696,0,0.38614709085430055,0,-87.53735043853278,0,1.035513841905746,0,0
F,141,F_w141,20,0.08717976264201148,0,0.3691602833206946,0,-80.576853326216,0,1.0113051908032715,0,0
F,142,F_w142,20,0.10083603848352046,0,0.41897842070858643,0,-71.13294191162421,0,1.0442605562548093,0,0
F,143,F_w143,20,0.0639260079855687,0,0.3837158932727399,0,-84.0079881163026,0,1.02225336000247,0,0
F,144,F_w144,20,0.059897205967303704,0,0.3831744301739584,0,-77.20691405178916,0,1.047944551955754,0,0
F,145,F_w145,20,0.08525175925176118,0,0.3841917525935789,0,-84.09635458663145,0,1.0840581827043996,0,0
F,146,F_w146,20,0.08705430871587284,0,0.3853090703079992,0,-81.00619068692463,0,0.9908463998326443,0,0
F,147,F_w147,20,0.07249558505016379,0,0.38018982504446536,0,-82.50591300548764,0,1.0442920146885366,0,0
F,148,F_w148,20,0.1263625887862692,0,0.40926911346089656,0,-84.3095498128614,0,1.000039293204369,0,0
F,149,F_w149,20,0.10629681080516071,0,0.38908575250008764,0,-82.51864783797568,0,1.0324633820316604,0,0
F,150,F_w150,20,0.09258204246072749,0,0.3967408524253378,0,-73.91474113556816,0,1.0246592122596652,0,0
F,151,F_w151,20,0.11460224284842375,0,0.38498540861562236,0,-81.76450745099012,0,1.0769296434751086,0,0
F,152,F_w152,20,0.0817369772241005,0,0.36606362107063023,0,-81.60231058584834,0,0.9842149245133835,0,0
F,153,F_w153,20,0.07000377734719418,0,0.35890095182202847,0,-81.07112061372453,0,0.9730261247566866,0,0
F,154,F_w154,20,0.07137950492108487,0,0.3615071554180152,0,-82.82892126817613,0,0.9772767887795955,0,0
F,155,F_w155,20,0.06928246356502678,0,0.38698827233274025,0,-77.13215476429002,0,1.0392299887273555,0,0
F,156,F_w156,20,0.07309002495508202,0,0.37082149914051343,0,-85.58845844124689,0,0.9940942986746157,0,0
F,157,F_w157,20,0.07274277601909586,0,0.3621765688655979,0,-91.64027768459628,0,0.9763223082617177,0,0
F,158,F_w158,20,0.06346275229837924,0,0.3679941380493853,0,-83.18182653617602,0,0.9976679884219338,0,0
F,159,F_w159,20,0.06878742951388479,0,0.36701546361909265,0,-86.41928575898814,0,0.9815308446261051,0,0
F,160,F_w160,20,0.07918982440665205,0,0.3716074444450189,0,-79.8991799924674,0,1.0227100801943219,0,0
F,161,F_w161,20,0.0699870430406723,0,0.3893592775237954,0,-74.05894968987984,0,1.008582939630894,0,0
F,162,F_w162,20,0.0913745941951535,0,0.3944234875135839,0,-83.05242106701434,0,0.9862104893134005,0,0
F,163,F_w163,20,0.09296856494853102,0,0.39878250411267324,0,-78.41305779506847,0,0.9939500353785876,0,0
F,164,F_w164,20,0.0854161489969587,0,0.3872117577110899,0,-76.65884083990831,0,0.9815466477327441,0,0
F,165,F_w165,20,0.08723160325301112,0,0.39358307626167216,0,-69.68071581481657,0,1.013182812367632,0,0
F,166,F_w166,20,0.11144505416638426,0,0.3733955172425967,0,-85.21623664826208,0,1.0162517371152477,0,0
F,167,F_w167,20,0.1033700827507438,0,0.39745485875201664,0,-77.60035803270081,0,1.0188536664042638,0,0
F,168,F_w168,20,0.10217510273236136,0,0.39789573138401324,0,-72.4093369880381,0,1.0646471306313874,0,0
F,169,F_w169,20,0.08981013696802535,0,0.3785090100673515,0,-79.98370885954633,0,1.043718014721848,0,0
F,170,F_w170,20,0.06874111318530134,0,0.38706788407247594,0,-73.10215047527251,0,1.0535722852005878,0,0
F,171,F_w171,20,0.1193968099630997,0,0.376173224980558,0,-91.24529269767834,0,1.0064537351402933,0,0
F,172,F_w172,20,0.09340802621484474,0,0.36243572508464494,0,-91.83991411009205,0,0.9666066334541985,0,0
F,173,F_w173,20,0.08483293049460403,0,0.37979746901396155,0,-77.8855223831663,0,1.0773959056642466,0,0
F,174,F_w174,20,0.0887656350180499,0,0.3751862087440347,0,-85.93649288567592,0,1.0997054361985932,0,0
F,175,F_w175,20,0.0763156334831025,0,0.3592256170714241,0,-92.87593645837815,0,0.9908255376202598,0,0
F,176,F_w176,20,0.07611312555611557,0,0.3772350776937088,0,-83.0582332846061,0,1.0263389231190616,0,0
F,177,F_w177,20,0.09541893641183527,0,0.38351116609757346,0,-86.70242264514071,0,1.0383635013902817,0,0
F,178,F_w178,20,0.09781852533806167,0,0.3960582851235282,0,-78.0111520540183,0,1.0260949689664105,0,0
F,179,F_w179,20,0.09332341085453937,0,0.41172657476524166,0,-63.13209864539755,0,1.1034509926796179,0,0
F,180,F_w180,20,0.09734201481875462,0,0.3733826218089603,0,-80.74537331828896,0,1.0323736942253015,0,0
F,181,F_w181,20,0.09921741222579973,0,0.39152439472651035,0,-74.27767468718548,0,1.0155237766514198,0,0
F,182,F_w182,20,0.0854046008077137,0,0.3941685204346971,0,-67.7800526684873,0,1.0457195510408377,0,0
F,183,F_w183,20,0.09959872391035633,0,0.3660659268314801,0,-90.94588599098036,0,0.9907444807489495,0,0
F,184,F_w184,20,0.1237794731009866,0,0.37519494997644887,0,-87.17362997254091,0,0.9926896920861773,0,0
F,185,F_w185,20,0.09900096347225498,0,0.3739444434630595,0,-79.63973898254166,0,1.0314611405995373,0,0
F,186,F_w186,20,0.06733709847945908,0,0.3744121148050101,0,-77.77902298413798,0,1.0229166502029692,0,0
F,187,F_w187,20,0.09281243237679829,0,0.3909663477766078,0,-74.77969310666045,0,1.0457017555313326,0,0
F,188,F_w188,20,0.08908952984076814,0,0.36493637110244337,0,-86.6116374183154,0,1.0068275843188326,0,0
F,189,F_w189,20,0.0695790968739348,0,0.36259511828465923,0,-84.35892042954025,0,1.0045649597829684,0,0
F,190,F_w190,20,0.08189318365624515,0,0.3632057384669554,0,-84.02074987661355,0,0.9937915958811453,0,0
F,191,F_w191,20,0.09228649868391058,0,0.37873554528703574,0,-75.15178027974503,0,1.0726648612320002,0,0
F,192,F_w192,20,0.10769263622281296,0,0.37016752392393126,0,-88.31753725871002,0,1.0162768192983562,0,0
F,193,F_w193,20,0.10693258801989085,0,0.3785708762177759,0,-81.95704468692931,0,1.0549065891883453,0,0
F,194,F_w194,20,0.10729495321757315,0,0.3882914958329276,0,-79.60065655886396,0,1.0842077138544308,0,0
F,195,F_w195,20,0.09753319569664426,0,0.38208899588423545,0,-84.60410460207314,0,1.022282744733972,0,0
F,196,F_w196,20,0.08755394013492096,0,0.40137879912788316,0,-69.4373958563056,0,1.1504739043302323,0,0
F,197,F_w197,20,0.09311294032820386,0,0.3989814614202421,0,-69.54231818071197,0,1.0901742184130734,0,0
F,198,F_w198,20,0.12009533947375876,0,0.38291338542607306,0,-85.00643638577321,0,1.0277903693104156,0,0
F,199,F_w199,20,0.1252333727237905,0,0.40736553495907946,0,-68.26854750095909,0,1.157489878837977,0,0
F,200,F_w200,20,0.1170737221298255,0,0.37706354112547436,0,-84.49136074619098,0,1.0130280667528202,0,0
F,201,F_w201,20,0.09436302257780868,0,0.3746806695939413,0,-72.52316489395896,0,1.0685586049429492,0,0
F,202,F_w202,20,0.07616358061507682,0,0.37632410769467245,0,-76.24570129747033,0,1.0638542131919084,0,0
F,203,F_w203,20,0.09394509212407326,0,0.37918207988766445,0,-79.47283638392459,0,1.0805323405707876,0,0
F,204,F_w204,20,0.06915188432811192,0,0.38376479265693497,0,-81.68147024535097,0,1.0627150057447252,0,0
F,205,F_w205,20,0.10362577058569812,0,0.37013910705462016,0,-89.18134368895421,0,1.0317486656393682,0,0
F,206,F_w206,20,0.08902043712614134,0,0.3563943981328214,0,-93.68225473214049,0,0.979252633552887,0,0
F,207,F_w207,20,0.07858756010679495,0,0.3794859309473233,0,-75.76986503242718,0,1.0352088927677308,0,0
F,208,F_w208,20,0.09302264501029164,0,0.3801377757899073,0,-88.26019631503739,0,1.0083676800071155,0,0
F,209,F_w209,20,0.08004043592960533,0,0.38286362475967306,0,-85.36335455273615,0,1.0176385362295428,0,0
F,210,F_w210,20,0.08849677208336759,0,0.3846677228644351,0,-84.94926209771008,0,1.0273632265265247,0,0
F,211,F_w211,20,0.10930829681359303,0,0.37357477734963956,0,-94.48357592532052,0,1.003958132589281,0,0
F,212,F_w212,20,0.09036690814838655,0,0.3803083999546748,0,-87.75781659863728,0,1.040445906106477,0,0
F,213,F_w213,20,0.08743443137417174,0,0.39525211229008206,0,-68.69283386848383,0,1.1362779384659143,0,0
F,214,F_w214,20,0.09736235564205617,0,0.3753249213838543,0,-86.1828843078127,0,1.0212855414548718,0,0
F,215,F_w215,20,0.12808522303460249,0,0.3979860523168156,0,-79.35342067426531,0,1.1423940570460562,0,0
F,216,F_w216,20,0.08624575428516087,0,0.36454520975442234,0,-91.68557294857402,0,1.011592996922561,0,0
F,217,F_w217,20,0.10457494079438466,0,0.4048249638486053,0,-79.04432328838864,0,1.0122457892599563,0,0
F,218,F_w218,20,0.11270269614318024,0,0.37542351292083165,0,-89.02133322537078,0,1.006500085868519,0,0
F,219,F_w219,20,0.08690991582377039,0,0.39206878385862,0,-74.74868880428363,0,1.0579392482116194,0,0
F,220,F_w220,20,0.07922675502588007,0,0.3986466034887093,0,-68.94206428599514,0,1.09902826654988,0,0
F,221,F_w221,20,0.07544304589569212,0,0.3838839946470399,0,-85.51424020083807,0,1.0053085476470531,0,0
F,222,F_w222,20,0.07631523515299152,0,0.3689431071365342,0,-86.9473825256683,0,1.0086880677634216,0,0
F,223,F_w223,20,0.056864520141386744,0,0.39085959428461065,0,-61.64032044474878,1,1.1935443459972994,0,0
F,224,F_w224,20,0.05586706732151804,0,0.3667703876597089,0,-83.36826350338141,0,1.0095208429992693,0,0
F,225,F_w225,20,0.06625409672555385,0,0.3699864835286845,0,-80.73648162517901,0,1.0209847003144399,0,0
F,226,F_w226,20,0.053087112002488154,0,0.37153278227667863,0,-83.81517212900975,0,1.0101417236753556,0,0
F,227,F_w227,20,0.07059333009765105,0,0.3731041738641287,0,-80.31458856308869,0,1.0227025287084095,0,0
F,228,F_w228,20,0.08680249385420978,0,0.3946250475173472,0,-67.36318741299567,0,1.142051806875188,0,0
F,229,F_w229,20,0.07236214698852451,0,0.3829047188405819,0,-80.09494838084245,0,1.0086073777809166,0,0
F,230,F_w230,20,0.06316063780030055,0,0.38309186234431847,0,-79.20680743106574,0,1.0175098054006817,0,0
F,231,F_w231,20,0.07347603491157399,0,0.38691582852311523,0,-73.3687690361757,0,1.0436344351848252,0,0
F,232,F_w232,20,0.06286351050807301,0,0.3757840385134828,0,-83.891285290998,0,1.016017885074915,0,0
F,233,F_w233,20,0.059883423261441394,0,0.3889914640567697,0,-71.48175724587625,0,1.056038639513447,0,0
F,234,F_w234,20,0.056213363268428324,0,0.37072153609927694,0,-85.51418792950221,0,1.0013056906693742,0,0
F,235,F_w235,20,0.056154589601635094,0,0.3745878970832715,0,-79.45018623162787,0,1.0091125703354096,0,0
F,236,F_w236,20,0.06045962711694666,0,0.39141717458703823,0,-78.01782208475088,0,1.0302588641994521,0,0
F,237,F_w237,20,0.08558074186747475,0,0.3696518139327201,0,-87.53473585718673,0,0.9903093923225199,0,0
F,238,F_w238,20,0.07104607900620989,0,0.3973661963316887,0,-71.41525918263322,0,1.0713774814549883,0,0
F,239,F_w239,20,0.08923926560922002,0,0.3791454255410908,0,-82.31126899254926,0,1.0097233022191703,0,0
F,240,F_w240,20,0.08331378274781155,0,0.37477063860843574,0,-84.16834514433911,0,1.0243189676685247,0,0
F,241,F_w241,20,0.10576154678515579,0,0.40334423025539284,0,-63.21813446540515,1,1.2379435941414147,0,0
F,242,F_w242,20,0.1057201471476178,0,0.3965232670347862,0,-85.45349829497187,0,1.1533966642640936,0,0
F,243,F_w243,20,0.09264199374868981,0,0.3981789761410522,0,-74.14521783954756,1,1.2530359662356672,0,0
F,244,F_w244,20,0.12672080008810388,0,0.4216772915793513,0,-64.60603892198422,1,1.2176277099922452,0,0
F,245,F_w245,20,0.11099276235073441,0,0.4205762466731816,0,-72.64372994956243,0,1.0634436546325516,0,0
F,246,F_w246,20,0.0859538367857067,0,0.3719158047946037,0,-88.145402122021,0,1.054795971580467,0,0
F,247,F_w247,20,0.09220483885802873,0,0.3896760667532173,0,-79.58516573293608,0,1.04385941943148,0,0
F,248,F_w248,20,0.07048655334779691,0,0.3623617008979281,0,-90.46357192012849,0,0.9899316513176943,0,0
F,249,F_w249,20,0.09705428540787717,0,0.39223879609878953,0,-82.25408627323556,0,1.0617941546756788,0,0
F,250,F_w250,20,0.08893174976398023,0,0.40719252746225626,0,-80.41978513630723,0,1.017121473127046,0,0
F,251,F_w251,20,0.10624843359250583,0,0.36315675097820765,0,-93.92418739898045,0,1.0222547552887897,0,0
F,252,F_w252,20,0.0656525915013492,0,0.3747544600348469,0,-78.69952720321025,0,1.0382489410596385,0,0
F,253,F_w253,20,0.09582789249698617,0,0.3734920581892914,0,-85.28118989394068,0,1.0723001165068142,0,0
F,254,F_w254,20,0.08599604017862425,0,0.3607373138101773,0,-88.57732882145605,0,1.0128091878262488,0,0
F,255,F_w255,20,0.0732895062642637,0,0.3628841208881946,0,-90.98698741396065,0,0.9885949891960237,0,0
F,256,F_w256,20,0.06930003799929543,0,0.3571491234870699,0,-89.16481619107057,0,0.9844362994682849,0,0
F,257,F_w257,20,0.06084366421316536,0,0.35820410935862734,0,-92.74999355545715,0,0.9766640651241149,0,0
F,258,F_w258,20,0.06016394561858534,0,0.38816690902757,0,-73.55112895285126,0,1.1120851832389167,0,0
F,259,F_w259,20,0.05127529814735734,0,0.3712283639942529,0,-80.3098196099578,0,1.0164957597668032,0,0
F,260,F_w260,20,0.05196950517877589,0,0.37144278947532156,0,-83.3376218458044,0,1.0172230340592512,0,0
F,261,F_w261,20,0.04336913293373537,0,0.37711985738850423,0,-74.7792003080415,0,1.095001816302055,0,0
F,262,F_w262,20,0.05180664814119359,0,0.36639549776557345,0,-88.79538039545501,0,1.0294470107859524,0,0
F,263,F_w263,20,0.05784828205619271,0,0.36365520394481304,0,-87.10185838117236,0,1.0076294014772935,0,0
F,264,F_w264,20,0.05478878569427131,0,0.3652264476006011,0,-87.08984425067865,0,1.0092892577729464,0,0
F,265,F_w265,20,0.07463072275337354,0,0.3641937127708565,0,-84.1216689455956,0,1.0184673496416974,0,0
F,266,F_w266,20,0.09251741279927403,0,0.37093655925007035,0,-90.78986786721455,0,1.018506293976214,0,0
F,267,F_w267,20,0.08433878891580615,0,0.38767588022796345,0,-75.96140579213403,0,1.070246301328771,0,0
F,268,F_w268,20,0.0788992963388668,0,0.3802051013473592,0,-78.09632456794883,0,1.0785019083523073,0,0
F,269,F_w269,20,0.08657417604029902,0,0.38476796285601517,0,-85.89404868388844,0,1.0538470263125586,0,0
F,270,F_w270,20,0.07199888972783053,0,0.36776385341175427,0,-78.80477503011498,0,1.092395006762846,0,0
F,271,F_w271,20,0.07354637888767147,0,0.3617337792410707,0,-88.60751409953214,0,0.9816771737488933,0,0
F,272,F_w272,20,0.062137179244150006,0,0.3638518041215054,0,-84.57638756130157,0,0.9833623028996288,0,0
F,273,F_w273,20,0.060539487042725375,0,0.36483469922734796,0,-86.70403693489837,0,1.0024189862533779,0,0
F,274,F_w274,20,0.06696651145067925,0,0.3766932232450809,0,-88.54137404333633,0,1.0184383957688048,0,0
F,275,F_w275,20,0.09459085801038439,0,0.36874215252545406,0,-89.64693167947507,0,0.9991517744708206,0,0
F,276,F_w276,20,0.10478497169330651,0,0.3624343540408253,0,-89.7845956325833,0,0.9949868428371951,0,0
F,277,F_w277,20,0.07208890058768531,0,0.35924600848105015,0,-91.18259691287292,0,0.9814931217443212,0,0
F,278,F_w278,20,0.07534183875076232,0,0.3657629628244549,0,-84.352946983608,0,0.9933942896574269,0,0
F,279,F_w279,20,0.05528540846734177,0,0.3772033620205512,0,-70.73270927277328,0,1.1159935950889812,0,0
F,280,F_w280,20,0.06268471347752903,0,0.38270309833419763,0,-84.70570021070895,0,1.0175332287003116,0,0
F,281,F_w281,20,0.06355830653126608,0,0.3740884221357938,0,-86.15768313631551,0,1.0109226035348047,0,0
F,282,F_w282,20,0.10006466609085679,0,0.3680594078357654,0,-88.15767853961434,0,0.9981698525621974,0,0
F,283,F_w283,20,0.06001498224787829,0,0.3659833421173036,0,-79.46934306755021,0,1.028718325944686,0,0
F,284,F_w284,20,0.06950847765559535,0,0.3681732627496393,0,-81.11282457938799,0,1.0031533508116546,0,0
F,285,F_w285,20,0.06974375086978556,0,0.37872918043441245,0,-81.29027894502579,0,1.013466810820071,0,0
F,286,F_w286,20,0.09048079365586538,0,0.3790330222518353,0,-73.5598549990556,0,1.0953074831060505,0,0
F,287,F_w287,20,0.08322958636605061,0,0.4012399286532168,0,-72.01624720180033,0,1.0778485852851218,0,0
F,288,F_w288,20,0.09554670537038779,0,0.3898065196560237,0,-78.87406465598423,0,1.0545930623166837,0,0
F,289,F_w289,20,0.0645418866622657,0,0.38574405942370016,0,-81.54351325087381,0,1.0483802850795847,0,0
F,290,F_w290,20,0.07715442091400865,0,0.38270780477510297,0,-79.08458677118266,0,1.0330733871790534,0,0
F,291,F_w291,20,0.07072779266371551,0,0.37399590682383904,0,-77.55046349919951,0,1.017071659004792,0,0
F,292,F_w292,20,0.06599046536876572,0,0.37646632873326863,0,-78.33676369879777,0,1.0240598803048624,0,0
F,293,F_w293,20,0.06903715022983647,0,0.38451775763643986,0,-73.88927397166292,0,1.0815059594711616,0,0
F,294,F_w294,20,0.07663027210467545,0,0.3988427117947287,0,-61.32415826919338,1,1.277830434945641,0,0
F,295,F_w295,20,0.06722724048917805,0,0.3730047798019696,0,-84.23260615997685,0,1.0075201828414029,0,0
F,296,F_w296,20,0.06770710947993795,0,0.37516130538297626,0,-82.63716355017958,0,1.0277306631609053,0,0
F,297,F_w297,20,0.07171980421712416,0,0.388281625674377,0,-73.53538506914256,0,1.030877648168085,0,0
F,298,F_w298,20,0.05954951392767062,0,0.3809875107234123,0,-82.96903369683149,0,1.0114596844581265,0,0
F,299,F_w299,20,0.062003841324231666,0,0.3770633712735881,0,-81.61323505841573,0,1.003040997126842,0,0
F,300,F_w300,20,0.05103217394174727,0,0.3987095216359584,0,-72.41483024444815,0,1.028716579279252,0,0
F,301,F_w301,20,0.06282958968058948,0,0.3839301676484347,0,-81.19892675506995,0,1.0090990643937003,0,0
F,302,F_w302,20,0.06583558492706186,0,0.3862197268711299,0,-78.85066154008484,0,1.0127327980473617,0,0
F,303,F_w303,20,0.07897127680840278,0,0.4049426854214597,0,-75.05459845646035,0,1.0456087742477884,0,0
F,304,F_w304,20,0.12249729599435025,0,0.43390736733016916,0,-68.54156804397589,0,1.0532763089947281,0,0
F,305,F_w305,20,0.14083885459436832,1,0.542079825364475,1,-32.96360229890826,1,1.1746283454082502,1,1
F,306,F_w306,20,0.1343331502623321,1,0.5165586136214776,1,-33.400343744326435,0,1.162970726988578,1,0
F,307,F_w307,20,0.12752065099816018,1,0.5013895421454626,1,-39.90297350190572,1,1.2160051822867661,1,1
F,308,F_w308,20,0.062330530837298656,0,0.3761271130906156,0,-69.11599834556009,0,1.0641092313922653,0,0
F,309,F_w309,20,0.06700905390089239,0,0.36727165025780095,0,-82.33606765938092,0,0.9794700736373197,0,0
F,310,F_w310,20,0.10938561629643376,0,0.38172436435330304,0,-81.34774994215277,0,1.0095506972213226,0,0
F,311,F_w311,20,0.0480463180379644,0,0.38244965142031484,0,-70.17986898721283,0,1.130392985443072,0,0
F,312,F_w312,20,0.08208112766923038,0,0.3753255415378236,0,-85.20594306519543,0,1.0103233253831971,0,0
F,313,F_w313,20,0.08089526954010419,0,0.3809565385706915,0,-85.85612383744244,0,1.0146807359355838,0,0
F,314,F_w314,20,0.08903805172331393,0,0.38510967192116563,0,-75.11438730809793,0,1.0863998981691547,0,0
F,315,F_w315,20,0.059186858600079245,0,0.3919872442303642,0,-64.49065837775602,0,1.0579888786359708,0,0
F,316,F_w316,20,0.06912111755787484,0,0.3790908098805298,0,-76.34984272566024,0,1.0161819276825117,0,0
F,317,F_w317,20,0.07097225192964078,0,0.40203567670597795,0,-65.24566586974834,0,1.0722068601015513,0,0
F,318,F_w318,20,0.07798534912423984,0,0.3704416390324745,0,-71.33355232429663,0,0.9870530871573223,0,0
F,319,F_w319,20,0.10367934634321736,0,0.36851302423702775,0,-79.83366335818725,0,1.0002904545816882,0,0
F,320,F_w320,20,0.080308255139647,0,0.38873131525509924,0,-67.10251135116461,0,1.087160919996166,0,0
F,321,F_w321,20,0.07370918074627433,0,0.3753939675104069,0,-78.51620895268361,0,1.0085145792788317,0,0
F,322,F_w322,20,0.09882902521198976,0,0.38092164969648323,0,-77.08545386885376,0,1.0622422890968182,0,0
F,323,F_w323,20,0.08398993287654359,0,0.3649899877269693,0,-86.73856270536548,0,0.9895093293048263,0,0
F,324,F_w324,20,0.06744625862062753,0,0.3847190438938219,0,-81.71801099133938,0,0.9961542613324257,0,0
F,325,F_w325,20,0.07287884560162682,0,0.39425023146546107,0,-76.23074837381671,0,1.056423073663657,0,0
F,326,F_w326,20,0.10238579043744483,0,0.39834288695088577,0,-80.58947864422034,0,0.9985849355227878,0,0
F,327,F_w327,20,0.09018512030974592,0,0.3644766143495397,0,-81.10910549456274,0,0.985724100776756,0,0
F,328,F_w328,20,0.09529369428460968,0,0.3637163258241441,0,-85.38020312162854,0,0.995455126751251,0,0
F,329,F_w329,20,0.1171928108663009,0,0.3995794561030451,0,-77.92586655687487,0,1.0060981883017746,0,0
F,330,F_w330,20,0.08987438012449697,0,0.38441810064738946,0,-76.2916284204027,0,1.0233379902550075,0,0
F,331,F_w331,20,0.09451224525926968,0,0.3638375539947705,0,-80.8182131457172,0,0.9886751201375745,0,0
F,332,F_w332,20,0.07154792501027349,0,0.37238197427666264,0,-75.87247314321843,0,1.0291065641426007,0,0
F,333,F_w333,20,0.07622597212676133,0,0.37390302273043696,0,-69.82698703111134,0,1.02337170499638,0,0
F,334,F_w334,20,0.08806555259439765,0,0.3759832289844876,0,-70.50372194916329,0,1.0358438737060878,0,0
F,335,F_w335,20,0.09364643561165499,0,0.3621873433594576,0,-86.66753176416029,0,0.9915762732033587,0,0
F,336,F_w336,20,0.08356243534840122,0,0.3597583696623006,0,-86.82461513549973,0,0.9781239921568777,0,0
F,337,F_w337,20,0.0854154200880027,0,0.36054713653226117,0,-86.9994491580107,0,0.9747510307561216,0,0
F,338,F_w338,20,0.06576148955853031,0,0.3847364664131685,0,-68.52470308233828,0,1.1379550282980602,0,0
F,339,F_w339,20,0.091766490555416,0,0.3681518960058317,0,-89.22271472117974,0,1.0006142178080397,0,0
F,340,F_w340,20,0.07505061769631224,0,0.38292356897626373,0,-73.30531543878868,0,1.0160193934911312,0,0
F,341,F_w341,20,0.070492369628858,0,0.36923306156532354,0,-82.28092022274464,0,1.0051798673010008,0,0
F,342,F_w342,20,0.09601737771883026,0,0.37853379140816695,0,-81.49046765534015,0,1.0275314895031362,0,0
F,343,F_w343,20,0.09010320034401688,0,0.3669076978516454,0,-87.6477883953828,0,0.982442136923907,0,0
F,344,F_w344,20,0.09608155811447205,0,0.3719439365298932,0,-84.25412644446908,0,1.0014294599580307,0,0
F,345,F_w345,20,0.08482177151829212,0,0.36429254599749855,0,-92.24235973210106,0,0.9812577116322299,0,0
F,346,F_w346,20,0.06630341048659588,0,0.36309092802887255,0,-85.11535661782551,0,0.9894714674963059,0,0
F,347,F_w347,20,0.08403229718334561,0,0.3597730283060375,0,-93.44078004263254,0,0.9878939951669202,0,0
F,348,F_w348,20,0.09472353422781989,0,0.3769453331583229,0,-77.01242976601283,0,1.0971721822938214,0,0
F,349,F_w349,20,0.12123914630297485,0,0.3834061578201245,0,-71.82533655222281,0,1.0805976325505566,0,0
F,350,F_w350,20,0.07706408261257004,0,0.3737342964722333,0,-80.47597664181771,0,1.011477759429658,0,0
F,351,F_w351,20,0.08570290564814591,0,0.37365394489745285,0,-81.61080754432469,0,0.9980203798307101,0,0
F,352,F_w352,20,0.09200525827121447,0,0.3651593931999893,0,-83.54924388525495,0,0.9916373929324178,0,0
F,353,F_w353,20,0.06472653858140215,0,0.37012451025624643,0,-80.55572069043346,0,1.0405920403690514,0,0
F,354,F_w354,20,0.07034520212792687,0,0.3632454065128315,0,-78.54945506101905,0,0.9951429387742432,0,0
F,355,F_w355,20,0.07470545784835016,0,0.3754179210140453,0,-73.58902890797599,0,1.026415268089294,0,0
F,356,F_w356,20,0.07541882052126929,0,0.3802520590706588,0,-77.407596560037,0,1.0435472192456003,0,0
F,357,F_w357,20,0.07933981408425597,0,0.3692670075425662,0,-77.20971676743798,0,0.9999647035375824,0,0
F,358,F_w358,20,0.07604605299757007,0,0.36742783535029633,0,-80.7994384230649,0,1.017345468764968,0,0
F,359,F_w359,20,0.08756456343669446,0,0.3579215791765227,0,-83.42213114140232,0,0.9811070794818907,0,0
F,360,F_w360,20,0.07904467740727976,0,0.3696105518400437,0,-72.72834154425905,0,1.0044718317704675,0,0
F,361,F_w361,20,0.0830527543195834,0,0.3707687863603956,0,-71.66194136412712,0,1.0263553710064386,0,0
F,362,F_w362,20,0.11484460274679273,0,0.3864619799726922,0,-83.90951925930369,0,1.065743810503558,0,0
F,363,F_w363,20,0.09802236235208853,0,0.3711666577530811,0,-80.1177602627379,0,1.0149317913492162,0,0
F,364,F_w364,20,0.09568330465330256,0,0.3690329671524671,0,-87.9852580158957,0,1.0303116797837986,0,0
F,365,F_w365,20,0.06519552104674477,0,0.3632100891730403,0,-81.68744296405596,0,0.984990399697406,0,0
F,366,F_w366,20,0.07669614007642454,0,0.38928967981021223,0,-76.06568347009976,0,1.1122942712412283,0,0
F,367,F_w367,20,0.08576232304653612,0,0.3819176380364692,0,-90.32541666408044,0,1.0171132189497192,0,0
F,368,F_w368,20,0.08103296755361948,0,0.3730414199793193,0,-81.99920278258564,0,1.0774990361131425,0,0
F,369,F_w369,20,0.06912822180338207,0,0.365248864405102,0,-87.71733671578308,0,0.9850929930706778,0,0
F,370,F_w370,20,0.0848471359326063,0,0.40101466888612436,0,-60.1821268790335,1,1.1982447190618823,0,0
F,371,F_w371,20,0.10841967858958793,0,0.3796371721233547,0,-86.73590156182462,0,1.0657005255279943,0,0
F,372,F_w372,20,0.08990035143849019,0,0.36026926265969994,0,-87.92877660677605,0,0.98309934529048,0,0
F,373,F_w373,20,0.06451777365339931,0,0.3803668745232146,0,-74.8331815019684,0,1.0333427549736687,0,0
F,374,F_w374,20,0.08839991862471872,0,0.3714574907581409,0,-81.8611508263275,0,0.998773551862878,0,0
F,375,F_w375,20,0.10039513685240546,0,0.39761991652458184,0,-72.58554918345173,0,1.0257549033179998,0,0
F,376,F_w376,20,0.11182375695969286,0,0.3877096519529504,0,-75.5638674668539,0,0.9989636944498315,0,0
F,377,F_w377,20,0.09859008051354524,0,0.39283822910483107,0,-64.85608847355324,0,1.0955371766904698,0,0
F,378,F_w378,20,0.10496980426412268,0,0.3925912364241136,0,-71.08710376075581,0,1.0356966927628377,0,0
F,379,F_w379,20,0.10680189484223047,0,0.38980401444669943,0,-68.73144783903591,0,1.0234103265444352,0,0
F,380,F_w380,20,0.08691347118803082,0,0.3840099926120398,0,-66.57710874643394,0,1.0716398036562536,0,0
F,381,F_w381,20,0.13448451610274728,0,0.3886722772534645,0,-71.22716489926214,0,1.0991546749516576,0,0
F,382,F_w382,20,0.13942777112628507,0,0.4123691006364503,0,-63.98385399210256,1,1.1806316683731655,0,0
F,383,F_w383,20,0.10635558717852524,0,0.381207889242304,0,-78.85364924778642,0,1.0791751738706699,0,0
F,384,F_w384,20,0.07993633761824888,0,0.36842725689958544,0,-83.73138062317857,0,1.003305014221348,0,0
F,385,F_w385,20,0.05433907819254322,0,0.3805200995165296,0,-70.32171449052368,0,1.0702813186588678,0,0
F,386,F_w386,20,0.10331206491443895,0,0.3698267211143192,0,-85.56682958486364,0,0.9987217194226082,0,0
F,387,F_w387,20,0.11389700540700569,0,0.38446314413919896,0,-74.16631097925767,0,1.0789978264858875,0,0
F,388,F_w388,20,0.07819448092299561,0,0.3765129208863932,0,-77.67505059292431,0,1.0323186040441916,0,0
F,389,F_w389,20,0.06916030997574545,0,0.3746432008166404,0,-79.17956951330193,0,1.0049476413602128,0,0
F,390,F_w390,20,0.06831192995423753,0,0.3728278946180999,0,-77.32502269962075,0,0.9905864741219852,0,0
F,391,F_w391,20,0.09826194079676791,0,0.3842423630354108,0,-83.03997600095353,0,1.0726589958984372,0,0
F,392,F_w392,20,0.0729909440262719,0,0.37195997033300376,0,-77.49663260930085,0,0.9967717808089259,0,0
F,393,F_w393,20,0.09698337794134611,0,0.39439950876364754,0,-79.97919980442022,0,1.0217160453563139,0,0
F,394,F_w394,20,0.10131440488240545,0,0.39061263403987295,0,-84.83258312368733,0,0.9992257177734268,0,0
F,395,F_w395,20,0.09549935927347465,0,0.3616098353869845,0,-86.24827304690427,0,0.985037331131369,0,0
F,396,F_w396,20,0.09430117581235051,0,0.3675471757070441,0,-82.30648962626688,0,0.9970066115471964,0,0
F,397,F_w397,20,0.09081065181029013,0,0.3625770694534436,0,-90.80848900320447,0,0.9738739271049421,0,0
F,398,F_w398,20,0.1092132226794122,0,0.36409106633532723,0,-82.16365647839267,0,0.9813337864274789,0,0
F,399,F_w399,20,0.06912039294320452,0,0.39424110281231906,0,-58.50495654536252,1,1.3422717929121364,0,0
F,400,F_w400,20,0.06999988235328991,0,0.3665706449475434,0,-83.15345746921656,0,0.9993681535225418,0,0
F,401,F_w401,20,0.06968159159012134,0,0.36803352165803643,0,-81.03718716143138,0,1.022905999406903,0,0
F,402,F_w402,20,0.06747396378180097,0,0.3903137145713265,0,-68.95086128354991,1,1.247539406719766,0,0
F,403,F_w403,20,0.07201510002115336,0,0.3675671387012122,0,-84.96356144459389,0,0.9975550552839461,0,0
F,404,F_w404,20,0.09071142681653094,0,0.36515977422873813,0,-89.698966873693,0,0.9815949247082622,0,0
F,405,F_w405,20,0.0936077736445595,0,0.35577238465231364,0,-93.21505585289235,0,0.9822963042260204,0,0
F,406,F_w406,20,0.1086315788050458,0,0.3780097671416699,0,-82.4963593547441,0,1.0653235413566944,0,0
F,407,F_w407,20,0.08683493557908813,0,0.37852417625009344,0,-83.2526391021129,0,1.0249829026511437,0,0
F,408,F_w408,20,0.07434243461195543,0,0.3753319470915042,0,-79.49256426413803,0,1.0030198480174775,0,0
F,409,F_w409,20,0.09437965238093593,0,0.36014145257968333,0,-86.59257927326462,0,0.977090428238477,0,0
F,410,F_w410,20,0.12849852996606226,0,0.39284617370323555,0,-76.43123859271019,0,1.1169930232271528,0,0
F,411,F_w411,20,0.15936927015021926,0,0.4329157567976545,0,-65.3620965905811,0,1.1445733196844152,0,0
F,412,F_w412,20,0.11168219401154582,0,0.4179695378936647,0,-73.51367323225016,0,0.9921672022524226,0,0
F,413,F_w413,20,0.11703381306076491,0,0.3811748483274357,0,-77.14708678159391,0,1.0453309651498304,0,0
F,414,F_w414,20,0.07933674343065687,0,0.39150919871953505,0,-66.32056759749601,0,1.0928392397648332,0,0
F,415,F_w415,20,0.09991595255785564,0,0.38305570372106057,0,-81.00702102410179,0,1.0800203185483164,0,0
F,416,F_w416,20,0.12144275521404907,0,0.3878168899093055,0,-79.57545251151565,0,1.075616876545099,0,0
F,417,F_w417,20,0.07169820136074086,0,0.3745670442951541,0,-77.76433856314009,0,1.0217154175211935,0,0
F,418,F_w418,20,0.06465999009855537,0,0.37155918743105154,0,-82.98235114678603,0,1.0070063162906557,0,0
F,419,F_w419,20,0.10518893620399572,0,0.3720837872417895,0,-91.93486747932977,0,1.0383773475598665,0,0
F,420,F_w420,20,0.11492128014831793,0,0.4049647594942063,0,-74.88356305705268,0,1.040874994438786,0,0
F,421,F_w421,20,0.10717748364693426,0,0.4206834159374188,0,-73.33745547687847,0,1.0105974125720907,0,0
F,422,F_w422,20,0.09598699936702032,0,0.3955517085973832,0,-76.31914659107449,0,0.9987495412385995,0,0
F,423,F_w423,20,0.0822026624392555,0,0.3867237739255773,0,-77.5352594729533,0,1.0835721991948628,0,0
F,424,F_w424,20,0.18247318105590057,0,0.40175997518259915,0,-83.32136947551538,0,1.1696749376965392,0,0
F,425,F_w425,20,0.1008196875500597,0,0.3666229550727041,0,-91.93942191822144,0,0.9619979625711023,0,0
F,426,F_w426,20,0.11541853960868752,0,0.3807240324481711,0,-90.58313648447178,0,0.9871062338532074,0,0
F,427,F_w427,20,0.1664233916701984,0,0.44060731657369523,0,-72.59446736981624,1,1.2016815621210806,0,0
F,428,F_w428,20,0.22174494448717985,1,0.4773011878388884,1,-54.2133650957923,0,1.0777043708919856,1,0
F,429,F_w429,20,0.08958681248735761,0,0.4490015374320225,1,-42.22512650771941,1,1.3413667678301,1,0
F,430,F_w430,20,0.10286414132853426,1,0.45426270818536396,1,-43.273028056305726,1,1.369585572871321,1,1
F,431,F_w431,20,0.25562618606507226,0,0.43923326879375457,1,-46.404872613221094,1,1.2694605960620486,1,0
F,432,F_w432,20,0.07291665269029508,0,0.37721967092281145,0,-83.33041436752426,0,1.0005099599168124,0,0
F,433,F_w433,20,0.0629274529685278,0,0.3941875041820053,0,-75.01659275707847,0,1.003563359846368,0,0
F,434,F_w434,20,0.06517202398267435,0,0.3738602138412964,0,-77.26013308721294,0,1.0028820250099943,0,0
F,435,F_w435,20,0.06629206009792721,0,0.38519103092586815,0,-65.8338627791176,0,1.0604280966990567,0,0
F,436,F_w436,20,0.07702820907665095,0,0.3717243340047137,0,-73.93411490049553,0,0.9855093179246747,0,0
F,437,F_w437,20,0.07609264017800553,0,0.39735832128942,0,-58.29247551180302,0,1.0684021875134124,0,0
F,438,F_w438,20,0.08599658779193646,0,0.3950169523253733,0,-60.93787432991409,0,1.158696634095892,0,0
F,439,F_w439,20,0.08665137351980831,0,0.3983102533684814,0,-67.58456025245417,0,1.1435286657159431,0,0
F,440,F_w440,20,0.08370877721337004,0,0.3815156286608396,0,-72.72941518365197,0,1.0457150373126456,0,0
F,441,F_w441,20,0.11955056643607805,0,0.38740738521724105,0,-80.85193529670633,0,1.0658908542175898,0,0
F,442,F_w442,20,0.16274919890078118,0,0.44406168839080923,0,-68.5916907225806,0,1.155543922380717,0,0
F,443,F_w443,20,0.1435322200804203,1,0.46903740652872183,1,-50.80562657497353,1,1.300122490248777,1,1
F,444,F_w444,20,0.18457548359332887,0,0.43279849527644626,0,-64.52394011250468,0,1.170494177079905,0,0
F,445,F_w445,20,0.0859619723089771,0,0.3840576269568655,0,-73.41924769496606,0,1.0166653671998385,0,0
F,446,F_w446,20,0.10692607338773642,0,0.37131189025542966,0,-83.48265143833513,0,0.9844389806991255,0,0
F,447,F_w447,20,0.11644912077018987,0,0.36632941652181705,0,-86.76812612020055,0,0.9934185117447549,0,0
F,448,F_w448,20,0.10200028439576173,0,0.36830967483751736,0,-79.75709970722731,0,0.9933195034148246,0,0
F,449,F_w449,20,0.12823736725609036,0,0.4043142577565854,0,-74.63421319066448,0,1.057434258694779,0,0
F,450,F_w450,20,0.16382234655714356,0,0.41915336816576104,0,-75.9200210798803,0,1.130903248230096,0,0
F,451,F_w451,20,0.13550513178781515,0,0.3913876345258137,0,-88.37920479344932,0,1.079253253554428,0,0
F,452,F_w452,20,0.10464455583805742,0,0.3859985125521541,0,-76.04981553019117,0,1.0806361988511628,0,0
F,453,F_w453,20,0.11771932604929207,0,0.3701523426680702,0,-79.87141863113656,0,1.0617873046171948,0,0
F,454,F_w454,20,0.22481680668957502,0,0.43749308762578376,0,-64.67259509383447,0,1.143248579765337,0,0
F,455,F_w455,20,0.20475631662233323,0,0.4237319392028237,0,-72.24727618664122,0,1.0760547060257535,0,0
F,456,F_w456,20,0.12501451962926263,0,0.39145857117783334,0,-66.31090971721886,1,1.1765311390238782,0,0
F,457,F_w457,20,0.08204054490555537,0,0.38719245625977544,0,-70.09644101025013,0,1.165658978340031,0,0
F,458,F_w458,20,0.09299515059355198,0,0.39337624768041934,0,-77.0601337786679,0,1.0325342876357104,0,0
F,459,F_w459,20,0.10287147660781686,0,0.3602564239576747,0,-86.10493242077237,0,0.970765051169623,0,0
F,460,F_w460,20,0.08382079866681588,0,0.3716497747670404,0,-73.77005600989033,0,1.0515292080504393,0,0
F,461,F_w461,19,0.09627568364690418,0,0.36994849445509964,0,-82.91838357192592,0,1.0042457186323104,0,0
F,462,F_w462,15,0.06823267345986794,0,0.3947437999834617,0,-70.46177770986678,0,1.0273333599099277,0,0
F,463,F_w463,15,0.08124904593675746,0,0.3904104808142376,0,-71.13070865179996,0,1.0601191168088093,0,0
F,464,F_w464,15,0.09153165126614454,0,0.3810730158504086,0,-75.45128026007562,0,1.0793772335762637,0,0
F,465,F_w465,15,0.059731311032945725,0,0.40270518133852573,0,-62.62296648028876,0,1.1341782780547844,0,0
F,466,F_w466,15,0.06596428815937413,0,0.37424525449742996,0,-78.72853168811812,0,1.0551150091337882,0,0
F,467,F_w467,15,0.08469779342182572,0,0.40105355174470525,0,-74.42195188002286,0,1.0245141977760763,0,0
F,468,F_w468,15,0.10825087573549956,0,0.406844009530012,0,-70.95909204440261,0,1.0209881955212157,0,0
F,469,F_w469,15,0.10602889355787504,0,0.37479330380554376,0,-78.3366096735578,0,1.016308089037561,0,0
F,470,F_w470,15,0.10582952459639121,0,0.3911720104923077,0,-72.74175524356552,0,1.1042193662093205,0,0
F,471,F_w471,15,0.14440721993149236,0,0.38221692526577516,0,-86.092580417505,0,1.088720722938432,0,0
F,472,F_w472,15,0.1103868147725146,0,0.3868328169985233,0,-86.81191174128718,0,1.0295106472542561,0,0
F,473,F_w473,15,0.11052222670140695,0,0.36650424452118835,0,-88.44960735989844,0,1.0122215551132128,0,0
F,474,F_w474,15,0.10674912122926682,0,0.3711573358681128,0,-83.97083734959095,0,0.9864280805413767,0,0
F,475,F_w475,15,0.11609821804016587,0,0.38272902128072156,0,-84.55641313876185,0,1.030387084432616,0,0
F,476,F_w476,15,0.058991189975286476,0,0.37762654483219327,0,-77.71599210590334,0,1.0348696688867083,0,0
F,477,F_w477,15,0.08116971257124526,0,0.37612732046720304,0,-83.10991323012604,0,1.0318227750477926,0,0
F,478,F_w478,15,0.07176127954086091,0,0.3727344271646385,0,-84.98960064006944,0,1.0101876342182157,0,0
F,479,F_w479,15,0.05852254636010843,0,0.3768437195404135,0,-77.3554820622744,0,1.0677558394269253,0,0
F,480,F_w480,15,0.08526911753684667,0,0.41266553743913353,0,-66.81936627069182,1,1.267377229181404,0,0
F,481,F_w481,15,0.1345993164750827,0,0.41749822338631104,0,-77.58253308712928,0,1.034419123561026,0,0
F,482,F_w482,15,0.0856301278590749,0,0.37270867293355864,0,-88.25500856080697,0,1.0427746180639916,0,0
F,483,F_w483,15,0.09105828826717292,0,0.3826424066846045,0,-82.03658312498251,0,1.003572376035669,0,0
F,484,F_w484,15,0.12869558689097085,0,0.417518089362551,0,-60.94638056491515,0,1.156641035155478,0,0
F,485,F_w485,15,0.0975078094573958,0,0.43081193492986936,0,-60.25945210256758,0,1.131541601510558,0,0
F,486,F_w486,15,0.08297452552037783,0,0.4076529490328881,0,-70.37272640829235,0,1.0262605436626562,0,0
F,487,F_w487,15,0.09450529324883675,0,0.4131624143651773,0,-64.95748951843532,0,1.0911915252476927,0,0
F,488,F_w488,15,0.11117951716964682,0,0.43706037774799356,0,-56.99870220689532,0,1.1335509905269034,0,0
F,489,F_w489,15,0.07988718823652567,0,0.4258638058429665,0,-61.895959608889605,0,1.050956407181524,0,0
F,490,F_w490,15,0.07699352015297291,0,0.41605448301404835,0,-68.32583333657672,0,1.0625342775096696,0,0
F,491,F_w491,15,0.07464525991227887,0,0.4024596407522829,0,-68.23926133139571,0,1.0484626838099562,0,0
F,492,F_w492,15,0.09870546653123204,0,0.41437393027717684,0,-61.14634319360421,0,1.1196560771757516,0,0
F,493,F_w493,15,0.1104149621238776,0,0.42125009999723767,0,-65.6237418719074,0,1.0402455611377512,0,0
F,494,F_w494,15,0.0840784580124882,0,0.4012895815407003,0,-74.2133848529724,0,1.0326140157134882,0,0
F,495,F_w495,15,0.10186023282813882,0,0.41098426971116,1,-55.293866317679196,1,1.1965971319340187,1,0
F,496,F_w496,15,0.08748829944250057,0,0.3743579834668543,0,-84.20862861172321,0,1.0132970477799743,0,0
F,497,F_w497,15,0.044675228418073504,0,0.3781468751922137,0,-73.23454257184075,0,1.0725082311824268,0,0
F,498,F_w498,15,0.03852318601270355,0,0.39018383252846933,0,-69.83033081142014,0,1.0841944042166467,0,0
F,499,F_w499,15,0.07722658723754477,0,0.37671106172861407,0,-80.2058887064822,0,1.0076665400563565,0,0
F,500,F_w500,15,0.08682750264212188,0,0.37859629600359557,0,-80.42351149067494,0,1.0090290416005687,0,0
F,501,F_w501,15,0.08018388606391373,0,0.38403398354196205,0,-72.79829046837354,0,1.0456865853105783,0,0
F,502,F_w502,15,0.06630675103565176,0,0.3797847108934956,0,-86.21374102240259,0,1.003139911603699,0,0
F,503,F_w503,15,0.06293358026992966,0,0.3805104097571677,0,-84.27659530122469,0,1.0121805046776517,0,0
F,504,F_w504,15,0.07202570053052573,0,0.3897507567797958,0,-83.38349484671197,0,0.9900591330609757,0,0
F,505,F_w505,15,0.07473835048557123,0,0.40609568601397517,0,-77.83974565720088,0,1.014042395224142,0,0
F,506,F_w506,15,0.09006063497073591,0,0.40926085033402226,0,-65.5519696439144,0,1.1043500300136895,0,0
F,507,F_w507,15,0.09641986014887247,0,0.37568393635385766,0,-87.55613629397749,0,0.993167288169081,0,0
F,508,F_w508,15,0.08164545231384521,0,0.3959909682634153,0,-78.72817446089078,0,0.9964586348457731,0,0
F,509,F_w509,15,0.07512457657009677,0,0.40084950565437394,0,-73.04636178780179,0,1.053717615371706,0,0
F,510,F_w510,15,0.08810170034696282,0,0.39273679135794265,0,-83.41009997924515,0,0.9924016060960655,0,0
F,511,F_w511,15,0.05617091331248097,0,0.3971601551297961,0,-78.38238582661737,0,1.0133047925499288,0,0
F,512,F_w512,15,0.16894560456314295,0,0.4377967399821779,0,-69.68661236608884,0,1.0722016082411854,0,0
F,513,F_w513,15,0.18557367311842451,1,0.46757165192217814,1,-50.748772918184,0,1.0295837419302651,1,0
F,514,F_w514,15,0.28339889851113853,1,0.48283755585557436,1,-52.79283545298347,0,1.0421128924825045,1,0
F,515,F_w515,15,0.0693194635983907,0,0.371253830511521,0,-79.54835166375676,0,1.0392000780793462,0,0
F,516,F_w516,15,0.050539151766380734,0,0.3723428247622264,0,-87.19530490504168,0,1.0128650428268902,0,0
F,517,F_w517,15,0.06529335656365892,0,0.37479774917779407,0,-80.0750048793415,0,1.0615658970418156,0,0
F,518,F_w518,15,0.10891564292103502,0,0.366643775374542,0,-98.79652909104466,0,1.0079541409169415,0,0
F,519,F_w519,15,0.09560685987814216,0,0.39043087057619563,0,-91.47097428360456,0,1.026598097389716,0,0
F,520,F_w520,15,0.1318508050012878,0,0.42085026026532574,0,-78.47563784108925,0,1.0250998949971004,0,0
F,521,F_w521,15,0.17197955849228172,0,0.4266694936604235,0,-70.51865944054916,0,1.0664327408361087,0,0
F,522,F_w522,15,0.07975629480484653,0,0.39171582779234365,0,-77.30372509667406,0,0.9951252004068999,0,0
F,523,F_w523,15,0.09864406003868756,0,0.42028949535586546,0,-59.63422971509671,0,1.061976628102633,0,0
F,524,F_w524,15,0.0689587126422974,0,0.4062429757519745,0,-70.76261859788816,0,1.004143741211112,0,0
F,525,F_w525,15,0.05582687535512971,0,0.41271377962111194,0,-72.54661248084824,0,1.0153269833426717,0,0
F,526,F_w526,15,0.0807850979515512,0,0.4248526586348411,0,-61.46037955463934,0,1.1128557359698314,0,0
F,527,F_w527,15,0.05719105338752307,0,0.41349916030167827,0,-65.09784039805454,0,1.0748436122480804,0,0
F,528,F_w528,15,0.08859537307663658,0,0.4004434425113372,0,-70.19369284433974,0,1.072241153826086,0,0
F,529,F_w529,15,0.05665147996702092,0,0.40640407702803943,0,-66.56416453099258,0,1.1052119220186134,0,0
F,530,F_w530,15,0.10130969435762864,0,0.39091452631720525,0,-78.99986627319069,0,1.0880019563007772,0,0
F,531,F_w531,15,0.11266567971006292,0,0.3903381119306169,0,-80.22858898243251,0,1.1154763458699979,0,0
F,532,F_w532,15,0.10961476734267611,0,0.39377583211047384,0,-86.62543922070034,0,1.1318145286631103,0,0
F,533,F_w533,15,0.07849477042714946,0,0.37625698897353543,0,-86.68227759925213,0,1.0649387854462746,0,0
F,534,F_w534,15,0.07242129268940571,0,0.37692759419987426,0,-88.9388660850051,0,1.0107415320632922,0,0
F,535,F_w535,15,0.26715144002817803,1,0.47103419781041733,1,-51.06831056102768,0,1.1214125520266864,1,0
F,536,F_w536,15,0.27254188888841796,1,0.4848892456326163,1,-55.96561186532443,0,1.1708090925733,1,0
F,537,F_w537,15,0.21088499267454863,0,0.44214088095850707,0,-73.83149832036074,0,1.0445565211868584,0,0
F,538,F_w538,15,0.1143263206941978,0,0.38723118476762164,0,-91.98548763623118,0,1.0474880839911513,0,0
F,539,F_w539,15,0.1211174226450641,0,0.38633034813654193,0,-92.29878088826538,0,1.0857278903509822,0,0
F,540,F_w540,15,0.055997610486848814,0,0.37914183193787376,0,-75.83880559053225,0,1.048933675512605,0,0
F,541,F_w541,15,0.06535541777619275,0,0.38453873292430946,0,-81.89285365819957,0,1.0221931653556884,0,0
F,542,F_w542,15,0.21309053885722934,1,0.47025859310832563,0,-57.79084348597485,0,1.0672377039638103,0,0
F,543,F_w543,15,0.21887997189321004,1,0.46689144984456304,0,-59.49389385367688,0,1.0520297875942404,0,0
F,544,F_w544,15,0.18996452290349877,1,0.4671335850928417,1,-55.27297939379258,0,1.0894017276548713,1,0
F,545,F_w545,15,0.05928471823524724,0,0.4024681999482464,0,-75.16760602344591,0,0.9916944695740211,0,0
F,546,F_w546,15,0.2889405404860883,1,0.5370179369825505,1,-34.198938376883255,1,1.1783406618553707,1,1
F,547,F_w547,15,0.2459419369606921,1,0.5132251290107703,1,-46.260321410537415,0,1.0792828765318188,1,0
F,548,F_w548,15,0.3108993572900199,1,0.5140031607586925,1,-41.929160241713895,0,1.0883529848875253,1,0
F,549,F_w549,15,0.21256301092579427,1,0.47877982466637875,1,-48.4752675327029,0,1.0270947497157759,1,0
F,550,F_w550,15,0.3572154180802148,1,0.507532872729895,1,-41.69525820797533,0,1.0795752136167305,1,0
F,551,F_w551,15,0.17189964547257766,0,0.4445314651419193,0,-65.40165716645507,0,1.092431172232794,0,0
F,552,F_w552,15,0.16657538869504324,0,0.42738409197068145,0,-85.67546188279408,0,1.0761398653621241,0,0
F,553,F_w553,15,0.29273063646431546,1,0.5080820772175283,1,-39.667076916930334,0,1.0828452132430944,1,0
F,554,F_w554,15,0.2743253107296108,1,0.48890892950719395,1,-55.50137947379565,0,1.0244453423261672,1,0
F,555,F_w555,15,0.28745426853074485,1,0.49674419468758635,1,-40.312006947236576,0,1.1079325418263986,1,0
F,556,F_w556,15,0.38032459998924445,1,0.5112964656955082,1,-41.67697995894343,0,1.0791467005853603,1,0
F,557,F_w557,15,0.14623895090220906,1,0.46327714037369,1,-51.17000905048994,0,1.102039180998106,1,0
F,558,F_w558,15,0.3280996751481713,1,0.4860942475863421,1,-40.04525993936739,0,1.1318768954978924,1,0
F,559,F_w559,15,0.08803050596698256,0,0.4454039226960055,1,-39.58641174270819,1,1.3540880426058808,1,0
F,560,F_w560,15,0.24275948110007864,1,0.467332893391073,1,-53.19147074317944,0,1.125098342358357,1,0
F,561,F_w561,15,0.11617891557657568,0,0.4015006565782906,0,-85.22602326800305,0,1.171295499823499,0,0
F,562,F_w562,15,0.2956042915142,1,0.5094890276675361,1,-44.23361842338984,0,1.1438046130368946,1,0
F,563,F_w563,15,0.3602879253952798,1,0.5348981984577634,1,-34.01411848779156,0,1.0868141095807977,1,0
F,564,F_w564,15,0.12557625111914847,0,0.45157304445426244,1,-47.03182814788992,1,1.2259172983000046,1,0
F,565,F_w565,15,0.10807629854909401,0,0.44359044280447824,1,-44.98988218344594,1,1.2271270707503446,1,0
F,566,F_w566,15,0.2137930475731637,1,0.473889769202197,1,-45.11933551865971,0,1.0954847148720206,1,0
F,567,F_w567,15,0.3599976085572599,1,0.5159358685862586,1,-42.818722261389055,0,1.0968246871314458,1,0
F,568,F_w568,15,0.18674128412242744,0,0.45005947167769883,0,-60.02494545650378,1,1.179597919164925,0,0
F,569,F_w569,15,0.23828441432009276,1,0.46380694073453493,1,-51.02746790164926,1,1.1939134201090347,1,1
F,570,F_w570,13,0.11822681403324223,0,0.392800354084151,0,-86.22765991450615,0,1.0256676932986502,0,0
F,571,F_w571,10,0.1326259431847082,0,0.42499791162836315,0,-83.58352775255457,0,1.03539487236432,0,0
F,572,F_w572,10,0.2810418274933265,1,0.48395379986436643,1,-34.28408355547895,0,1.1671666843954869,1,0
F,573,F_w573,10,0.38761150086162194,1,0.524819365156986,1,-29.275378427515676,0,1.1119644754756535,1,0
F,574,F_w574,10,0.03949291739228873,0,0.4526380826405706,1,-28.23669398075297,1,1.3068476199736352,1,0
F,575,F_w575,10,0.03860474331467288,1,0.46042541745154847,1,-28.53464603098919,1,1.3163064110048208,1,1
F,576,F_w576,10,0.21598166694704107,1,0.48592274302347194,1,-38.589284305415504,0,1.1150413980601508,1,0
F,577,F_w577,10,0.3420440687940859,1,0.512994119225425,1,-37.16618488334715,0,1.0860101021200208,1,0
F,578,F_w578,10,0.27062112750131256,1,0.47178596793285577,1,-41.22503912573297,0,1.0713751226492738,1,0
F,579,F_w579,10,0.2739692076964314,1,0.5070492001423079,1,-40.12024891910389,0,1.113932815303432,1,0
F,580,F_w580,10,0.22631015569504623,1,0.5167719593803172,1,-29.839703845934952,0,1.150137642659499,1,0
F,581,F_w581,10,0.35570265800849016,1,0.5495415929906914,1,-13.142948043452058,1,1.2929144105320687,1,1
F,582,F_w582,10,0.1829678262135407,1,0.4713707561389722,1,-11.322783321769279,1,1.5267205229782375,1,1
F,583,F_w583,10,0.19645442721154813,1,0.5075975963899869,1,-48.29615607691719,0,1.08056532965751,1,0
F,584,F_w584,6,0.7246638198332442,1,0.6495388674031484,1,-1.36712158553496,1,2.5129800213516753,1,1
F,585,F_w585,5,0.027343103844996972,0,0.41761936374228786,0,-68.03209895979406,0,1.040600784044533,0,0
F,586,F_w586,3,0.015616641476017002,0,0.4497879879921988,1,-50.500718948010494,0,1.0022806592734987,0,0
G,0,G_w0,16,0.9864558091397709,1,0.6537984640945751,1,-1.1057638153396923,1,3.0090947366337075,1,1
G,1,G_w1,20,0.086868603019986,1,0.45652813418919425,1,-54.61262499365813,1,1.2027441995751025,1,1
G,2,G_w2,20,0.15127043544082544,1,0.4862589536375071,1,-53.12574573033718,0,1.0963460402499823,1,0
G,3,G_w3,20,0.11200627389205638,1,0.48870972891567394,1,-43.15500356500045,1,1.2201508870378408,1,1
G,4,G_w4,20,0.13250005288618838,0,0.44401540081078694,0,-73.68905652588556,0,1.0649590558088726,0,0
G,5,G_w5,20,0.19761563421034684,1,0.48599337781100815,0,-59.148706983642256,0,1.0664550592776352,0,0
G,6,G_w6,20,0.08454692214750643,0,0.42960326974898,0,-67.72615299621432,0,1.110747706323871,0,0
G,7,G_w7,20,0.17371347130123097,1,0.4658190912654925,0,-63.07020466811424,0,1.071262605544318,0,0
G,8,G_w8,20,0.14183586273718307,0,0.4185706203149002,0,-77.52731648669642,0,1.0261007963685094,0,0
G,9,G_w9,20,0.10231158824984699,0,0.4038502366002733,0,-85.5239968238412,0,1.0545940586364118,0,0
G,10,G_w10,20,0.1283991226497683,0,0.41180507174515374,0,-96.14562434851473,0,1.0661739803804282,0,0
G,11,G_w11,20,0.07939962350667519,0,0.3963335810451663,0,-90.49167437829944,0,1.1152753224861933,0,0
G,12,G_w12,20,0.08500728343600593,0,0.3861121423042521,0,-68.86813721763237,0,1.1087762900478295,0,0
G,13,G_w13,20,0.09582626859683807,0,0.3843912008286673,0,-77.94001665001382,0,1.066633980631171,0,0
G,14,G_w14,20,0.14370522542678782,0,0.3995023088161467,0,-77.95295027169342,0,1.0920102240734153,0,0
G,15,G_w15,20,0.1619488351443202,0,0.41242455565404784,0,-77.2488672942324,0,1.1056701087084988,0,0
G,16,G_w16,20,0.12095851068184771,0,0.3790571936402769,0,-84.69893628643418,0,1.0491250382848376,0,0
G,17,G_w17,20,0.140189578061441,0,0.38821193975318136,0,-93.50513779326432,0,1.0385869427592904,0,0
G,18,G_w18,20,0.13209899064601624,0,0.38205031602775186,0,-93.57650759050244,0,1.0527780121888004,0,0
G,19,G_w19,20,0.09245413870920983,0,0.3824813516180806,0,-82.05614413224258,0,1.0611601596187448,0,0
G,20,G_w20,20,0.11663491645781203,0,0.3932729053607959,0,-90.32593286110323,0,1.0315538176509509,0,0
G,21,G_w21,20,0.11019514210614148,0,0.3712515132223403,0,-86.06178756030222,0,1.0106995984154072,0,0
G,22,G_w22,20,0.10236424582632875,0,0.40103954210419357,0,-84.02854126344668,0,1.0290226430768947,0,0
G,23,G_w23,20,0.2340906682775793,0,0.4441895619951092,0,-68.14804385455612,0,1.0272500187566689,0,0
G,24,G_w24,20,0.08017984360920881,0,0.36871331974155985,0,-82.57728890368675,0,1.0116886490516661,0,0
G,25,G_w25,20,0.1416312393096939,0,0.4029032126265792,0,-93.20617202796272,0,1.0647281184005617,0,0
G,26,G_w26,20,0.12052038084212072,0,0.39536174371643223,0,-84.3488385385917,0,1.0547417371994137,0,0
G,27,G_w27,20,0.1244471176489379,0,0.39452624510917694,0,-80.37354588751568,0,1.0677237137939803,0,0
G,28,G_w28,20,0.12577863257038477,0,0.4206273438779433,0,-71.59014907719863,1,1.2222516632951108,0,0
G,29,G_w29,20,0.07580650101993922,0,0.3660939223564969,0,-85.86693471206316,0,1.0335229834781938,0,0
G,30,G_w30,20,0.10970093217496124,0,0.38034189284650805,0,-84.94096362995506,0,1.0497790756860115,0,0
G,31,G_w31,20,0.14039843014890738,0,0.38410051241593096,0,-94.38504488188626,0,1.0230410285266565,0,0
G,32,G_w32,20,0.08090113480200711,0,0.37442547028703943,0,-81.22928086701803,0,1.048576055945613,0,0
G,33,G_w33,20,0.12994587927432075,0,0.38323899105594456,0,-93.06465054782704,0,1.0406514973485423,0,0
G,34,G_w34,20,0.1640780581322331,0,0.39159670576832256,0,-87.16193154585427,0,1.0598082879640653,0,0
G,35,G_w35,20,0.10039161620334366,0,0.3639799621560174,0,-88.56189394798321,0,0.9779362712133869,0,0
G,36,G_w36,20,0.10871964405948378,0,0.37466940714411245,0,-76.71438273069285,0,1.0065214535970093,0,0
G,37,G_w37,20,0.11591550804303855,0,0.41456390178380526,0,-62.07509719510774,0,1.1005558000272726,0,0
G,38,G_w38,20,0.07462868811120363,0,0.376170304692126,0,-83.5842178693837,0,1.0000631708074448,0,0
G,39,G_w39,20,0.07366446939013441,0,0.4124764486911418,0,-66.82250503619169,0,1.0496157015499499,0,0
G,40,G_w40,20,0.07303185140201826,0,0.40687216957374595,0,-71.60211036197632,0,1.0290845439140088,0,0
G,41,G_w41,20,0.07954473302715566,0,0.43200429474843416,1,-54.542054487017595,0,1.144479001654292,0,0
G,42,G_w42,20,0.07709857744093482,0,0.4466856441727546,1,-45.451268859065,1,1.2945307032424822,1,0
G,43,G_w43,20,0.08639976221348389,0,0.3936221994378873,0,-75.43148502742929,0,1.0113371590516078,0,0
G,44,G_w44,20,0.10289399716456261,0,0.3925349260812344,0,-79.09558981283787,0,1.009543768515318,0,0
G,45,G_w45,20,0.07898995386061598,0,0.37693424780414714,0,-82.26590652098832,0,0.991988749663768,0,0
G,46,G_w46,20,0.08768860902300178,0,0.3619175383808297,0,-91.7687763777943,0,0.9760015928473984,0,0
G,47,G_w47,20,0.10614581621883269,0,0.36488031740768573,0,-88.47408974950514,0,1.012904530789538,0,0
G,48,G_w48,20,0.12539168721224228,0,0.37668314760456084,0,-90.62238775499331,0,1.0734437665206602,0,0
G,49,G_w49,20,0.1487743876269894,0,0.3942907758226075,0,-84.19066721198196,0,1.061969632109088,0,0
G,50,G_w50,20,0.1083405831967479,0,0.3759887394649144,0,-81.15392823603635,0,1.0565698544539726,0,0
G,51,G_w51,20,0.07843803079409495,0,0.3622698344465162,0,-84.99199088736255,0,0.9820743125751806,0,0
G,52,G_w52,20,0.09059660544334204,0,0.36118623179313614,0,-91.96643049850098,0,0.9649788045431326,0,0
G,53,G_w53,20,0.12440565221048357,0,0.4033525096242531,0,-73.97114359599202,0,1.0734607635623814,0,0
G,54,G_w54,20,0.0886486873013987,0,0.3663414422960289,0,-89.92001851374651,0,0.9761839422866581,0,0
G,55,G_w55,20,0.157583005687896,0,0.41502692532589575,0,-64.80650385710442,0,1.0741345940593494,0,0
G,56,G_w56,20,0.1352128965159159,0,0.3877958063637785,0,-86.072127472673,0,1.069055813724499,0,0
G,57,G_w57,20,0.11912618481007897,0,0.3649373171348357,0,-92.12376438752659,0,0.9922956722614127,0,0
G,58,G_w58,20,0.09279618995519176,0,0.3619285329337946,0,-90.64516108014845,0,0.9726327419611808,0,0
G,59,G_w59,20,0.10640453799161681,0,0.3919767523838084,0,-78.60163967117987,0,1.1002972775182809,0,0
G,60,G_w60,20,0.11354210224475868,0,0.3657015344029281,0,-94.5703224676847,0,1.0078086721346515,0,0
G,61,G_w61,20,0.08067240297057088,0,0.3696806533865938,0,-75.67572009207576,0,1.1017267827075328,0,0
G,62,G_w62,20,0.08692962214823657,0,0.3685529971352022,0,-85.996277909066,0,0.9992955802115961,0,0
G,63,G_w63,20,0.08400793702902551,0,0.38472094799812984,0,-75.56477625966967,0,1.014194492167416,0,0
G,64,G_w64,20,0.06147530982613056,0,0.3897519975074615,0,-74.30873716143981,0,1.0122720156825635,0,0
G,65,G_w65,20,0.07382844448577079,0,0.3820360039635346,0,-76.11458237138352,0,1.1196963242391842,0,0
G,66,G_w66,20,0.09941282657254091,0,0.37693697852783503,0,-75.97891111032678,0,1.0323171849247867,0,0
G,67,G_w67,20,0.19885037566926528,1,0.46144470737819465,1,-46.31580200630264,1,1.1918476308370196,1,1
G,68,G_w68,20,0.13497233441070705,0,0.41733282588650084,0,-70.71073729545064,0,1.066620102728633,0,0
G,69,G_w69,20,0.08787475845104743,0,0.3967857986948645,0,-83.2347465079294,0,1.0286139152206755,0,0
G,70,G_w70,20,0.09195191412551534,0,0.37843062645791603,0,-89.49069250540025,0,1.0136602863635078,0,0
G,71,G_w71,20,0.1499934871386315,0,0.37990501845327435,0,-92.1134423032895,0,1.0230498762300788,0,0
G,72,G_w72,20,0.1605772844155339,0,0.3954597583454018,0,-90.48420003128965,0,1.0216258405928962,0,0
G,73,G_w73,20,0.1350468151685285,0,0.39976097260212695,0,-80.38001286406228,0,1.0422067818554577,0,0
G,74,G_w74,20,0.09912460129038418,0,0.3703365888760364,0,-79.99451911013212,0,0.9907223148320047,0,0
G,75,G_w75,20,0.09869493199010394,0,0.368049414656359,0,-85.81054235373497,0,0.9784630803638112,0,0
G,76,G_w76,20,0.11109503084285845,0,0.378322151571034,0,-79.57950167725242,0,1.0427955930730801,0,0
G,77,G_w77,20,0.09618404813280514,0,0.3666869058636624,0,-87.33564555127899,0,0.9931945348250147,0,0
G,78,G_w78,20,0.08329381050902897,0,0.3650434181867329,0,-89.05877054971918,0,0.9869015589273681,0,0
G,79,G_w79,20,0.079381896997114,0,0.37965588298864755,0,-79.9899032536016,0,1.0289334063009692,0,0
G,80,G_w80,20,0.08610980336708808,0,0.3929038134481696,0,-76.15342910789585,0,1.076248375735234,0,0
G,81,G_w81,20,0.09779849066803215,0,0.3761611632768511,0,-91.77519781511515,0,0.9977463744219011,0,0
G,82,G_w82,20,0.05690702081521602,0,0.3872460979346268,0,-84.5170931851512,0,1.0166959755977525,0,0
G,83,G_w83,20,0.09067009481108747,0,0.3660836717464972,0,-89.48843260819953,0,1.0071768883830068,0,0
G,84,G_w84,20,0.09319101067843649,0,0.3686492797427998,0,-91.1616984089157,0,0.9872624992839834,0,0
G,85,G_w85,20,0.11049224165640557,0,0.3926274107157356,0,-87.30163631970271,0,1.1115274398033184,0,0
G,86,G_w86,20,0.11532688007800491,0,0.39112820133316445,0,-81.77732004797473,0,1.0514609587751829,0,0
G,87,G_w87,20,0.07809541434981022,0,0.35870062156794663,0,-89.62241396710193,0,0.9789805575656808,0,0
G,88,G_w88,20,0.06754947449729444,0,0.3684931325193847,0,-86.396367214799,0,0.9959423631019815,0,0
G,89,G_w89,20,0.0997490887124825,0,0.3618271475705661,0,-92.72053263993504,0,0.9705646972264643,0,0
G,90,G_w90,20,0.08424750091180279,0,0.3675877457719173,0,-87.29202564380736,0,0.9851808528571357,0,0
G,91,G_w91,20,0.08141955490844617,0,0.3642315434342912,0,-85.43693594611851,0,0.9999398785761721,0,0
G,92,G_w92,20,0.08644556640045108,0,0.37415263811073324,0,-77.12451063119777,0,1.0196427931447847,0,0
G,93,G_w93,20,0.09767312932510648,0,0.3810086981767483,0,-78.08201199131902,0,1.0875696795183953,0,0
G,94,G_w94,20,0.07581413786849686,0,0.38537212858121356,0,-75.83706908572249,0,1.0376812265901911,0,0
G,95,G_w95,20,0.0755929149510801,0,0.3825379067855603,0,-75.04895293826077,0,1.039595745194775,0,0
G,96,G_w96,20,0.0983790398744837,0,0.3926029932608297,0,-82.65276701809823,0,1.0793277670617816,0,0
G,97,G_w97,20,0.07356329008247715,0,0.38454485290132107,0,-83.1812724516801,0,1.0671176362923134,0,0
G,98,G_w98,20,0.11056086924484024,0,0.4008354617360491,0,-73.62946427213221,0,1.1338429088208095,0,0
G,99,G_w99,20,0.0946543426930723,0,0.36068053539721256,0,-89.39100982038454,0,0.9774526364070858,0,0
G,100,G_w100,20,0.08853749641150248,0,0.3866769832557663,0,-84.25512703551685,0,1.000006988106407,0,0
G,101,G_w101,20,0.07500934243885055,0,0.3700907403237213,0,-83.29693526227364,0,1.0179800103595955,0,0
G,102,G_w102,20,0.09057446329769905,0,0.387641493233633,0,-79.80053622979206,0,1.010602486304113,0,0
G,103,G_w103,20,0.11801204475355984,0,0.39186273588993653,0,-96.62414453891554,0,1.0003944597691508,0,0
G,104,G_w104,20,0.148011151805837,0,0.4034444005942824,0,-90.02505909800847,0,1.0464037212463189,0,0
G,105,G_w105,20,0.10414988820470242,0,0.38949975057510844,0,-85.93118419913749,0,1.1157313049500712,0,0
G,106,G_w106,20,0.1071220007768601,0,0.3857524036930372,0,-89.80770970479692,0,1.068002609894223,0,0
G,107,G_w107,20,0.0987650282356529,0,0.4010830729861639,0,-80.65445914486024,0,1.0585086402271882,0,0
G,108,G_w108,20,0.10899347502715528,0,0.3906336937354338,0,-88.29123134849375,0,1.0685811900728688,0,0
G,109,G_w109,20,0.10688695016437949,0,0.3902013535768578,0,-90.23145129551789,0,1.0468821459281743,0,0
G,110,G_w110,20,0.07407938943292393,0,0.4071624030994602,0,-80.26191268621983,0,1.0754823897756987,0,0
G,111,G_w111,20,0.08119744286628244,0,0.3934253929046823,0,-85.55006416445642,0,1.0997519976350525,0,0
G,112,G_w112,20,0.07908244048275578,0,0.39731764349033444,0,-77.4664151050925,0,1.1622718492673492,0,0
G,113,G_w113,20,0.07968251659727009,0,0.39413276967743494,0,-92.69005480512291,0,1.0497025249713845,0,0
G,114,G_w114,20,0.0713418699858945,0,0.40992588669690305,0,-83.46825237218475,0,1.077328006642219,0,0
G,115,G_w115,20,0.057556501468725166,1,0.46127697488160074,0,-57.434679016904546,0,1.1007585777853954,0,0
G,116,G_w116,20,0.041056144287266345,0,0.4491135561060538,0,-67.30314968107898,0,1.1214315564670845,0,0
G,117,G_w117,20,0.07545646833058665,0,0.43443902907069265,0,-68.30999612665829,1,1.1908722159542835,0,0
G,118,G_w118,20,0.11164256083817316,0,0.41817995986062984,0,-69.61506762601518,0,1.1624060302057073,0,0
G,119,G_w119,20,0.11297182753481011,0,0.41321138795070494,0,-74.90708755274763,1,1.2457821982215878,0,0
G,120,G_w120,20,0.06552137941384352,0,0.37743894607395906,0,-82.99625293945725,0,1.0159334861819902,0,0
G,121,G_w121,20,0.09995805866361787,0,0.42556913109951333,0,-62.20991380370043,0,1.1327823396776253,0,0
G,122,G_w122,20,0.10021671727149495,0,0.3830775432519616,0,-83.15556306166307,0,1.0755693057995095,0,0
G,123,G_w123,20,0.12544654561232485,0,0.38310426863552816,0,-99.06697262218049,0,1.0526857152465696,0,0
G,124,G_w124,20,0.10056762582242412,0,0.36316886344758587,0,-95.07519085630854,0,0.994222166468597,0,0
G,125,G_w125,20,0.10283955768970104,0,0.40088580658278594,0,-79.34785162469892,0,1.068278019521826,0,0
G,126,G_w126,20,0.11205071354082798,0,0.3929441610415442,0,-82.85542780304566,0,1.0688552514242762,0,0
G,127,G_w127,20,0.11579229046838184,0,0.37321872585089727,0,-93.56735070173754,0,1.0065636578140695,0,0
G,128,G_w128,20,0.08268057838720798,0,0.3697043871968738,0,-86.02959838351295,0,0.9924430359264351,0,0
G,129,G_w129,20,0.1058690390347013,0,0.3782877012538141,0,-87.5660175513931,0,1.0502869385176907,0,0
G,130,G_w130,20,0.09911832986912426,0,0.3763661130807357,0,-81.78029113477861,0,1.0520766880083403,0,0
G,131,G_w131,20,0.13211399047822178,0,0.36801674922242206,0,-89.54896852579876,0,1.035616755180461,0,0
G,132,G_w132,20,0.07814064679924951,0,0.36358626957890267,0,-85.29633972512829,0,1.0098196360998521,0,0
G,133,G_w133,20,0.07028752493082452,0,0.42441359781226823,0,-63.83937586869141,0,1.1280574258338885,0,0
G,134,G_w134,20,0.08934993765719107,0,0.41030197479140784,0,-75.30418037498085,0,1.0367067571632753,0,0
G,135,G_w135,20,0.11702667895536063,0,0.39231535128722567,0,-73.91217987877862,0,1.0742238511565316,0,0
G,136,G_w136,20,0.07525751775876882,0,0.3728895599299864,0,-84.63273243773348,0,1.0290646642737413,0,0
G,137,G_w137,20,0.08130282683088186,0,0.42087159710914784,1,-55.089583887651635,1,1.203373194911749,1,0
G,138,G_w138,20,0.08759438634711353,0,0.38561479818081906,0,-79.9756574646002,0,1.0504156279863994,0,0
G,139,G_w139,20,0.09805172979996966,0,0.3816479445147465,0,-83.46782600170258,0,1.0692378978548769,0,0
G,140,G_w140,20,0.0854933058367757,0,0.3933607904032168,0,-80.42093099350845,0,1.0150598077641764,0,0
G,141,G_w141,20,0.07202120500185627,0,0.4224990983785659,0,-60.007578878901654,0,1.1709947640750396,0,0
G,142,G_w142,20,0.07275611445424444,0,0.3854875864991372,0,-86.21726014647687,0,1.0406465392044537,0,0
G,143,G_w143,20,0.07154329501493803,0,0.3793741534823108,0,-78.72584741413735,0,0.9699167326638504,0,0
G,144,G_w144,20,0.08029370586907937,0,0.39697380857522585,0,-80.7082818826693,0,1.0264531881983883,0,0
G,145,G_w145,20,0.0711617158842585,0,0.4173770706712376,0,-72.34703067393687,0,1.0584415999327241,0,0
G,146,G_w146,20,0.07662981688666695,0,0.42406545111537897,0,-64.74446664295535,0,1.0290978603218195,0,0
G,147,G_w147,20,0.05179215298739751,0,0.4365904646404592,0,-60.086640261912024,0,1.0206345547577402,0,0
G,148,G_w148,20,0.04408120019293557,0,0.4259916484166124,0,-59.35441778245629,0,0.9992056277177134,0,0
G,149,G_w149,20,0.04750899570555453,0,0.41662178100061986,0,-67.51841392477706,0,0.9971834916625576,0,0
G,150,G_w150,20,0.04956604591564237,0,0.4475022629968762,0,-61.92616381858874,0,1.0117133886554783,0,0
G,151,G_w151,20,0.048438157043147835,0,0.42761728480072597,0,-62.48619913675332,0,1.013004485705115,0,0
G,152,G_w152,20,0.04997240252849119,0,0.430388541338715,0,-58.102903535062644,0,1.0000959074268245,0,0
G,153,G_w153,20,0.04702796128339692,0,0.4374866235909932,0,-56.76168778930524,0,1.0255902551719949,0,0
G,154,G_w154,20,0.047819171396534445,0,0.4197586809100905,0,-59.93446421374706,0,1.020030438187713,0,0
G,155,G_w155,20,0.061632358037172645,0,0.4054288732599767,0,-66.82498200342319,0,0.9881474259026837,0,0
G,156,G_w156,20,0.07984409286711962,0,0.4227797617309032,0,-66.88148460988893,0,1.0210646523000821,0,0
G,157,G_w157,20,0.06930778465822413,0,0.4057458540667712,0,-75.39403024809785,0,1.0085195704723813,0,0
G,158,G_w158,20,0.06974481745129447,0,0.4453373894213852,0,-61.84360986854809,0,1.0615048928334863,0,0
G,159,G_w159,20,0.10996445991130985,0,0.45073580854883877,0,-63.657154111021775,0,1.0982927518584442,0,0
G,160,G_w160,20,0.09908248497695672,0,0.4315091807399109,0,-71.38451054516514,0,1.011873914975369,0,0
G,161,G_w161,20,0.08540955894280418,0,0.431537888698684,0,-64.27779831000643,0,1.0400458130568604,0,0
G,162,G_w162,20,0.06728155245372595,0,0.4326912639263573,0,-60.10886013721751,0,1.147624105125623,0,0
G,163,G_w163,20,0.06707462871817321,0,0.4236191484219559,0,-64.71145234043364,0,1.0485294232418791,0,0
G,164,G_w164,20,0.09466717226381315,0,0.39390469647165127,0,-75.93221822148948,0,1.0497242493164702,0,0
G,165,G_w165,20,0.07882458425034111,0,0.421272595857319,0,-59.452354554523595,1,1.2100752340750347,0,0
G,166,G_w166,20,0.07048989214850977,0,0.4210574684079127,0,-56.54638016338264,1,1.1855769665608034,0,0
G,167,G_w167,20,0.058164132493788726,0,0.41508676249636905,0,-68.7896557881154,0,1.0220873355687632,0,0
G,168,G_w168,20,0.052373811901356995,0,0.4272013499715287,0,-65.53026680809998,0,0.9968379448928906,0,0
G,169,G_w169,20,0.08014837597575586,0,0.40534539536847836,0,-71.9680870222813,0,1.0758072802632983,0,0
G,170,G_w170,20,0.13546875873970574,0,0.40091437022044457,0,-80.29244461153273,0,1.1006888889589321,0,0
G,171,G_w171,20,0.07981007389617846,0,0.41784999005999957,0,-71.42527828452052,0,1.0162643787057626,0,0
G,172,G_w172,20,0.08701055264599794,0,0.43953167128091336,0,-69.30692104582819,0,1.0194500748875364,0,0
G,173,G_w173,20,0.06958819384373052,0,0.44633224117437154,0,-64.83660184450828,0,1.0169897854711287,0,0
G,174,G_w174,20,0.04764095111178653,0,0.43556488600714355,0,-57.45133361808085,0,1.097563798162387,0,0
G,175,G_w175,20,0.04857410866335354,1,0.45603059801352375,1,-48.22572870794309,1,1.2090685171219973,1,1
G,176,G_w176,20,0.06602848530466379,0,0.4229590681927302,0,-61.5252458390129,0,1.0841901889673966,0,0
G,177,G_w177,20,0.04296463600403164,0,0.434954743079797,0,-57.183253078829864,0,1.02639865479069,0,0
G,178,G_w178,20,0.06070649664963403,0,0.4213674883176666,0,-59.95111270143966,0,1.0037276625766611,0,0
G,179,G_w179,20,0.06603622834687452,0,0.42919097537050094,0,-62.96258614361203,0,1.002056281682146,0,0
G,180,G_w180,20,0.06069942707623858,0,0.43444721475134396,0,-58.270532886979694,0,1.0341680902511876,0,0
G,181,G_w181,20,0.04663411148310749,0,0.41899988433474117,0,-60.248165613529295,0,1.0323213219481726,0,0
G,182,G_w182,20,0.04201929051409851,0,0.41729312639772453,0,-62.18392998913342,0,1.040880777728036,0,0
G,183,G_w183,20,0.051618877930500365,0,0.4150984473769351,0,-62.80218411322629,0,1.0425347272258456,0,0
G,184,G_w184,20,0.053332021718547284,0,0.43189877701633606,0,-59.844484867850056,0,1.0428192359291693,0,0
G,185,G_w185,20,0.0542276881933315,0,0.4077758679828243,0,-62.31650605945739,0,1.0200131349444452,0,0
G,186,G_w186,20,0.04768846232537567,0,0.4183626907340801,0,-64.09965166285916,0,1.005674108241909,0,0
G,187,G_w187,20,0.05093781926920598,0,0.42344805840548233,0,-60.96547633234516,0,0.9919204432922805,0,0
G,188,G_w188,20,0.04661917924642686,0,0.4317777154051384,0,-59.980449902108475,0,1.0058271580396465,0,0
G,189,G_w189,20,0.053785460952203365,0,0.44136334710053843,1,-53.132618922695336,0,1.0973766453543057,0,0
G,190,G_w190,20,0.06311645004309328,0,0.4144164572559095,0,-62.17948061744129,0,0.990436356865143,0,0
G,191,G_w191,20,0.07084479472455846,0,0.4119481443402132,0,-62.79496043646557,0,0.9966243304019254,0,0
G,192,G_w192,20,0.07013267658330709,0,0.4140966233310056,0,-61.55411562503407,0,0.9915173975113736,0,0
G,193,G_w193,20,0.03973593137134734,0,0.4145491932365647,1,-55.76468108500536,0,1.0041829523207066,0,0
G,194,G_w194,20,0.03806880686246238,0,0.4209653815203584,0,-56.43483885478506,0,1.026481493123837,0,0
G,195,G_w195,20,0.03243224289963634,0,0.4115081222506252,0,-58.53539217889551,0,1.0154516324380296,0,0
G,196,G_w196,20,0.029594583491958426,0,0.4192617916794143,0,-58.95513791187973,0,1.0262455251467013,0,0
G,197,G_w197,20,0.051752990889748586,0,0.3945298518492804,0,-67.05102696238072,0,1.0419084526803506,0,0
G,198,G_w198,20,0.04179311818449787,0,0.4045183406399227,0,-68.26421226881584,0,1.059554574630601,0,0
G,199,G_w199,20,0.057675815031056565,0,0.42298080126552945,0,-62.284324483990225,0,1.072562941237079,0,0
G,200,G_w200,20,0.05480366393735669,0,0.44179437729498583,0,-60.047680684272486,0,1.0266138544325711,0,0
G,201,G_w201,20,0.052122558438598365,0,0.4370415652992934,0,-59.80373572361149,0,1.033679703147542,0,0
G,202,G_w202,20,0.04880134267526962,0,0.4145287163915548,0,-66.88987289821475,0,1.041528282343253,0,0
G,203,G_w203,20,0.06599699099709076,0,0.39894293725537217,0,-69.68716562487938,0,0.9810922433319297,0,0
G,204,G_w204,20,0.06481078676150819,0,0.4102297644034698,0,-65.4675604941049,0,0.9919661959466178,0,0
G,205,G_w205,20,0.07918712070032068,0,0.42507800943881585,0,-65.84100903639184,0,1.0987895412181918,0,0
G,206,G_w206,20,0.07682755986690853,0,0.39505638341298416,0,-73.19571083112213,0,1.0085228606319752,0,0
G,207,G_w207,20,0.06056446101629572,0,0.40289119287527175,0,-70.2081034001405,0,0.9942813167152573,0,0
G,208,G_w208,20,0.06518718993225923,0,0.4193570532041797,0,-68.38888445633417,0,1.0192062325194626,0,0
G,209,G_w209,20,0.061934660171352685,0,0.39087526575519665,0,-72.7516305654295,0,0.9847086316310044,0,0
G,210,G_w210,20,0.038250441183021934,0,0.3943159471772181,0,-69.95808122473301,0,0.9992019954348332,0,0
G,211,G_w211,20,0.06508035795490093,0,0.39802994062379105,0,-74.71288313201579,0,0.973389538211252,0,0
G,212,G_w212,20,0.06483016667776442,0,0.43725384914928467,0,-61.81585011284589,0,0.9998764749147296,0,0
G,213,G_w213,20,0.05969069031561738,0,0.4148726859275714,0,-64.6139823807093,0,1.0420924213327853,0,0
G,214,G_w214,20,0.04638040217651857,0,0.44487433448848435,1,-55.685395280258284,0,1.096496183070163,0,0
G,215,G_w215,20,0.04089253727843786,0,0.43126124116578607,1,-55.95531891862808,0,1.048662952567967,0,0
G,216,G_w216,20,0.0545632943616562,0,0.44192722392391737,1,-51.647979537791294,0,1.1574443705578805,0,0
G,217,G_w217,20,0.04949757984416417,0,0.42953473964094085,0,-58.055674812373084,0,1.0480834883121364,0,0
G,218,G_w218,20,0.049681380971997764,0,0.4162733515280236,0,-68.48313349158802,0,1.0143296883897988,0,0
G,219,G_w219,20,0.045200321549376275,0,0.43113119763041324,0,-58.791022866435945,0,1.0382338912406144,0,0
G,220,G_w220,20,0.07347961705593617,0,0.4162719985070294,0,-62.94876911163691,0,0.9910301691201602,0,0
G,221,G_w221,20,0.057069133811057944,0,0.40624423933825216,0,-67.56674954358331,0,0.9861194755314648,0,0
G,222,G_w222,20,0.06442569545934981,0,0.39344678330924765,0,-73.55214783137995,0,0.9781543543983616,0,0
G,223,G_w223,20,0.047422699038707175,0,0.42249018478298056,0,-58.85875232311015,0,1.1139845367706707,0,0
G,224,G_w224,20,0.05500544820743681,0,0.4122613873662425,0,-62.96195935559607,0,1.007026912963584,0,0
G,225,G_w225,20,0.32529497243800815,1,0.5591448070460989,1,-2.2410613801836377,1,2.5981019384449433,1,1
G,226,G_w226,20,0.047676549798952784,0,0.4280009620121955,0,-61.82699717854395,0,1.020549959095444,0,0
G,227,G_w227,20,0.04901834511138127,0,0.4033067483916341,0,-66.24972085983039,0,0.9807500657711513,0,0
G,228,G_w228,20,0.071612593953554,0,0.4036956977220998,0,-68.44460147127758,0,1.0092052881919285,0,0
G,229,G_w229,20,0.047407407131847344,0,0.39230557641504094,0,-71.13401662736081,0,0.9800167311427561,0,0
G,230,G_w230,20,0.06353469957398673,0,0.40825614860152587,0,-71.29838875560662,0,1.0033606491935934,0,0
G,231,G_w231,20,0.09417803354852967,0,0.4524336985749147,0,-58.36174502774953,0,1.0694927974974295,0,0
G,232,G_w232,20,0.07526733813612978,0,0.4323365804369364,0,-59.0140446453015,0,1.0465101826278684,0,0
G,233,G_w233,20,0.08306630143865759,0,0.4188491669191295,0,-59.1814601519137,0,1.0362624299739371,0,0
G,234,G_w234,20,0.07584252431942584,0,0.42571237198811435,0,-64.27091787618858,0,1.026017829126328,0,0
G,235,G_w235,20,0.054856458750637466,0,0.4145089056038959,0,-65.72469943126158,0,0.9834333909524097,0,0
G,236,G_w236,20,0.05547840784025177,0,0.4188038654433061,0,-60.176552956812046,0,0.9965623011632548,0,0
G,237,G_w237,20,0.051939512486624914,0,0.4183645370357124,0,-61.099447256826174,0,0.9996076663115214,0,0
G,238,G_w238,20,0.04689420991744681,0,0.4204755946336599,0,-58.13212360400146,0,1.0037596953710155,0,0
G,239,G_w239,20,0.07309935767119051,0,0.43006915542968355,0,-56.861601364203274,0,1.0625500191952304,0,0
G,240,G_w240,20,0.05599793882592884,0,0.41087410963716897,0,-60.55220915205844,0,0.9952463763374301,0,0
G,241,G_w241,20,0.039539503939380244,0,0.40419182273702325,0,-63.32902467846358,0,0.9899834541178351,0,0
G,242,G_w242,20,0.043004360599929396,0,0.4110398745349541,0,-61.416860041219934,0,0.9974879809210181,0,0
G,243,G_w243,20,0.05797363473935008,0,0.41771670692532176,0,-57.691294415261815,0,1.0421324034797939,0,0
G,244,G_w244,20,0.07559411894644881,0,0.4207063436982656,1,-56.38530768903266,0,1.0507096702618348,0,0
G,245,G_w245,20,0.0885567308873823,0,0.43461344950215125,0,-58.12487599926424,0,1.0747438670045675,0,0
G,246,G_w246,20,0.06592694494779297,0,0.42254398833928974,0,-57.16731116703573,0,1.0378594343354959,0,0
G,247,G_w247,20,0.0687146209314768,0,0.43341004051255483,1,-54.11935407592331,0,1.0408337031747392,0,0
G,248,G_w248,20,0.07724780188912736,0,0.447921918864891,1,-46.12176353206071,0,1.1473300738615209,0,0
G,249,G_w249,20,0.058029637062410246,0,0.431686990250957,1,-50.404397474839364,0,1.0870012417576282,0,0
G,250,G_w250,20,0.16259828549709565,1,0.4789721550190025,1,-32.806301594756455,1,1.595963374489138,1,1
G,251,G_w251,20,0.17802428043024432,0,0.4541645797507331,1,-46.30656943930186,1,1.3610526114695736,1,0
G,252,G_w252,20,0.10490564207758567,0,0.39845312615397055,0,-64.71465950576442,0,1.115855394894938,0,0
G,253,G_w253,20,0.12311970615911232,0,0.42258203218972884,0,-57.500270574917785,1,1.2060475538613047,0,0
G,254,G_w254,20,0.12032205773377125,0,0.41612477660488617,0,-67.99774956467047,0,1.167265276265203,0,0
G,255,G_w255,20,0.12853785029366627,0,0.40551093870872723,0,-76.35334735759467,0,1.1106087078460674,0,0
G,256,G_w256,20,0.08012424941770303,0,0.4105001930159089,0,-64.34295938547534,1,1.203867973069065,0,0
G,257,G_w257,20,0.0900630480285217,0,0.38482365690038206,0,-75.55663924648802,0,1.0394606028504547,0,0
G,258,G_w258,20,0.07073492095050347,0,0.39390798575866515,0,-74.1644034312347,0,1.0459841366355538,0,0
G,259,G_w259,20,0.057482651594639896,0,0.3886059949438321,0,-72.83324348656122,0,1.0178239600381527,0,0
G,260,G_w260,20,0.05444975247259926,0,0.3851096112914897,0,-68.88826145401241,0,1.0144386511117942,0,0
G,261,G_w261,20,0.06760987270535514,0,0.38650844393085415,0,-70.98146115303233,0,1.015845863209276,0,0
G,262,G_w262,20,0.05894323061356327,0,0.37813280095212004,0,-71.77542623585538,0,1.0264763769883016,0,0
G,263,G_w263,20,0.04855308371865148,0,0.4012168685416602,0,-62.24127314942572,0,1.1711958383721899,0,0
G,264,G_w264,20,0.06284930618530088,0,0.3815539485504204,0,-70.96013866338373,0,1.042245504463857,0,0
G,265,G_w265,20,0.05684211168404441,0,0.3975356946057347,0,-64.24450908779488,0,1.103208431352953,0,0
G,266,G_w266,20,0.08944094920747582,0,0.38861519095138924,0,-67.60547680006029,0,1.0856169633600474,0,0
G,267,G_w267,20,0.064774874208626,0,0.3906783844056091,0,-63.863040492524505,0,1.0430727894040333,0,0
G,268,G_w268,20,0.07179645237402876,0,0.3967527777425474,0,-65.59554463297079,0,1.05726864401982,0,0
G,269,G_w269,20,0.0972302381029814,0,0.3877576204287779,0,-71.7245309985412,0,1.0008745383622284,0,0
G,270,G_w270,20,0.10965134721297559,0,0.3909040870367202,0,-67.17626849780157,0,1.036303464975627,0,0
G,271,G_w271,20,0.13431178332566746,0,0.39263430012143447,0,-68.31145226966237,0,1.0933305141518523,0,0
G,272,G_w272,20,0.10535468141665058,0,0.37186178569946915,0,-84.64076076331688,0,0.992271482934905,0,0
G,273,G_w273,20,0.08263072521567001,0,0.36865461981310627,0,-82.2729338187211,0,0.9943435075533815,0,0
G,274,G_w274,20,0.09134247105367684,0,0.3712892816604106,0,-83.31160338882903,0,0.9892168384626192,0,0
G,275,G_w275,20,0.09172755601062058,0,0.37767241981570165,0,-83.72337320426641,0,1.0069817232427967,0,0
G,276,G_w276,20,0.09156560718420177,0,0.38818315189764846,0,-76.73046237863824,0,1.0617571740996958,0,0
G,277,G_w277,20,0.10654238445290172,0,0.38153209213656214,0,-81.64271086884088,0,1.0212452974674588,0,0
G,278,G_w278,20,0.11571147250030765,0,0.3880166370360391,0,-82.50073675701124,0,1.0436175194829416,0,0
G,279,G_w279,20,0.14468909201822439,0,0.4014470080823001,0,-80.45772662352873,0,1.152784558306702,0,0
G,280,G_w280,20,0.07800192614224168,0,0.3866435956359651,0,-66.13926883868211,1,1.18209784500077,0,0
G,281,G_w281,20,0.11152200319526215,0,0.36677761006947807,0,-83.23291895943332,0,1.0060973463714982,0,0
G,282,G_w282,20,0.10793287168984497,0,0.3826037983259684,0,-79.6971788532305,0,1.0208912068113438,0,0
G,283,G_w283,20,0.12804766272353088,0,0.38674778112074587,0,-78.8574440259636,0,1.0324890010193566,0,0
G,284,G_w284,20,0.0699435633082988,0,0.35952310701302165,0,-86.13707774840128,0,0.9954023954705552,0,0
G,285,G_w285,20,0.07851855270720955,0,0.3641979086983612,0,-86.22148285323932,0,1.0170072443222782,0,0
G,286,G_w286,20,0.059626053300681776,0,0.38085000340777697,0,-72.21279674925425,0,1.1005130732692245,0,0
G,287,G_w287,20,0.07824003474462167,0,0.37332346905754193,0,-77.50225659786248,0,1.0513343692257422,0,0
G,288,G_w288,20,0.10684697910720976,0,0.37552776266510307,0,-80.18876031056249,0,1.1322517188672334,0,0
G,289,G_w289,20,0.09467368404479963,0,0.3836990039831604,0,-77.45431116786644,0,1.0901984043572452,0,0
G,290,G_w290,20,0.09979833595976284,0,0.3676890850309837,0,-93.89790877491383,0,1.010716891792896,0,0
G,291,G_w291,20,0.12936617708483863,0,0.38248990245700804,0,-89.48527343309947,0,1.0369735100382889,0,0
G,292,G_w292,20,0.08980995519186838,0,0.3563589408276153,0,-92.56967155774909,0,0.9780328857877094,0,0
G,293,G_w293,20,0.08814023499002024,0,0.38276032106527524,0,-76.1159687961901,0,1.0228409666853513,0,0
G,294,G_w294,20,0.05767272539643148,0,0.3982863323027715,0,-74.66426510207185,0,0.9926391577209409,0,0
G,295,G_w295,20,0.06513241573783259,0,0.39615855439438186,0,-68.2225282720145,0,1.0662742784038397,0,0
G,296,G_w296,20,0.06333264856376837,0,0.3937960048269886,0,-75.26351535839908,0,1.0520146439548255,0,0
G,297,G_w297,20,0.05007837332167747,0,0.42470563972970804,1,-50.61956536855869,1,1.2776387996425325,1,0
G,298,G_w298,20,0.060219856160669924,0,0.41247274429463293,0,-68.04838471945166,0,1.0476145114344229,0,0
G,299,G_w299,20,0.05121616483154731,0,0.4261980482321884,1,-49.58671582287579,0,1.1628489239121653,0,0
G,300,G_w300,20,0.08781476467815724,0,0.4033485755814768,0,-70.59649970660944,0,1.0369750482195828,0,0
G,301,G_w301,20,0.10768071032366791,0,0.3818543676980355,0,-82.40072547508893,0,1.0544442641767435,0,0
G,302,G_w302,20,0.10618385458456998,0,0.36814864837342665,0,-88.07628517630688,0,1.012597459168567,0,0
G,303,G_w303,20,0.09795683512777369,0,0.36774727440374305,0,-88.72258989138925,0,1.0034425608031816,0,0
G,304,G_w304,20,0.14931225798311884,0,0.38894043824732927,0,-77.55103105729025,0,1.096132685650826,0,0
G,305,G_w305,20,0.12088991144010773,0,0.38890275500280863,0,-87.3207729713283,0,1.1112185914759187,0,0
G,306,G_w306,20,0.11017528384984279,0,0.40806475605910214,0,-62.98311660475549,1,1.2902104177090872,0,0
G,307,G_w307,20,0.15085074631389123,0,0.4310194435263391,0,-69.40001354374297,1,1.3087503867632102,0,0
G,308,G_w308,20,0.07685457444073646,0,0.3878163334690409,0,-79.22126945621089,0,1.0969354805743559,0,0
G,309,G_w309,20,0.059746478787455114,0,0.3906493060219682,0,-76.06059761013712,0,1.07533903298031,0,0
G,310,G_w310,20,0.07258534248159461,0,0.38192280593337413,0,-81.66394108649838,0,1.023687851810405,0,0
G,311,G_w311,20,0.08726627189212767,0,0.37836010000282516,0,-83.53482072911541,0,1.0164286799819964,0,0
G,312,G_w312,20,0.09254654896367168,0,0.3602454580441196,0,-94.21048599676895,0,0.9833803768193623,0,0
G,313,G_w313,20,0.1236209316023057,0,0.3768829960191802,0,-78.8787032306601,0,1.0614076626218338,0,0
G,314,G_w314,20,0.176817945700685,0,0.41143165135611015,0,-80.08712898967948,0,1.1400332676005973,0,0
G,315,G_w315,20,0.10494143747228543,0,0.36564297858637573,0,-86.87694423837847,0,1.0092678278473937,0,0
G,316,G_w316,20,0.07571753370702262,0,0.38256336745034586,0,-75.25712232509319,0,1.1037649692294116,0,0
G,317,G_w317,20,0.07512816134746494,0,0.3605823397610269,0,-86.5921336110312,0,0.9736352859015824,0,0
G,318,G_w318,20,0.07752576967847583,0,0.37251924329888214,0,-73.14168191759468,0,1.0246011794331185,0,0
G,319,G_w319,20,0.12045976693356512,0,0.386486645045373,0,-77.36568125280029,0,1.1019112780999656,0,0
G,320,G_w320,20,0.11246685771311107,0,0.40715199635543575,0,-66.33521747184567,1,1.2176435974014834,0,0
G,321,G_w321,20,0.07654641487823634,0,0.3884067955409753,0,-63.33543709528251,1,1.2446615118364954,0,0
G,322,G_w322,20,0.07204616373088,0,0.3746885270283132,0,-78.68181566809577,0,1.0610345565821169,0,0
G,323,G_w323,20,0.11125462549837851,0,0.3659697536200314,0,-89.57155317926971,0,1.01460124979407,0,0
G,324,G_w324,20,0.14350753805951955,0,0.38882922911141665,0,-81.34258976588286,0,1.0955419735746648,0,0
G,325,G_w325,20,0.08242055516121591,0,0.37581610103077245,0,-82.09994747054161,0,0.9961684289265952,0,0
G,326,G_w326,20,0.08188592588071258,0,0.3728473784689682,0,-80.79704789281523,0,1.008556836903653,0,0
G,327,G_w327,20,0.07727338301931214,0,0.3794151367583906,0,-75.56175851672413,0,0.9986877765798379,0,0
G,328,G_w328,20,0.0714609895536906,0,0.3764997578901232,0,-75.53828327556513,0,1.020116912697393,0,0
G,329,G_w329,20,0.126018377743636,0,0.4123908624336339,0,-68.40446703981978,0,1.1180525701296453,0,0
G,330,G_w330,20,0.16884866515604668,0,0.4514180437626847,0,-73.4968395023793,0,1.164690924611395,0,0
G,331,G_w331,20,0.1282639804171283,0,0.4021406143005288,0,-89.04318752784579,0,1.0398194682460178,0,0
G,332,G_w332,20,0.17058625998520757,0,0.39706590571686023,0,-92.19912803316907,0,1.036480822058339,0,0
G,333,G_w333,20,0.12792812362938066,0,0.3896688599029456,0,-84.6240636761471,0,1.0764996964843476,0,0
G,334,G_w334,20,0.09231770203943594,0,0.36105472751943835,0,-95.50370778752689,0,0.9767829099219896,0,0
G,335,G_w335,20,0.06263686718163251,0,0.41078983523394214,0,-56.4921240583301,1,1.2824361531674446,0,0
G,336,G_w336,20,0.1280039872578331,0,0.42728887520085107,0,-77.80300230452721,0,1.1412739480475451,0,0
G,337,G_w337,20,0.1609454556807864,0,0.41881750097553944,0,-72.7021835849576,0,1.067682565260578,0,0
G,338,G_w338,20,0.13915828789726703,0,0.4099955590641488,0,-80.16662432394756,0,1.0205704962156386,0,0
G,339,G_w339,20,0.16190231851180656,0,0.40206268273985574,0,-87.96936149025572,0,1.0543884480189534,0,0
G,340,G_w340,20,0.1223148933011225,0,0.38444043327730837,0,-92.9143783210498,0,1.0874703936452368,0,0
G,341,G_w341,20,0.16163123068842983,0,0.3976741950661997,0,-96.41512607514873,0,1.0804073013281383,0,0
G,342,G_w342,20,0.17562060671635948,0,0.41870884052020585,0,-89.92249510800838,0,1.1226892634930519,0,0
G,343,G_w343,20,0.09712224395495932,0,0.40731398192473217,0,-75.60473406153781,0,1.0495835236379725,0,0
G,344,G_w344,16,0.37554867543801795,1,0.5730753752091543,1,-2.323378661400575,1,2.74304295567455,1,1
G,345,G_w345,15,0.06214847489623777,0,0.397173501109586,0,-74.80605045588594,0,1.0362808584726104,0,0
G,346,G_w346,15,0.09786798229159988,0,0.3688389943372224,0,-86.89340415543658,0,1.0154507118243763,0,0
G,347,G_w347,15,0.07540558655418442,0,0.39329493214251554,0,-75.1009831317855,0,1.0469693905135191,0,0
G,348,G_w348,15,0.09719061172132003,0,0.3950030818745603,0,-75.37758280876979,0,1.0597157672074626,0,0
G,349,G_w349,15,0.08013338575891611,0,0.38241742331124845,0,-82.68174310761418,0,1.0589619578413338,0,0
G,350,G_w350,15,0.12152757104023564,0,0.413138177206691,0,-67.63909857698101,1,1.2300074575403783,0,0
G,351,G_w351,15,0.3017180148420972,1,0.5040470592556456,1,-36.99809367411873,0,1.1694007386123242,1,0
G,352,G_w352,15,0.2789319481037368,1,0.47449496202570585,1,-52.63739404788428,0,1.0148902008019467,1,0
G,353,G_w353,15,0.2247110071486428,1,0.483974275107557,1,-47.71679030706015,0,1.080792742172425,1,0
G,354,G_w354,15,0.22187875163946694,1,0.4913347525699072,1,-53.9536284144823,0,1.125351125437736,1,0
G,355,G_w355,15,0.1487901537957487,0,0.42691385772323126,0,-75.97344507197299,0,1.1173327878413324,0,0
G,356,G_w356,15,0.12684969377067748,0,0.40602795046534074,0,-95.79942825953003,0,1.0313073571677969,0,0
G,357,G_w357,15,0.11860830150538429,0,0.4467035978619694,0,-71.37254057949234,0,1.1107962080488687,0,0
G,358,G_w358,15,0.1534444677256657,0,0.43028515082301727,0,-69.9728514394755,0,1.024288343874232,0,0
G,359,G_w359,12,0.10594722293690409,0,0.42737160450043643,0,-75.20727492321085,0,1.0672198607804912,0,0
G,360,G_w360,10,0.11491817513304783,0,0.44178015748109584,0,-71.7724001956106,0,1.0909824175257388,0,0
G,361,G_w361,10,0.09679096111525894,0,0.4352545965680263,0,-67.84423728435745,0,1.086501051912734,0,0
G,362,G_w362,10,0.04705167842174564,0,0.4178988387894396,0,-66.48600188532981,0,1.0065731782486738,0,0
G,363,G_w363,10,0.08766828119393105,0,0.42570525809005094,0,-59.27086105945667,0,1.0662057209397935,0,0
G,364,G_w364,10,0.04988661973854706,0,0.4093488748668619,0,-74.29146255467928,0,0.9991776043074253,0,0
G,365,G_w365,10,0.10731781699313428,0,0.43142750284685943,0,-70.54076407615418,0,1.04232490325764,0,0
G,366,G_w366,10,0.07867140602435309,0,0.41581214604438654,0,-84.07800991787293,0,1.006231598804986,0,0
G,367,G_w367,10,0.12353563991108016,0,0.4213607066096349,0,-87.03125140055613,0,1.0737289176506826,0,0
G,368,G_w368,10,0.0970765176431125,0,0.4155043833906188,0,-85.25363859259924,0,1.0847031971868142,0,0
G,369,G_w369,10,0.034956302178785884,0,0.43370722791710214,1,-30.79573917702356,1,1.73280072891752,1,0
G,370,G_w370,10,0.05145014164763333,0,0.40446988962555014,0,-77.33088976880397,0,0.9988438991789897,0,0
G,371,G_w371,10,0.1279495927657948,0,0.435575176163891,0,-74.69646557442464,0,1.0347551917278373,0,0
G,372,G_w372,10,0.12724180330839902,0,0.4290502444348727,0,-68.54724627494909,0,1.0423215666471581,0,0
G,373,G_w373,10,0.1708253137353709,0,0.43043520789070633,0,-77.12695600420541,0,1.018315787678128,0,0
G,374,G_w374,10,0.20515009083230673,1,0.4665782483069195,0,-62.71025819589939,0,1.1141071449855415,0,0
G,375,G_w375,10,0.06095271006222319,0,0.41892166633189537,0,-78.78932598970151,0,1.104398952827767,0,0
G,376,G_w376,10,0.07875535653840196,0,0.3962343047086643,0,-84.9816289631711,0,1.0923013352547213,0,0
G,377,G_w377,10,0.16732914049809414,0,0.4355185155001596,0,-74.4581858966219,0,1.0146568990165545,0,0
G,378,G_w378,10,0.14073097344299615,1,0.45687720165509005,0,-59.86753787370213,0,1.0419713488295699,0,0
G,379,G_w379,10,0.15713461609154378,1,0.47904831048084834,1,-44.69292887684826,0,1.1062374574068383,1,0
G,380,G_w380,10,0.10566347675350045,1,0.460802083764251,0,-60.13495661856055,0,1.1689201636438198,0,0
G,381,G_w381,10,0.08765814854170494,1,0.45530289622233,0,-63.76319946254254,0,1.085785419847286,0,0
G,382,G_w382,10,0.16284889517559875,1,0.5023330599268582,1,-32.704477949243575,0,1.1589705848863656,1,0
G,383,G_w383,10,0.21742273939207807,1,0.49380820913676027,1,-29.4155993537181,1,1.1733043519122337,1,1
G,384,G_w384,10,0.21095123127758292,1,0.5384426861037217,1,-27.13476018114135,0,1.1658024893050762,1,0
G,385,G_w385,10,0.1407039655901704,1,0.46837092716335155,1,-13.786214226792886,1,1.4928131267979654,1,1
G,386,G_w386,10,0.13460529818113923,1,0.5124974390809572,1,-25.620572577170986,1,1.2478890518271029,1,1
G,387,G_w387,10,0.1304027241370671,1,0.5022500912155307,1,-35.72087620411388,1,1.2067228579266929,1,1
G,388,G_w388,6,0.06229760501189293,1,0.5012471849056178,1,-27.071376359747216,1,1.3987566920072716,1,1
G,389,G_w389,5,0.08878481532497558,1,0.5060996353652518,1,-3.451250205348238,1,1.821817730965378,1,1
G,390,G_w390,5,0.06448774064318132,0,0.4474456775994656,1,-44.59147970327451,1,1.6910580293380288,1,0
G,391,G_w391,5,0.14827216754617364,1,0.534095128190021,1,-22.351722844798367,1,1.2843994075553509,1,1
G,392,G_w392,5,0.18327250232872036,1,0.5367573680294243,1,-11.542514541570974,1,1.4702654597626228,1,1
G,393,G_w393,5,0.11848606708865952,1,0.4752821287395129,1,-40.815190181858966,1,1.2050539206474664,1,1
G,394,G_w394,5,0.1666041400047179,1,0.4999396940650759,1,-43.74116809547113,1,1.194738033300317,1,1
G,395,G_w395,5,0.014710067906590183,1,0.4599596258710244,1,-33.37754815114997,1,1.6438520384892656,1,1
G,396,G_w396,5,0.15148379613797966,1,0.46556474974794354,0,-58.83741104642383,0,1.0981985253884368,0,0
G,397,G_w397,5,0.1466042875987578,1,0.4654729233436407,1,-40.57002582474839,1,1.354830127611044,1,1
G,398,G_w398,5,0.16077845018712797,1,0.49063069656390174,1,-41.03642715286646,1,1.1959491370659876,1,1
G,399,G_w399,5,0.16941154431384298,1,0.5374361315754275,1,-3.234720172426236,1,1.7079372509544652,1,1
G,400,G_w400,5,0.08256603950322335,1,0.5133007849049603,1,-4.764179148104127,1,1.86487631651065,1,1
G,401,G_w401,5,0.19567812787436345,1,0.5172847216705913,1,-18.790060842574142,1,1.2796957186486266,1,1
G,402,G_w402,5,0.18389502282025016,1,0.4965662812875902,1,-25.785146831278986,1,1.2980888887259323,1,1
G,403,G_w403,5,0.17200246378749817,1,0.4869966650059317,1,-38.346132574498476,1,1.2197298101846261,1,1
G,404,G_w404,5,0.062063123276188556,0,0.42515467482227637,0,-70.64118431212387,0,1.0540413953882026,0,0
G,405,G_w405,5,0.020610334971254973,1,0.45458487726891994,1,-50.57662845262323,0,0.9984725398949085,1,0
G,406,G_w406,5,0.009261031572986814,0,0.4289325044680951,0,-58.21167917619442,0,1.0677779843693547,0,0
G,407,G_w407,2,0.6901115784522415,1,0.5820985556565449,1,-1.0228457760079408,1,3.472554143224014,1,1
H,0,H_w0,16,0.8393207760525782,1,0.6432297578625122,1,-1.0950412212218907,1,2.6856697287067752,1,1
H,1,H_w1,20,0.08684796945089564,1,0.4810600661409211,1,-19.80175643091016,1,1.4408886437594102,1,1
H,2,H_w2,20,0.07368277750890456,1,0.4753832996307836,1,-25.915120150079815,1,1.3401763473837793,1,1
H,3,H_w3,20,0.057237150978837636,1,0.4683698023928422,1,-30.639532686226,1,1.2636543261902953,1,1
H,4,H_w4,20,0.05361720910076645,1,0.4678056253686085,1,-31.49713274393464,1,1.2500264746869238,1,1
H,5,H_w5,20,0.05334482581920802,1,0.46271020867464785,1,-31.532110345249414,1,1.2642101984416831,1,1
H,6,H_w6,20,0.05988202457661047,1,0.46831324562351845,1,-32.48969655439361,1,1.2430781035548664,1,1
H,7,H_w7,20,0.15320935490774454,1,0.45783482437487794,1,-52.65906761811371,1,1.3136742552160605,1,1
H,8,H_w8,20,0.15762813240497073,1,0.4616151185320243,0,-58.38019731883528,1,1.2149448782461996,1,0
H,9,H_w9,20,0.2138960473025013,1,0.5006371579763285,1,-45.788434431774654,0,1.08743250340734,1,0
H,10,H_w10,20,0.39207182791862655,1,0.5880747443960839,1,-20.45524111222874,1,1.3682094715916695,1,1
H,11,H_w11,20,0.27688010715842487,1,0.607937451600271,1,-16.740196063595,1,1.413789331939597,1,1
H,12,H_w12,20,0.18648332122654243,1,0.4661207398315427,1,-52.712591139026394,1,1.5712308346100095,1,1
H,13,H_w13,20,0.14780223553911626,0,0.4275103219512547,0,-62.86962949234016,0,1.1639311123269247,0,0
H,14,H_w14,20,0.13449871994276338,0,0.44181221215839883,0,-64.6397518205922,0,1.1192142335912088,0,0
H,15,H_w15,20,0.13405074906552142,0,0.43859180229719247,0,-72.2358018080298,0,1.1177743829012365,0,0
H,16,H_w16,20,0.11337655960075646,0,0.43991890882653684,1,-50.05716536658227,1,1.2174698165116686,1,0
H,17,H_w17,20,0.19755816456905934,1,0.49723281656773033,1,-44.158192567374016,1,1.3306055954230958,1,1
H,18,H_w18,20,0.1908547189893059,1,0.4569082542798233,1,-54.933720880213485,1,1.220042745531284,1,1
H,19,H_w19,20,0.18478791984187065,1,0.4687001802449554,0,-58.11783666087348,0,1.1578427860257732,0,0
H,20,H_w20,20,0.14264069379859626,1,0.46902132866781415,0,-57.21056397218129,1,1.208295114359354,1,0
H,21,H_w21,20,0.06985493988909686,0,0.4308099529700093,0,-67.41270999146774,0,1.0364565788522921,0,0
H,22,H_w22,20,0.09837343084253332,0,0.44390358324424856,1,-50.600932219480015,0,1.1708596318979585,0,0
H,23,H_w23,20,0.1715865954388698,1,0.5183879015019237,1,-32.808035376281026,1,1.3644523653478509,1,1
H,24,H_w24,20,0.2716434211749795,1,0.537341097882915,1,-33.802401158589895,1,1.2759668927390242,1,1
H,25,H_w25,20,0.21576334021964255,1,0.466259031085652,0,-65.63166886895496,0,1.0381690463736641,0,0
H,26,H_w26,20,0.18643982857888727,1,0.46512882951257967,0,-67.9309018455002,0,1.148528351226772,0,0
H,27,H_w27,20,0.3021575845243619,1,0.519018488653229,1,-47.972376043311016,0,1.148965773007773,1,0
H,28,H_w28,20,0.3279872799520462,1,0.5314325591730136,1,-43.22985747474906,1,1.2640435464012996,1,1
H,29,H_w29,20,0.3128706435240219,1,0.4930046412889926,1,-49.09181370127046,1,1.2260184563660341,1,1
H,30,H_w30,20,0.16073836170020286,0,0.42167404130603664,0,-60.297457167326314,1,1.3058525992346794,0,0
H,31,H_w31,20,0.20453487777742135,1,0.45772150751365465,0,-67.89356866309089,1,1.1992252910906622,1,0
H,32,H_w32,20,0.2493274929358621,1,0.45939572285029645,0,-66.11134295643986,0,1.1120763614306106,0,0
H,33,H_w33,20,0.24877913083794914,1,0.4947545221453263,1,-45.152707737737316,1,1.3802517113647068,1,1
H,34,H_w34,20,0.12419531158481704,0,0.40268986120365513,0,-79.02357872247273,0,1.1112282260735407,0,0
H,35,H_w35,20,0.164600488701391,0,0.42875727654246537,0,-77.05596500928104,1,1.2580633143032274,0,0
H,36,H_w36,20,0.17385272532480972,0,0.44540026909190866,0,-72.25476459398638,0,1.1025451915012288,0,0
H,37,H_w37,20,0.19713707083327386,0,0.44653434131531994,0,-56.41793660569577,1,1.3787928855693734,0,0
H,38,H_w38,20,0.2655110449445607,1,0.4926003523941351,1,-48.76312442125043,1,1.1790118903345426,1,1
H,39,H_w39,20,0.21760875529032078,1,0.5214340015772285,1,-33.14404229641363,1,1.3154552965498663,1,1
H,40,H_w40,20,0.24344942568910796,1,0.49957207935187187,1,-51.04847583052677,0,1.1654009666459408,1,0
H,41,H_w41,20,0.09876797432876501,0,0.36585520227002144,0,-95.71500438237453,0,0.9939899493971455,0,0
H,42,H_w42,20,0.22497149047377507,0,0.4501867357947326,1,-55.99672802465668,1,1.3659728224378282,1,0
H,43,H_w43,20,0.22229874756328064,0,0.44952905589827813,0,-68.00203390049693,0,1.0929523260492797,0,0
H,44,H_w44,20,0.0992102714455183,0,0.3790968934442355,0,-90.40385274826124,0,1.033248284960087,0,0
H,45,H_w45,20,0.16241516566172043,0,0.41147159608202655,0,-85.24515036974842,0,1.0258703588660254,0,0
H,46,H_w46,20,0.09558875179380208,0,0.37989493774000854,0,-84.97537948314549,0,1.0328563081614932,0,0
H,47,H_w47,20,0.13963946410834485,0,0.408716107150703,0,-73.2281879794296,0,1.1002735811726816,0,0
H,48,H_w48,20,0.1616368247504154,0,0.40901532858620543,0,-91.05671194514336,0,1.0209643482691164,0,0
H,49,H_w49,20,0.15862936774255987,0,0.41831290960609385,0,-77.13709934597323,0,1.0660359128987935,0,0
H,50,H_w50,20,0.20037157263721508,1,0.4545118605915258,0,-65.8968553435953,0,1.1055989306122782,0,0
H,51,H_w51,20,0.15087028023605575,0,0.4167926134318862,0,-86.63853484357969,0,1.0032626891057663,0,0
H,52,H_w52,20,0.16157195383402495,0,0.4139552809955675,0,-77.15523082979028,0,1.0194198594761377,0,0
H,53,H_w53,20,0.21143251162652743,1,0.4728042275453328,1,-53.616977591818674,1,1.2444471164176667,1,1
H,54,H_w54,20,0.1132195851876813,0,0.3931635166994823,0,-84.5510818471529,0,1.1153080756635811,0,0
H,55,H_w55,20,0.09562389059610603,0,0.372451232690552,0,-87.89302559257169,0,1.0478375526616377,0,0
H,56,H_w56,20,0.11800027322298876,0,0.37668817308154623,0,-94.41352103187334,0,1.016382640077785,0,0
H,57,H_w57,20,0.14649442463183537,0,0.4145366109825304,0,-77.47532882888684,0,1.1675576364534257,0,0
H,58,H_w58,20,0.20425534655405664,1,0.46546152402108526,0,-68.46932171539451,0,1.1643995224504955,0,0
H,59,H_w59,20,0.11648304797350634,0,0.41524157937751816,0,-79.05079771284585,0,1.009357085878009,0,0
H,60,H_w60,20,0.10452248338208198,0,0.3543579192438081,0,-95.40169176615389,0,0.9785354622795134,0,0
H,61,H_w61,20,0.141561097947597,0,0.4120495840087254,0,-75.65023229088077,0,1.0093807789143499,0,0
H,62,H_w62,20,0.1684476142926265,0,0.42958222221476194,1,-47.50532259975506,1,1.2489303294245953,1,0
H,63,H_w63,20,0.11793997790276102,0,0.3942981429197879,0,-78.09855410842246,0,1.086440664820935,0,0
H,64,H_w64,20,0.15252784429705393,0,0.3981922711184788,0,-96.85443884487958,0,1.0410359165705774,0,0
H,65,H_w65,20,0.1475354315221061,0,0.3866739159285039,0,-93.53015677130062,0,1.070472296068369,0,0
H,66,H_w66,20,0.20992939606311417,0,0.4312489349262901,0,-83.65526579997731,0,1.1130064786511067,0,0
H,67,H_w67,20,0.15139118842122115,0,0.4132416824825752,0,-83.46646875226168,0,1.0657006674402818,0,0
H,68,H_w68,20,0.11874759180617693,0,0.4003384374492807,0,-80.73136513150442,0,1.0564701025841727,0,0
H,69,H_w69,20,0.17938151745549605,1,0.47466447267069517,0,-57.77121125667847,0,1.1336571146134087,0,0
H,70,H_w70,20,0.19699943347140397,1,0.47316901377003523,0,-67.0422130577721,0,1.0988626887418738,0,0
H,71,H_w71,20,0.09942688211095994,0,0.4204857711597644,0,-71.38270337401474,0,1.0034169318137305,0,0
H,72,H_w72,20,0.11372186743427101,0,0.42272183155186577,0,-61.1994009468367,1,1.1719237389605919,0,0
H,73,H_w73,20,0.09749130656821353,0,0.43346830327920144,0,-56.41791122204963,1,1.2222823860436467,0,0
H,74,H_w74,20,0.09114959268470192,0,0.42045054380032487,0,-64.23350567756974,0,1.1088193323036553,0,0
H,75,H_w75,20,0.11823532079317775,0,0.4206652048789412,0,-71.89524203506754,0,1.0061865226100617,0,0
H,76,H_w76,20,0.14474167734678212,0,0.4219347858914392,0,-80.45629786272954,0,1.0666822657219939,0,0
H,77,H_w77,20,0.14651618947789927,0,0.3952096427216078,0,-80.43050944655013,0,1.0898559859966306,0,0
H,78,H_w78,20,0.10485940087963536,0,0.3716815482903882,0,-86.3702137379758,0,0.9989710914393878,0,0
H,79,H_w79,20,0.1075416368472175,0,0.36298061730274916,0,-96.55367677981103,0,0.9754584419519822,0,0
H,80,H_w80,20,0.0858566027129671,0,0.42135005823486427,0,-65.15984845745756,0,1.0704452998122866,0,0
H,81,H_w81,20,0.1136742886035786,0,0.4026202238371366,0,-66.79232910449812,0,1.1363214641990915,0,0
H,82,H_w82,20,0.19516122733927063,0,0.4430876225826443,1,-42.60748797501491,1,1.33684377003013,1,0
H,83,H_w83,20,0.10497312167407388,0,0.40412233133394415,0,-78.17100893832794,0,1.0328644472042552,0,0
H,84,H_w84,20,0.11867119081370846,0,0.40697722377071754,0,-69.43034912849521,0,1.0769102233171242,0,0
H,85,H_w85,20,0.12329444028426918,0,0.4105338706682385,0,-69.88016345461675,0,1.103937877357178,0,0
H,86,H_w86,20,0.12156787443045118,0,0.4258469053164292,0,-69.07704700779391,0,1.0159340926495586,0,0
H,87,H_w87,20,0.20664875828953624,1,0.4595742172660856,1,-26.015028599905357,1,1.3766724012473486,1,1
H,88,H_w88,20,0.1522755313452186,0,0.41591537703997145,0,-63.253121246408796,0,1.1032346958612846,0,0
H,89,H_w89,20,0.20905788028802327,0,0.4168710311894294,0,-73.40040215143019,0,1.161861421102692,0,0
H,90,H_w90,20,0.11915265303988025,0,0.42444267328294066,1,-56.4176976582177,1,1.2357789889603255,1,0
H,91,H_w91,20,0.08211990734480892,0,0.3815283155559692,0,-81.02807693275419,0,1.0227124538999086,0,0
H,92,H_w92,20,0.0674851452003767,0,0.3698353430436504,0,-87.89000120488265,0,1.0032203338617898,0,0
H,93,H_w93,20,0.08170306522409863,0,0.40394494701222516,0,-61.43506762268664,0,1.1176365609989147,0,0
H,94,H_w94,20,0.05582857845491484,0,0.4004239580996115,0,-71.23318994492932,0,1.0998099995359782,0,0
H,95,H_w95,20,0.06294215153219203,0,0.41410635089198766,0,-61.86899639703624,0,1.120769446885068,0,0
H,96,H_w96,20,0.051598092189376644,0,0.4019827770712681,0,-67.19893032298121,0,1.1333257026023908,0,0
H,97,H_w97,20,0.07804718353942866,0,0.42438530784235806,1,-51.795081516909455,1,1.2831116759612706,1,0
H,98,H_w98,20,0.08908486799892995,0,0.40188956295359607,0,-73.67992666012077,0,1.074207271875104,0,0
H,99,H_w99,20,0.08671739881666346,0,0.36388023429291855,0,-88.74698935153599,0,1.0096053688731397,0,0
H,100,H_w100,20,0.12489177843194466,0,0.40945746533221583,0,-72.80309262502823,0,1.0303992539792224,0,0
H,101,H_w101,20,0.12119179614920161,0,0.4191745494472348,0,-68.52203484817825,0,1.0258095379247592,0,0
H,102,H_w102,20,0.12146058629236742,0,0.42753529564127846,0,-70.53000248764447,0,1.0117306477404753,0,0
H,103,H_w103,20,0.1036810436821349,0,0.3987081997786183,0,-66.427160175654,1,1.2388645752088137,0,0
H,104,H_w104,20,0.1199689166272544,0,0.4102484583129463,0,-70.35958233550078,0,1.1041468497738116,0,0
H,105,H_w105,20,0.13794167898109738,0,0.42999255542907744,1,-52.8522650928346,1,1.1958239200521477,1,0
H,106,H_w106,20,0.16947522448619506,0,0.41645297311019425,0,-71.34855108195651,1,1.262234047443552,0,0
H,107,H_w107,20,0.13942857371901732,0,0.41327780551503634,0,-81.190234653753,0,1.0185872867574954,0,0
H,108,H_w108,20,0.10318166789569964,0,0.39564875633610164,0,-73.73428657120598,0,1.0761654840524646,0,0
H,109,H_w109,20,0.09949308629121707,0,0.3628608532946165,0,-90.77386326968204,0,0.9767469524377917,0,0
H,110,H_w110,20,0.10959436203298888,0,0.3641177913274318,0,-90.46504925995781,0,0.9895254865994839,0,0
H,111,H_w111,20,0.08571802366115108,0,0.37710010095684066,0,-76.15725767665351,0,1.0451073248486977,0,0
H,112,H_w112,20,0.10356463199416721,0,0.40319820419434804,0,-62.2830059412474,0,1.1061308945906483,0,0
H,113,H_w113,20,0.08183886676866095,0,0.3839346230470013,0,-76.29869666160079,0,1.0563419715700835,0,0
H,114,H_w114,20,0.05964367527459639,0,0.37713538680380115,0,-76.37614181779806,0,1.0384462746951189,0,0
H,115,H_w115,20,0.04397163073935828,0,0.42041952830587875,0,-61.71393395487118,0,1.1030216795556254,0,0
H,116,H_w116,20,0.05012272105831614,0,0.38677253207985907,0,-75.04804948518183,0,1.0650029454244525,0,0
H,117,H_w117,20,0.045624245780064424,0,0.39563940865290814,0,-71.6707296508046,0,1.0845595798720207,0,0
H,118,H_w118,20,0.07284950684263622,0,0.3695600888835985,0,-86.45325890938992,0,0.9890995078973572,0,0
H,119,H_w119,20,0.0862570355474394,0,0.3812239098843793,0,-77.95648670016517,0,1.00190703580826,0,0
H,120,H_w120,20,0.12837815359467464,0,0.38865423909406016,0,-82.34833003196883,0,1.0261467810481608,0,0
H,121,H_w121,20,0.08083351926823375,0,0.39129012706847227,0,-70.48779393632863,0,1.02256151295799,0,0
H,122,H_w122,20,0.1403439792594697,0,0.4110492051920512,0,-69.59477020817992,0,1.1663352413629426,0,0
H,123,H_w123,20,0.09301439605864413,0,0.3906536883249468,0,-71.10273645992581,0,1.1026654319423679,0,0
H,124,H_w124,20,0.12708505294645142,0,0.3887320276222049,0,-94.20987447740012,0,1.0147416274498358,0,0
H,125,H_w125,20,0.1416838408845639,0,0.4142995662731459,0,-80.08950933280512,0,1.0965943106515355,0,0
H,126,H_w126,20,0.08142741038292965,0,0.36662670171100836,0,-91.46138216407593,0,0.9846677201507839,0,0
H,127,H_w127,20,0.07619528938631084,0,0.3629781559818429,0,-90.44188244436832,0,0.9830714730050417,0,0
H,128,H_w128,20,0.07942635763735456,0,0.37060468659440376,0,-81.56265018532493,0,1.0320200096130965,0,0
H,129,H_w129,20,0.07341708447942402,0,0.3834417455338123,0,-77.47808318731902,0,1.0109815355772578,0,0
H,130,H_w130,20,0.07758595685418058,0,0.38532886653976445,0,-79.54521995971238,0,1.0421090306204146,0,0
H,131,H_w131,20,0.10298580205037468,0,0.380833490267671,0,-91.67998459780665,0,1.0335241076432427,0,0
H,132,H_w132,20,0.09881788163223652,0,0.38241746203153076,0,-77.64488529885924,0,1.0371151806999892,0,0
H,133,H_w133,20,0.07235073141994915,0,0.35877879139915286,0,-91.7748223568615,0,0.9825492954393996,0,0
H,134,H_w134,20,0.07277864314045755,0,0.38158127147212995,0,-80.859477184155,0,1.0250656231456474,0,0
H,135,H_w135,20,0.09249463899521848,0,0.3595971846614389,0,-93.49804320619718,0,0.9703986028903937,0,0
H,136,H_w136,20,0.08539961628112948,0,0.35763725297275806,0,-95.81395067103797,0,0.9725816925952732,0,0
H,137,H_w137,20,0.10141927261672572,0,0.3918972955270648,0,-78.6967214062656,0,1.0078103899029252,0,0
H,138,H_w138,20,0.0927138987465986,0,0.3874628195039116,0,-78.07632128211988,0,1.020990285373817,0,0
H,139,H_w139,20,0.06415739058115313,0,0.3658882377312666,0,-85.39579349670173,0,0.9906980051839637,0,0
H,140,H_w140,20,0.09254166145496734,0,0.3780005756424524,0,-86.2239059380852,0,1.0231505380787353,0,0
H,141,H_w141,20,0.11071158399823372,0,0.3889926664539746,0,-82.11967971636514,0,1.0273919548322974,0,0
H,142,H_w142,20,0.07339274576928913,0,0.39292617038198696,0,-75.65819996339289,0,1.0312172441045475,0,0
H,143,H_w143,20,0.10063770463147978,0,0.35795016970192944,0,-92.7898561317934,0,0.9822679082824073,0,0
H,144,H_w144,20,0.1141861630293133,0,0.381985761966105,0,-74.90256229424688,0,1.0618415061491855,0,0
H,145,H_w145,20,0.1211992011686498,0,0.425292864266645,0,-76.41957953818255,0,1.0392648570173526,0,0
H,146,H_w146,20,0.11685358131334045,0,0.4167652141040182,0,-77.09401851937642,0,1.0192909874585345,0,0
H,147,H_w147,20,0.143274043195292,0,0.4138539788968583,0,-75.04082743148749,0,1.1033488220782026,0,0
H,148,H_w148,20,0.12056509396026838,0,0.3996136285542825,0,-92.37600469336033,0,1.1681425026308705,0,0
H,149,H_w149,20,0.1170608859555787,0,0.42382385158036273,0,-75.41561215997044,0,1.0727988719129051,0,0
H,150,H_w150,20,0.08216624303684913,0,0.37491437071324046,0,-88.57276738085352,0,1.0108017336824102,0,0
H,151,H_w151,20,0.12118805441941623,0,0.3739938901212293,0,-86.24719861377162,0,1.0022827849372469,0,0
H,152,H_w152,20,0.08899847889974746,0,0.35815567817753263,0,-92.26253899850099,0,0.9874327500891188,0,0
H,153,H_w153,20,0.11829865504394874,0,0.3918103671173118,0,-73.13920959751668,0,1.0609591851522133,0,0
H,154,H_w154,20,0.0932017623598424,0,0.37561748672602707,0,-73.08389471156119,0,1.0796172299406162,0,0
H,155,H_w155,20,0.08983848979011506,0,0.37654546607137596,0,-80.47041915848176,0,1.042095032740422,0,0
H,156,H_w156,20,0.06218896316497942,0,0.36063085795623545,0,-91.95044352946366,0,0.9813308181059818,0,0
H,157,H_w157,20,0.06251308674445552,0,0.3752239058498305,0,-80.38273507115376,0,1.0312193159072796,0,0
H,158,H_w158,20,0.05295744828535867,0,0.36712471326629004,0,-90.52931717245085,0,1.0018556452197096,0,0
H,159,H_w159,20,0.06137136702826302,0,0.3788853386315203,0,-77.70172801785411,0,1.0373329522253398,0,0
H,160,H_w160,20,0.06328329153427305,0,0.3745898089156532,0,-82.70979937956575,0,1.0043721144911673,0,0
H,161,H_w161,20,0.061144792373700727,0,0.36562307786399284,0,-86.75160290011206,0,1.0047680103182988,0,0
H,162,H_w162,20,0.05467901033595774,0,0.3726764717649227,0,-86.29042285885672,0,0.9965779612137946,0,0
H,163,H_w163,20,0.07339646692334112,0,0.3715223836660544,0,-84.8470597599879,0,1.0528361126960233,0,0
H,164,H_w164,20,0.08356502365064399,0,0.3780598575747142,0,-86.93616434876735,0,1.0271100046114394,0,0
H,165,H_w165,20,0.07131157107704617,0,0.3631870029011271,0,-84.08644277211522,0,0.9806444994721106,0,0
H,166,H_w166,20,0.08174470896909099,0,0.3808782611944896,0,-78.42982510705583,0,1.0627094481882473,0,0
H,167,H_w167,20,0.09211752293974446,0,0.36971079665038253,0,-83.09318893640267,0,0.9980033176983554,0,0
H,168,H_w168,20,0.10554279542988594,0,0.36069888086418084,0,-91.00969475976702,0,0.984383490445098,0,0
H,169,H_w169,20,0.07854176099607091,0,0.3651524674298272,0,-82.91716089849123,0,1.0131289833214485,0,0
H,170,H_w170,20,0.07632521421368951,0,0.3639388697274015,0,-85.1715127629842,0,0.9996736593124861,0,0
H,171,H_w171,20,0.08114142265767503,0,0.3701047387603053,0,-81.43577755090406,0,1.0375146832963966,0,0
H,172,H_w172,20,0.08443597097387291,0,0.3597998523014462,0,-89.06732526814365,0,1.0005404126333097,0,0
H,173,H_w173,20,0.08717522891031342,0,0.3684965041077278,0,-87.52400445636296,0,0.9920981905123715,0,0
H,174,H_w174,20,0.12115072468288951,0,0.3717345053051785,0,-90.77040256227714,0,1.003930402435061,0,0
H,175,H_w175,20,0.08967183658610466,0,0.36017197269216816,0,-93.27568881783294,0,0.983335352371259,0,0
H,176,H_w176,20,0.0848809853808281,0,0.3604162478984182,0,-89.77664522519866,0,0.9851822636925639,0,0
H,177,H_w177,20,0.08958059452509146,0,0.36653263927297286,0,-82.40709434104029,0,1.0159418889561305,0,0
H,178,H_w178,20,0.10994595174614528,0,0.35989224349093546,0,-95.3319572791608,0,0.981184202944177,0,0
H,179,H_w179,20,0.09364400393268979,0,0.3571801183304588,0,-94.16554504227216,0,0.9732224780123009,0,0
H,180,H_w180,20,0.0806175106759568,0,0.3668938398248467,0,-83.97977857443075,0,1.002950855706572,0,0
H,181,H_w181,20,0.07791900223706866,0,0.3743268468661273,0,-84.12005721092248,0,1.0217643247614883,0,0
H,182,H_w182,20,0.08410196119687212,0,0.39161330213353934,0,-79.49475009984079,0,1.0072512457330427,0,0
H,183,H_w183,20,0.08172889869859178,0,0.36660672404154976,0,-88.47543139955614,0,1.0250101462240646,0,0
H,184,H_w184,20,0.07205153341392186,0,0.36243548960331684,0,-88.22015804611769,0,0.9746248619665865,0,0
H,185,H_w185,20,0.08470012145698226,0,0.36358596550872085,0,-86.22838352613793,0,0.9894704170991385,0,0
H,186,H_w186,20,0.10248891619523927,0,0.3738204821463345,0,-83.75000500521195,0,1.002701129786733,0,0
H,187,H_w187,20,0.11777674549728237,0,0.3722651922531886,0,-91.8983932384511,0,1.063724289267449,0,0
H,188,H_w188,20,0.11975033405910569,0,0.36963486513992716,0,-90.95116613071366,0,1.0046663677045937,0,0
H,189,H_w189,20,0.0762209079613136,0,0.36395369212087886,0,-87.52942453855667,0,0.9930845441092438,0,0
H,190,H_w190,20,0.10741876053429901,0,0.37176952300062255,0,-80.30963681119647,0,1.0514805734002401,0,0
H,191,H_w191,20,0.07960967514505415,0,0.3914694087114675,0,-75.90853347791445,0,1.097386361734549,0,0
H,192,H_w192,20,0.07550534208840363,0,0.3713383909504625,0,-86.05898710355999,0,1.0134275434526514,0,0
H,193,H_w193,20,0.06618930327324939,0,0.404394718144913,0,-66.90809245905794,0,1.1044133655540018,0,0
H,194,H_w194,20,0.07348419800743099,0,0.39550671544738053,0,-79.1151075759787,0,1.0332645448249405,0,0
H,195,H_w195,20,0.11461878015421538,0,0.3763247264415119,0,-96.71912865955,0,1.0183138324977972,0,0
H,196,H_w196,20,0.07252591225971314,0,0.3743321928250957,0,-85.74956297275685,0,1.0022385350423246,0,0
H,197,H_w197,20,0.09898810064631938,0,0.39611487138765034,0,-80.58814102443769,0,1.0314257804304166,0,0
H,198,H_w198,20,0.08020989616844973,0,0.3635578462232325,0,-89.69709146336646,0,1.0072504699660019,0,0
H,199,H_w199,20,0.07245625944651099,0,0.3628575740008578,0,-90.32889772195226,0,0.9942867360903745,0,0
H,200,H_w200,20,0.07467298314208858,0,0.38476986554454273,0,-80.17966286727268,0,1.1204060958675237,0,0
H,201,H_w201,20,0.12293544105036437,0,0.4045185303077085,0,-78.16713244581653,0,1.0350411418572805,0,0
H,202,H_w202,20,0.12873956763608618,0,0.36928514629902814,0,-87.60201789018576,0,1.043737119115354,0,0
H,203,H_w203,20,0.08343590764438737,0,0.3746890297727251,0,-80.88111071145426,0,1.03080297706426,0,0
H,204,H_w204,20,0.06344214771055261,0,0.383163832077526,0,-75.03679459129852,0,1.072307761656287,0,0
H,205,H_w205,20,0.05473074706052127,0,0.3695468767714999,0,-85.13789378131526,0,1.0125095582788846,0,0
H,206,H_w206,20,0.04651042527084575,0,0.3708896268616643,0,-80.36339763960073,0,1.0033241805869524,0,0
H,207,H_w207,20,0.07315305544485158,0,0.39360655248988824,0,-71.55101252776193,0,1.0764607287460806,0,0
H,208,H_w208,20,0.06047308509226403,0,0.3991642375695275,0,-67.98776825224229,0,1.0575879479322365,0,0
H,209,H_w209,20,0.057366154435126986,0,0.3641745772197933,0,-82.01033945658155,0,1.0054333832857034,0,0
H,210,H_w210,20,0.05200412590426669,0,0.3655889821211729,0,-85.04319188767812,0,1.0016594180990157,0,0
H,211,H_w211,20,0.0710592251002664,0,0.37914723834258873,0,-79.49109128744269,0,1.0768417779157242,0,0
H,212,H_w212,20,0.06662045353442245,0,0.3711517170868362,0,-77.0269325406061,0,1.047035052936573,0,0
H,213,H_w213,20,0.10494496704813554,0,0.3777250919153897,0,-75.8755442287805,0,1.0939102380376184,0,0
H,214,H_w214,20,0.0756734147925842,0,0.3876722907076684,0,-81.95387975485895,0,1.0993815734603753,0,0
H,215,H_w215,20,0.06795370641415246,0,0.4122014321749148,0,-72.51751448500336,0,1.0605970267029237,0,0
H,216,H_w216,20,0.10541316099145859,0,0.4290436916568489,0,-65.7131883077924,0,1.16309037024399,0,0
H,217,H_w217,20,0.12467064202290348,0,0.38510912409098547,0,-87.26756704584136,0,1.0606634900322505,0,0
H,218,H_w218,20,0.11272858417969134,0,0.36823307429681745,0,-87.98446881199176,0,1.0334337608213564,0,0
H,219,H_w219,20,0.0874028115160797,0,0.3605682996452438,0,-89.17335165954255,0,0.9821949316741424,0,0
H,220,H_w220,20,0.07219599293303404,0,0.3589714638926839,0,-85.8941839477829,0,0.9893676497044439,0,0
H,221,H_w221,20,0.08741350508881007,0,0.3696352436967955,0,-79.53990491845443,0,1.0088728162247067,0,0
H,222,H_w222,20,0.08291953619208599,0,0.36423538625280266,0,-78.69844900295217,0,0.9960241410936718,0,0
H,223,H_w223,20,0.0895264837795297,0,0.3582214248802564,0,-86.12710073409337,0,0.9840710999645386,0,0
H,224,H_w224,20,0.07334960090322272,0,0.3649094055102352,0,-82.50335453203924,0,1.030966036408321,0,0
H,225,H_w225,20,0.07712296703704037,0,0.35515916478948956,0,-86.24902827328023,0,0.975665824105588,0,0
H,226,H_w226,20,0.1194761579230788,0,0.37962082413169007,0,-75.06039631911455,0,1.054724928305361,0,0
H,227,H_w227,20,0.10719877814952018,0,0.388156808563123,0,-88.75669042348882,0,1.0558879120252702,0,0
H,228,H_w228,20,0.10902241125052982,0,0.39649612113397675,0,-82.8393414357367,0,1.0402155117881482,0,0
H,229,H_w229,20,0.10443350069297198,0,0.39029061504571405,0,-85.70805539777842,0,1.0096517778967724,0,0
H,230,H_w230,20,0.11879688962800182,0,0.4028578326961247,0,-85.1169893523191,0,1.0627400173749262,0,0
H,231,H_w231,20,0.11385236549685146,0,0.36903645539141267,0,-99.89156986191007,0,1.001990667890464,0,0
H,232,H_w232,20,0.09417528816550612,0,0.37413469349443645,0,-96.15478437796241,0,1.0017181501699997,0,0
H,233,H_w233,20,0.08686539297460054,0,0.36239617908358646,0,-92.15324980395408,0,0.9783443617934637,0,0
H,234,H_w234,20,0.1284823825092196,0,0.3765842285726688,0,-83.46753024462046,0,1.0606803109202179,0,0
H,235,H_w235,20,0.09238580113773755,0,0.37059752776290855,0,-87.88011353035863,0,0.9996802173610663,0,0
H,236,H_w236,20,0.09319023592489115,0,0.4079470399286143,0,-75.95917393991236,0,0.9982102440719943,0,0
H,237,H_w237,20,0.1073727443751595,0,0.39943929868596834,0,-79.6505143614906,0,0.9829119715860587,0,0
H,238,H_w238,20,0.16612401675825572,0,0.4181599133366277,0,-63.23759626886383,1,1.213219689033009,0,0
H,239,H_w239,20,0.08855316365104503,0,0.39788840568563527,0,-79.36510266373458,0,1.0695520888565728,0,0
H,240,H_w240,20,0.13801992840273974,0,0.43110495747271216,0,-70.03652744473769,0,1.0427361058233207,0,0
H,241,H_w241,20,0.11502823186964581,0,0.3677206540715688,0,-82.65444567301004,0,1.0101605026662233,0,0
H,242,H_w242,20,0.0938854820173494,0,0.37191099215290124,0,-74.81820394138497,0,1.073182040193917,0,0
H,243,H_w243,20,0.10376409215870035,0,0.4163477024398736,0,-66.99948115593088,0,1.0940169496360317,0,0
H,244,H_w244,20,0.10351811042362773,0,0.41037669489737594,0,-64.03239183052263,1,1.1940880450671092,0,0
H,245,H_w245,20,0.11634587393876657,0,0.3750834916292534,0,-76.95519529698315,0,1.0612990476845003,0,0
H,246,H_w246,20,0.11397280621639605,0,0.38704541041835944,0,-77.80166577372424,0,1.0952261895473199,0,0
H,247,H_w247,20,0.09170278049465146,0,0.37503325326687936,0,-81.77447735540576,0,1.0094335436952744,0,0
H,248,H_w248,20,0.08937546775160812,0,0.36785702028808565,0,-81.45726298006564,0,1.015449750148979,0,0
H,249,H_w249,20,0.08551603283512357,0,0.37889933569511525,0,-81.00537662625644,0,1.0282979458799173,0,0
H,250,H_w250,20,0.09246343612077049,0,0.37261163259613517,0,-79.44601501848935,0,1.012911877507932,0,0
H,251,H_w251,20,0.08248811283458041,0,0.377571886499686,0,-79.62144027230161,0,1.0481658863325738,0,0
H,252,H_w252,20,0.10470170414970378,0,0.374395784462779,0,-84.2276032107996,0,1.0430350819321068,0,0
H,253,H_w253,20,0.10893374003072734,0,0.3739962950102386,0,-83.79609272136385,0,1.0234483869766535,0,0
H,254,H_w254,20,0.07233741557599235,0,0.38483039316034334,0,-78.19475028470211,0,1.046982178991728,0,0
H,255,H_w255,20,0.07782939903725099,0,0.38945133131789655,0,-77.28112828433136,0,1.0542036968622948,0,0
H,256,H_w256,20,0.0891037401141277,0,0.40949276585271527,0,-75.87620027964408,0,0.9979194412861746,0,0
H,257,H_w257,20,0.10681203042075328,0,0.3709251234793873,0,-81.3556430040307,0,1.00432574506614,0,0
H,258,H_w258,20,0.08281784672864816,0,0.3882234254886523,0,-71.72874594479946,0,1.0205695941441166,0,0
H,259,H_w259,20,0.14709928514880458,0,0.42884605133674186,0,-66.35996212339609,0,1.0848383198021367,0,0
H,260,H_w260,20,0.14077218843841752,0,0.4194553212173208,0,-69.77437695797687,0,1.033619745880958,0,0
H,261,H_w261,20,0.11832522960290269,0,0.39310057724654196,0,-77.48640593157096,0,1.0387574108654463,0,0
H,262,H_w262,20,0.09851265480315913,0,0.36735604043785225,0,-82.60291526772971,0,0.9977636486302649,0,0
H,263,H_w263,20,0.08223377672897286,0,0.3844621606160641,0,-74.60002885125607,0,1.0433988988914487,0,0
H,264,H_w264,20,0.10112788000124136,0,0.3642365012202579,0,-86.17577250570315,0,0.9882986803921855,0,0
H,265,H_w265,20,0.09326182180083357,0,0.3634181626452855,0,-82.80900013763352,0,0.9966018568467016,0,0
H,266,H_w266,20,0.0963262314401443,0,0.3668427760113073,0,-84.84161327202888,0,0.9935654465227348,0,0
H,267,H_w267,20,0.11431398157321103,0,0.3670215235074381,0,-84.21730895674459,0,1.00158329523285,0,0
H,268,H_w268,20,0.12938639572808489,0,0.382943446782241,0,-73.31026782553506,0,1.1361143301321381,0,0
H,269,H_w269,20,0.15406209878327057,0,0.3959704724046216,0,-86.26678577427911,0,1.0425419402577192,0,0
H,270,H_w270,20,0.11626963931153916,0,0.39393997073105674,0,-78.46046936755455,0,1.070497371186938,0,0
H,271,H_w271,20,0.10883866131261886,0,0.3961464454778958,0,-81.18712682171684,0,0.9788277982118773,0,0
H,272,H_w272,20,0.11062121335654167,0,0.39634608045646696,0,-76.37386975641398,0,0.9997835854634866,0,0
H,273,H_w273,20,0.11297930535672375,0,0.3658998650879645,0,-84.11594340928443,0,0.99624050004144,0,0
H,274,H_w274,20,0.1049266612553736,0,0.3697362446903786,0,-88.35107894582734,0,0.9950285638827552,0,0
H,275,H_w275,20,0.0833954444321831,0,0.35975419265368414,0,-90.62839545921601,0,0.9752235465660118,0,0
H,276,H_w276,20,0.11076049421577407,0,0.3806170490233506,0,-84.87066555135036,0,1.0138955232169358,0,0
H,277,H_w277,20,0.09326427544060069,0,0.36430265952536567,0,-85.88157257922664,0,0.9898816641279052,0,0
H,278,H_w278,20,0.07898916916383684,0,0.38523242256026413,0,-82.39923110509636,0,1.0187307622586916,0,0
H,279,H_w279,20,0.09268086411408323,0,0.4196758161769664,0,-69.4965825611487,0,1.090061294532728,0,0
H,280,H_w280,20,0.11260006893637663,0,0.42055391622288857,0,-77.57434235286904,0,1.033945566913965,0,0
H,281,H_w281,20,0.11462042799989423,0,0.3810647060034631,0,-84.1211996576965,0,1.0588385971705048,0,0
H,282,H_w282,20,0.10811509039857277,0,0.3678264767440433,0,-88.1794177599385,0,1.0050581944485506,0,0
H,283,H_w283,20,0.06609781435252146,0,0.3732822660685457,0,-77.78071028269713,0,1.0156451512587814,0,0
H,284,H_w284,20,0.06886518861237367,0,0.3769899062403102,0,-76.10874284308954,0,1.0181937306851052,0,0
H,285,H_w285,20,0.11615783813736186,0,0.3871042476408794,0,-84.47296735690504,0,1.0260452795476789,0,0
H,286,H_w286,20,0.08352009391178096,0,0.37273961622720075,0,-79.91356255477193,0,0.9986483548265727,0,0
H,287,H_w287,20,0.1286546931128826,0,0.3967080470085765,0,-80.60686919451132,0,1.0484409445125575,0,0
H,288,H_w288,20,0.10317206926183879,0,0.4081032069464582,0,-79.05765129820705,0,1.0082546978006561,0,0
H,289,H_w289,20,0.1034300472890247,0,0.42019731093552654,0,-72.92358006300822,0,1.0256481164412097,0,0
H,290,H_w290,20,0.0992576835024388,0,0.40685715669575345,0,-71.76881398999556,0,1.0599874655666468,0,0
H,291,H_w291,20,0.11845969335908534,0,0.40130513985672156,0,-76.80732315716469,0,1.0356387606216482,0,0
H,292,H_w292,20,0.10684882129703806,0,0.40428265320908197,0,-84.09375994525539,0,0.9849069556124141,0,0
H,293,H_w293,20,0.09272551131348092,0,0.39752072018843027,0,-80.02058245673275,0,1.0845895861121926,0,0
H,294,H_w294,20,0.1220547979871409,0,0.4161086938627575,0,-82.50231612107636,0,0.9918277242476403,0,0
H,295,H_w295,20,0.09316917084772246,0,0.3716593113164309,0,-78.74669263922094,0,0.9862587685762936,0,0
H,296,H_w296,20,0.08423488681158182,0,0.36545441954062946,0,-82.03457361925564,0,0.9837181228859178,0,0
H,297,H_w297,20,0.08394551098542012,0,0.3753659891239586,0,-76.39502421873475,0,1.0184929358236237,0,0
H,298,H_w298,20,0.08454506162768145,0,0.36764493999247766,0,-80.05801523431604,0,0.9901595897539648,0,0
H,299,H_w299,20,0.08253693937739642,0,0.3741366884561876,0,-76.37624617456451,0,1.0308576423203228,0,0
H,300,H_w300,20,0.08611545512612569,0,0.37377775920510115,0,-82.1868056351622,0,1.0040965924023324,0,0
H,301,H_w301,20,0.09066047511707044,0,0.38590232782529466,0,-76.56930957073536,0,1.0981582039035638,0,0
H,302,H_w302,20,0.09377490991539907,0,0.39212271737933196,0,-85.30971982769346,0,1.0186849767672699,0,0
H,303,H_w303,20,0.05474319285415227,0,0.3699103597030811,0,-83.8064580904576,0,0.9850041329168336,0,0
H,304,H_w304,20,0.05358918333705182,0,0.41174804317231056,0,-68.6754182565313,0,1.0798389964648367,0,0
H,305,H_w305,20,0.0499798054808162,0,0.3992365522741587,0,-71.44625898406987,0,1.0171212948851343,0,0
H,306,H_w306,20,0.09048141877284849,0,0.3872636899668443,0,-84.71778871623873,0,1.01157608868653,0,0
H,307,H_w307,20,0.08734858548627357,0,0.3833157663002575,0,-76.30324762249843,0,1.05168371078312,0,0
H,308,H_w308,20,0.09365861225805562,0,0.3815968667016026,0,-80.5633584120712,0,1.0279452805714289,0,0
H,309,H_w309,20,0.10207766360996741,0,0.37982198716374055,0,-82.0638036157252,0,1.053364877914306,0,0
H,310,H_w310,20,0.08979244770701372,0,0.38867635233945,0,-81.28163342424195,0,1.0358808684444847,0,0
H,311,H_w311,20,0.07669444105943983,0,0.41725610016376385,0,-67.7915705070807,0,1.0515739750833861,0,0
H,312,H_w312,20,0.06739525191937228,0,0.36914810273178356,0,-78.63179384910747,0,1.0082608470843046,0,0
H,313,H_w313,20,0.06671911613517598,0,0.393687803216947,0,-79.28058860133349,0,1.0494969347611953,0,0
H,314,H_w314,20,0.06063352336136405,0,0.39532106097646486,0,-75.78280230883105,0,1.0236560066834628,0,0
H,315,H_w315,20,0.06939876906846752,0,0.36368833785844673,0,-85.72574629465407,0,1.0038761752912133,0,0
H,316,H_w316,20,0.05886270586114274,0,0.3868329818860058,0,-76.43796987674214,0,1.0846630668300585,0,0
H,317,H_w317,20,0.07956206209827035,0,0.39202895840113483,0,-81.94227378641159,0,1.0231004824417385,0,0
H,318,H_w318,20,0.07214752595085379,0,0.39380870002354773,0,-78.38695366231593,0,1.01622957337171,0,0
H,319,H_w319,20,0.07665528439495899,0,0.3939240841237059,0,-76.2940111562279,0,1.0433980592899967,0,0
H,320,H_w320,20,0.06099435451171658,0,0.38573086165445536,0,-75.22452741771504,0,1.0090803829548725,0,0
H,321,H_w321,20,0.14581382020882658,0,0.44918876489937515,1,-50.09366783537466,1,1.4066199013266625,1,0
H,322,H_w322,20,0.05807559598109432,0,0.39824818867569084,0,-71.9429028262604,0,1.0944118573363422,0,0
H,323,H_w323,20,0.06011038085355623,0,0.4021244182222413,0,-73.41534340115217,0,1.0141905576199237,0,0
H,324,H_w324,20,0.05391335806536853,0,0.3831849687468093,0,-74.43561073466584,0,1.0530301765156191,0,0
H,325,H_w325,20,0.07026636550824018,0,0.393381068349068,0,-81.84772030402009,0,1.0181470977667477,0,0
H,326,H_w326,20,0.07927113821448853,0,0.41302022347069955,0,-72.33130368395885,0,1.0089157572621066,0,0
H,327,H_w327,20,0.10726648720158274,0,0.44714690539656865,0,-66.9449201778631,0,1.059379408295595,0,0
H,328,H_w328,20,0.09159272447653519,0,0.4037854351167689,0,-66.25733329696793,0,1.0849385644975695,0,0
H,329,H_w329,20,0.11335149155788811,0,0.4076143677245501,0,-69.17099672191628,0,1.0500072304914543,0,0
H,330,H_w330,20,0.10355834873159113,0,0.4215044874644792,0,-62.49555505089011,0,1.0858078904662738,0,0
H,331,H_w331,20,0.0775136339139684,0,0.39973966514319975,0,-67.42923216395594,0,1.0103002150733862,0,0
H,332,H_w332,20,0.05426503780120914,0,0.4034755578156797,0,-65.84584070403302,0,1.059035491684174,0,0
H,333,H_w333,20,0.060825950535733884,0,0.38660698553162826,0,-76.03739724319638,0,1.012071956040159,0,0
H,334,H_w334,20,0.05018017241479953,0,0.3874665883651447,0,-71.33729491013385,0,1.0535241192895273,0,0
H,335,H_w335,20,0.061647274228213825,0,0.39105442499506887,0,-65.22957430011648,0,1.1172196558938257,0,0
H,336,H_w336,20,0.10312293515222302,0,0.41273738963280054,0,-68.24746553596484,0,1.0673515856695868,0,0
H,337,H_w337,20,0.1084822902331296,0,0.4271857045864603,0,-59.840323680086485,0,1.1037610672610372,0,0
H,338,H_w338,20,0.09283375945481541,0,0.395046860613415,0,-70.43277562506783,0,1.034143762702926,0,0
H,339,H_w339,20,0.11009139958585372,0,0.3741497723926548,0,-89.63232260060066,0,1.0362054165409111,0,0
H,340,H_w340,20,0.05824893309015816,0,0.3783225550239386,0,-77.82378411736376,0,1.0116488673962436,0,0
H,341,H_w341,20,0.06990695848439815,0,0.38896853797520387,0,-78.88421928707331,0,1.0421781893870425,0,0
H,342,H_w342,20,0.09851877488053151,0,0.4204344370668987,0,-73.50700214203128,0,1.0824279821253446,0,0
H,343,H_w343,20,0.10381111460906217,0,0.40455231992463586,0,-70.5583485488965,0,1.087161303042441,0,0
H,344,H_w344,20,0.10624615993966398,0,0.42062096686054423,0,-62.80953728178378,0,1.1581413603673543,0,0
H,345,H_w345,20,0.059775225962136073,0,0.39225209337418243,0,-76.97621173714671,0,1.005069650421417,0,0
H,346,H_w346,20,0.10489248269897125,0,0.38017482246819356,0,-81.03051115922803,0,1.0016359644672868,0,0
H,347,H_w347,20,0.11008746533132412,0,0.377678779657212,0,-83.89601375285663,0,1.024313094201068,0,0
H,348,H_w348,20,0.1272317997896254,0,0.3716607621345226,0,-81.15129222368721,0,1.013236809819472,0,0
H,349,H_w349,20,0.15264070975603677,0,0.4034703350781229,0,-68.85922023140147,0,1.0912948903843627,0,0
H,350,H_w350,20,0.15507111278560773,0,0.4387384726762466,1,-44.63337904153779,1,1.293821500744938,1,0
H,351,H_w351,20,0.11607915816385413,0,0.3834223563512718,0,-75.81368314545723,0,1.0549711782356934,0,0
H,352,H_w352,20,0.12905232839409084,0,0.3731144608764751,0,-90.03206321329625,0,1.0436614463983884,0,0
H,353,H_w353,20,0.11851828620459674,0,0.40692627814896953,0,-74.1043140703007,1,1.174965496696971,0,0
H,354,H_w354,20,0.07718424617616512,0,0.4021317855861252,0,-72.65515457449567,1,1.2755648338383565,0,0
H,355,H_w355,20,0.08634914885475892,0,0.3972503567351766,0,-78.45186712413594,0,1.1579446509710203,0,0
H,356,H_w356,20,0.13460816821535365,0,0.38340250545470084,0,-88.29698250639075,0,1.0648979634452072,0,0
H,357,H_w357,20,0.07318157494794195,0,0.37039734615880604,0,-87.11456548936421,0,1.023210532744228,0,0
H,358,H_w358,20,0.1113819732205851,0,0.3814245635606993,0,-74.27863445433869,0,1.1149139656286111,0,0
H,359,H_w359,20,0.1347518717474246,0,0.37669928620298887,0,-82.35861618504268,0,1.0828677431446692,0,0
H,360,H_w360,20,0.1430747428656021,0,0.3921210091993382,0,-73.85186012814567,0,1.0880500266520714,0,0
H,361,H_w361,20,0.10101676825923829,0,0.36708183592157595,0,-76.91541937529028,0,1.0536531732634924,0,0
H,362,H_w362,20,0.10168244843842286,0,0.3789157216737171,0,-78.35831558730607,0,1.0682356459075246,0,0
H,363,H_w363,20,0.08126954853787481,0,0.36263887009378154,0,-83.93634268932108,0,0.9830111635333206,0,0
H,364,H_w364,20,0.08952228065485565,0,0.3850287100735485,0,-72.97356040265714,0,1.0551297020363788,0,0
H,365,H_w365,20,0.07676614845703891,0,0.3910603511547921,0,-70.11844666731449,0,1.0833453570420328,0,0
H,366,H_w366,20,0.09614749123652555,0,0.3644079957237199,0,-82.10000681492345,0,0.9937892108502816,0,0
H,367,H_w367,20,0.0908420263806791,0,0.3590658845427222,0,-88.47841453584869,0,0.9655523309637536,0,0
H,368,H_w368,20,0.07104017682261217,0,0.373872507460533,0,-75.97552220258102,0,1.0268069709218721,0,0
H,369,H_w369,20,0.10717712135701422,0,0.371010902688401,0,-86.1040730099392,0,0.9957084861188016,0,0
H,370,H_w370,20,0.08851754176479132,0,0.35630040087949066,0,-91.62841623267501,0,0.9696577960844268,0,0
H,371,H_w371,20,0.09903902503123958,0,0.3689272693966404,0,-86.26261859254997,0,1.003014899052494,0,0
H,372,H_w372,20,0.08765190242556734,0,0.3595776280493077,0,-86.38484015387048,0,0.9830943756970297,0,0
H,373,H_w373,20,0.07968734879448044,0,0.37314247313792304,0,-80.04989117780245,0,0.9877384996893208,0,0
H,374,H_w374,20,0.08612784353503054,0,0.3580142454829608,0,-89.44195798054542,0,0.9814805168364541,0,0
H,375,H_w375,20,0.08957947497328285,0,0.36475397178736524,0,-86.27146277112031,0,0.9849029915098099,0,0
H,376,H_w376,20,0.1268344302469447,0,0.3618230176156886,0,-96.56201963046428,0,0.9782723931545307,0,0
H,377,H_w377,20,0.1490127821716502,0,0.3855460278549197,0,-89.41960013102042,0,1.0986700709177264,0,0
H,378,H_w378,20,0.10553951136497138,0,0.358522579111149,0,-92.91821721635115,0,0.9743643189110001,0,0
H,379,H_w379,20,0.10514170278690244,0,0.3684978278102127,0,-92.58141486133434,0,1.000536385502827,0,0
H,380,H_w380,20,0.09688939706660624,0,0.3843292576807226,0,-79.08871889344866,0,1.0681801148497143,0,0
H,381,H_w381,20,0.09215366755673039,0,0.37041941674438233,0,-87.44715404052272,0,1.0089349136026846,0,0
H,382,H_w382,20,0.07931991052619572,0,0.36603958873868436,0,-87.03556944097078,0,0.9865679665567112,0,0
H,383,H_w383,20,0.10873900416761605,0,0.36208750764037106,0,-87.63328952554892,0,0.989765205110487,0,0
H,384,H_w384,20,0.11227932245192723,0,0.3618309449918954,0,-87.4130335283131,0,0.9938988140538068,0,0
H,385,H_w385,20,0.11909808628769247,0,0.3663669626412545,0,-84.94534563282701,0,1.0104932373825986,0,0
H,386,H_w386,20,0.09803714343401204,0,0.36349188039719155,0,-87.31239447738861,0,0.9818068289464114,0,0
H,387,H_w387,20,0.14208046950130757,0,0.3858669241667105,0,-83.74670107652047,0,1.0892767365017861,0,0
H,388,H_w388,20,0.09715679504605565,0,0.392241139386104,0,-72.11596467540417,0,1.0859187964017463,0,0
H,389,H_w389,20,0.14472844319839617,0,0.39241600233742463,0,-70.81404080430768,0,1.1718272573401793,0,0
H,390,H_w390,20,0.1765796371515206,0,0.39617180222599396,0,-87.59290383724834,0,1.0789591959169107,0,0
H,391,H_w391,20,0.16222777867902904,0,0.3990426493876919,0,-94.48634167814934,0,1.0497422113738,0,0
H,392,H_w392,20,0.10274416050330094,0,0.3599929951027593,0,-91.79029622854146,0,0.970613300461033,0,0
H,393,H_w393,20,0.11766750640169733,0,0.3767371991830184,0,-83.05841834460679,0,1.0054384472886364,0,0
H,394,H_w394,20,0.09406352916635825,0,0.36517147237497705,0,-87.03784518573292,0,1.0008869380259318,0,0
H,395,H_w395,20,0.09381439447429842,0,0.36412687127599125,0,-88.77501015846421,0,0.9793057229669957,0,0
H,396,H_w396,20,0.1710049906121509,0,0.4100200977874398,0,-77.96628657847447,0,1.0312824982431756,0,0
H,397,H_w397,20,0.17796869515799127,0,0.4182706988267772,0,-64.2039290246121,0,1.0775199669090045,0,0
H,398,H_w398,20,0.10861112132605871,0,0.38352246811471175,0,-83.6286355903609,0,1.046611399243111,0,0
H,399,H_w399,20,0.15924782686846642,0,0.40682373390669146,0,-79.38282475571985,0,1.1420466976706478,0,0
H,400,H_w400,20,0.15401642390980752,0,0.3946200238204743,0,-79.66284805116746,0,1.138958774238848,0,0
H,401,H_w401,20,0.2273049080212639,0,0.42464507565404647,0,-81.85318869972677,0,1.0642841931798177,0,0
H,402,H_w402,20,0.20707533725379845,1,0.45705486900522235,1,-51.843562350904456,1,1.2325445646522757,1,1
H,403,H_w403,20,0.2622149026926612,1,0.5255625666988376,1,-44.6266669505614,1,1.2500559814272916,1,1
H,404,H_w404,20,0.1775629867890844,0,0.41511237271774454,0,-70.51913268706748,0,1.114460190002487,0,0
H,405,H_w405,20,0.2522355232283099,1,0.46556495334527453,0,-57.093500847244904,0,1.0285798627825378,0,0
H,406,H_w406,20,0.15629866184092556,0,0.4508251011985216,1,-55.578692119683794,0,1.137153207026952,0,0
H,407,H_w407,20,0.25383284646191795,0,0.4276021977036951,0,-59.49437484723948,1,1.3292019901582819,0,0
H,408,H_w408,16,0.38833666670717926,1,0.5539404032649111,1,-4.273460814628422,1,2.6750186347374103,1,1
H,409,H_w409,15,0.07464309011559242,0,0.3634463089640418,0,-77.89115138146828,0,0.9793263195516356,0,0
H,410,H_w410,15,0.09097572647658052,0,0.3815627178715013,0,-71.48533274395851,0,1.066396698523544,0,0
H,411,H_w411,15,0.09724828338298311,0,0.3807596634239002,0,-82.57596278247387,0,1.0270445780209712,0,0
H,412,H_w412,15,0.0829158503109447,0,0.3742821945956063,0,-81.51469442512456,0,1.00756396602022,0,0
H,413,H_w413,15,0.06443359036664581,0,0.38295244369655335,0,-67.86684439797726,0,1.065859141873793,0,0
H,414,H_w414,15,0.06543540340141554,0,0.38367584776538194,0,-70.19154000422877,0,1.065783835280994,0,0
H,415,H_w415,15,0.06291886646564798,0,0.3785289890598545,0,-77.80414847001136,0,1.0048318033511483,0,0
H,416,H_w416,15,0.05605176569238827,0,0.382572623046056,0,-80.67958745022271,0,1.0003805083709636,0,0
H,417,H_w417,15,0.04826514619290721,0,0.4123137382235619,0,-64.31012114363534,0,1.1500989913333348,0,0
H,418,H_w418,15,0.06767304016008512,0,0.38072351606405547,0,-79.65613209988318,0,0.9890021724780551,0,0
H,419,H_w419,15,0.0717203439356943,0,0.38493950986204806,0,-67.34023236591497,0,1.0961913398109877,0,0
H,420,H_w420,15,0.10137671792862187,0,0.3797308800198499,0,-79.09060031218483,0,1.0886767275731482,0,0
H,421,H_w421,15,0.12227358933725757,0,0.42050895423766105,0,-71.52602890244742,0,1.1361037550354556,0,0
H,422,H_w422,15,0.10439628664442376,0,0.4006080125290147,0,-70.9673958486973,0,1.0532019622781803,0,0
H,423,H_w423,15,0.08440055244063795,0,0.407004996872144,0,-67.78967341421537,0,1.1714219730857387,0,0
H,424,H_w424,15,0.0795310182605438,0,0.37187420380331426,0,-83.5073782616286,0,1.044679748574244,0,0
H,425,H_w425,15,0.10045703523897752,0,0.3740019675098612,0,-83.17135162605942,0,1.0445056853930872,0,0
H,426,H_w426,15,0.08412168619890872,0,0.36867208055468254,0,-77.36138261582961,0,0.9763503451304553,0,0
H,427,H_w427,15,0.08488770609303038,0,0.3748544096986159,0,-76.59196216314515,0,0.9890974146367577,0,0
H,428,H_w428,15,0.09716964141499214,0,0.39442696032971436,0,-79.79709218550883,0,0.9760577256614975,0,0
H,429,H_w429,15,0.1227106269159272,0,0.3828056409493797,0,-77.08877293993262,0,1.0983200194844485,0,0
H,430,H_w430,15,0.12632117743212462,0,0.39095821094966754,0,-69.98956062479682,0,1.0790832086158062,0,0
H,431,H_w431,15,0.10006833206792914,0,0.366408631163186,0,-83.26986077424694,0,0.9916332716406201,0,0
H,432,H_w432,15,0.07811869021241655,0,0.37424643591768963,0,-78.47646006514088,0,1.0038909043581383,0,0
H,433,H_w433,15,0.06843291948722138,0,0.37967848556185463,0,-75.18799269833747,0,1.0170620333212053,0,0
H,434,H_w434,15,0.08232707015599196,0,0.36317156690800795,0,-83.70604030293836,0,0.9729055807474134,0,0
H,435,H_w435,15,0.08568103036194447,0,0.37758164575931413,0,-73.79297928291894,0,1.013419398599596,0,0
H,436,H_w436,15,0.09093146203664623,0,0.36958791256076823,0,-83.71353636944141,0,1.0120082242426671,0,0
H,437,H_w437,15,0.11195865538513335,0,0.40840524810983947,0,-78.46314439240423,0,1.0372764427392047,0,0
H,438,H_w438,15,0.1575738812644875,0,0.42388886516121244,0,-83.89579769959862,0,1.1388241958730594,0,0
H,439,H_w439,15,0.15512349233122916,1,0.45894691719150016,0,-70.33155545395682,0,1.1006661875897257,0,0
H,440,H_w440,15,0.11597006465409991,0,0.4288067110906895,0,-74.27022926732634,0,1.053480641735566,0,0
H,441,H_w441,15,0.14409230935543332,1,0.4606683691303941,0,-57.4951868549229,1,1.1761980266084286,1,0
H,442,H_w442,15,0.14279402019696064,0,0.40952976978363526,0,-74.15069311370128,1,1.1907808703519187,0,0
H,443,H_w443,15,0.12384694147043764,0,0.3892236416901027,0,-77.56836699697959,0,1.0521931479619056,0,0
H,444,H_w444,15,0.07924407634485134,0,0.3652421741743286,0,-80.9898025702734,0,0.9975728785509146,0,0
H,445,H_w445,15,0.07322737618180461,0,0.3674113187765711,0,-77.27553901373433,0,1.0302558746891997,0,0
H,446,H_w446,15,0.10443951613570636,0,0.3734780733752096,0,-87.98003812604117,0,1.0098281889203111,0,0
H,447,H_w447,15,0.20171929087346874,1,0.532195386121473,1,-41.15807749457026,0,1.170111127694098,1,0
H,448,H_w448,15,0.18773355215898332,1,0.4907327537262404,1,-55.07700372035543,1,1.2894694546594059,1,1
H,449,H_w449,15,0.11159830488721556,0,0.4175050314064022,0,-76.75060861716524,0,0.9914653429245539,0,0
H,450,H_w450,15,0.10812761997738693,0,0.38695954290016904,0,-66.76582158737844,0,1.1197090757656387,0,0
H,451,H_w451,15,0.11452773272588532,0,0.39276228558914833,0,-73.76695962928086,0,1.0556680574207886,0,0
H,452,H_w452,15,0.17993977110526718,0,0.4147420985435958,0,-74.24819746214334,0,1.1559096846042816,0,0
H,453,H_w453,15,0.19374513123009796,0,0.44177208897686615,0,-75.76458806176309,0,1.0667903207719924,0,0
H,454,H_w454,15,0.11431833361513685,0,0.4286340235806938,0,-62.519246547157344,0,1.077543014574872,0,0
H,455,H_w455,15,0.11786335513362937,0,0.4456593087431232,1,-53.2634372170582,0,1.1381487561573584,0,0
H,456,H_w456,15,0.09971154206391215,0,0.37402973841143605,0,-88.25471562558614,0,1.0077516433273712,0,0
H,457,H_w457,15,0.11034698959880247,0,0.36571409501171315,0,-91.9979180804364,0,1.001197742003251,0,0
H,458,H_w458,15,0.1273406071685015,0,0.3892590868594278,0,-91.88752131155309,0,1.131439490644162,0,0
H,459,H_w459,15,0.2433176024222228,0,0.4259781262861742,0,-80.96266759091175,0,1.0145654366074561,0,0
H,460,H_w460,15,0.23229043580349001,0,0.43008465171018617,0,-76.6077714961024,0,1.0850603647678574,0,0
H,461,H_w461,15,0.2517149647582253,1,0.4678102938984675,0,-57.00697559705309,0,1.0078223730928801,0,0
H,462,H_w462,15,0.3997016941358414,1,0.5278447847110517,1,-36.33926415271163,0,1.1385772136095744,1,0
H,463,H_w463,15,0.21937929039903759,1,0.509880191165687,1,-34.94537131411779,1,1.231534731047417,1,1
H,464,H_w464,15,0.23543983459200923,0,0.448698966558231,0,-62.94042950059318,1,1.2209491912445607,0,0
H,465,H_w465,15,0.10081389664397143,0,0.36746234311041526,0,-103.14365637537259,0,1.0043748916344675,0,0
H,466,H_w466,15,0.13658886382081167,0,0.3912323806469267,0,-88.28699073542005,0,1.0775074936762417,0,0
H,467,H_w467,15,0.14616567094481783,0,0.425062475813689,0,-78.67255055881725,0,1.0184711292944542,0,0
H,468,H_w468,15,0.1675578781286948,0,0.400012676463019,0,-79.83821450270614,1,1.1723551158991776,0,0
H,469,H_w469,15,0.06076706157685867,0,0.3798034542492898,0,-79.69493583368943,0,1.001815429989835,0,0
H,470,H_w470,15,0.07977559483085257,0,0.40714350533050453,0,-71.49547041837363,0,1.0437291300776548,0,0
H,471,H_w471,15,0.1008156842756825,0,0.4068103851146647,0,-81.62917003222621,0,1.0649697636472026,0,0
H,472,H_w472,15,0.0821504175068627,0,0.4327563538677204,0,-73.20538241259008,0,1.1450154750906771,0,0
H,473,H_w473,15,0.06428426216422596,0,0.4046985426672788,0,-74.66741972430029,0,1.1040501409780794,0,0
H,474,H_w474,15,0.13216851290742776,0,0.42697075964952136,0,-80.48900808560538,0,1.0842970453984737,0,0
H,475,H_w475,15,0.15265125658726617,0,0.41090687793719205,0,-78.81006792453218,0,1.0334420307633856,0,0
H,476,H_w476,15,0.16419755209919223,0,0.4205868645577113,0,-74.79704517977805,0,1.0464126773645042,0,0
H,477,H_w477,15,0.07286128886767622,0,0.3954553494880882,0,-76.01230449983228,0,1.025265949909292,0,0
H,478,H_w478,15,0.21886448296061445,1,0.4597896059422198,1,-52.85280943037302,1,1.1719064308432159,1,1
H,479,H_w479,15,0.1707973942142604,0,0.4241097259762833,0,-76.87272408774368,0,1.1400002212582585,0,0
H,480,H_w480,15,0.07273934070815682,0,0.3930692167734056,0,-71.7061738935408,0,1.0509645037209054,0,0
H,481,H_w481,15,0.12456326466485679,0,0.3975877421969554,0,-80.52427322045813,0,1.1030575628981378,0,0
H,482,H_w482,15,0.15729326915987057,0,0.41772563723714906,0,-85.96029611606797,0,1.0279995119468819,0,0
H,483,H_w483,15,0.0857031840824146,0,0.428175282833195,0,-79.32492962734568,0,1.0862275196001996,0,0
H,484,H_w484,15,0.1830253028630348,1,0.46176460972657823,0,-64.38797268919714,0,1.0113283640242274,0,0
H,485,H_w485,15,0.14590143738436914,0,0.4315143398918137,0,-71.6043222754746,0,1.051853223805714,0,0
H,486,H_w486,15,0.3287619700923236,1,0.5141187905007396,1,-41.04324473006998,1,1.1750034619228302,1,1
H,487,H_w487,15,0.23383650581337662,1,0.46049826615396927,0,-60.37332205219414,0,1.0602468779698253,0,0
H,488,H_w488,15,0.0991290324667829,0,0.39500181372932847,0,-72.8222308831796,0,1.0482730543433552,0,0
H,489,H_w489,14,0.4950602419948466,1,0.6004337480022246,1,-3.3021777846630442,1,2.40602593610613,1,1
H,490,H_w490,10,0.27669201025401063,1,0.4792283222564153,1,-52.6083511942918,0,1.1134532055662771,1,0
H,491,H_w491,10,0.06278708617173173,0,0.3996104900222545,0,-76.8520569867935,0,1.1421756468999287,0,0
H,492,H_w492,10,0.07799202952022524,0,0.3946962160324478,0,-76.48442225464883,0,1.0083312912793714,0,0
H,493,H_w493,10,0.04864867279886098,0,0.4054453285393266,0,-63.020554438638584,0,1.122757952895171,0,0
H,494,H_w494,10,0.1622525371783178,0,0.4345956486249354,0,-75.56822279161183,0,1.0793161822565966,0,0
H,495,H_w495,10,0.1427833221922493,0,0.4433547469865581,0,-72.17836027606754,0,1.1079745113062802,0,0
H,496,H_w496,10,0.12759483452677073,0,0.4173226061495318,0,-82.80788964723266,0,1.1422646652002282,0,0
H,497,H_w497,10,0.27691945846069954,0,0.44839313914151036,0,-71.57297855507358,0,1.0649746991173927,0,0
H,498,H_w498,10,0.17820249101029864,0,0.4404047587881506,1,-41.412269222918205,0,1.1641635242298531,0,0
H,499,H_w499,10,0.08541227405527542,0,0.4242512675536775,1,-34.47048390931834,1,1.2977857297187907,1,0
H,500,H_w500,10,0.17223491943192257,1,0.4615080196285268,1,-42.1498736990164,0,1.1188080129399323,1,0
H,501,H_w501,10,0.1913329805755399,0,0.4198731250635293,0,-71.48841204123708,0,1.0651927637429313,0,0
H,502,H_w502,10,0.06440487769684355,0,0.36578695179454146,0,-80.02637328238875,0,1.0118562822445167,0,0
H,503,H_w503,10,0.1478982872392049,0,0.4298280895795717,0,-60.80409123941178,1,1.2418350298647607,0,0
H,504,H_w504,6,0.12077601668945745,1,0.4551885286286538,1,-42.97647373821432,1,1.457081055222041,1,1
H,505,H_w505,5,0.04741993666569226,0,0.3911382950450339,0,-72.35525136905,0,1.055547707540714,0,0
H,506,H_w506,5,0.04756627843747509,0,0.41821169716128564,0,-71.73787281427525,0,1.080697152978287,0,0
H,507,H_w507,5,0.04620768237876446,0,0.419738277490369,0,-70.23026534193275,1,1.2303717887183399,0,0
H,508,H_w508,5,0.05339071744265084,1,0.4681315015030361,1,-29.6968924157929,1,1.228132959458737,1,1
H,509,H_w509,5,0.060941697375860915,0,0.3966997941099715,0,-75.32416312606796,0,1.0483338968543563,0,0
H,510,H_w510,5,0.18703855711478154,0,0.4420665148430228,0,-70.92256830915048,0,1.0946315187941977,0,0
H,511,H_w511,5,0.2741538500820929,1,0.6050699273539516,1,-1.5393412317087822,1,1.8436805064822663,1,1
H,512,H_w512,5,0.04268858150846267,0,0.44971712243895273,1,-56.347370051550755,1,1.2633717817530963,1,0
H,513,H_w513,5,0.10090434072001975,0,0.41356782596751024,0,-62.894443348332395,1,1.2216125401832174,0,0
H,514,H_w514,5,0.10532791040267955,1,0.4560012501237484,1,-37.70484836158231,1,1.533060125302015,1,1
H,515,H_w515,5,0.05722562922802043,0,0.4131836317908331,0,-65.69113384050077,0,1.044356913511767,0,0
H,516,H_w516,5,0.024284322783029007,0,0.4200330066535944,0,-68.03290581776268,0,1.058365138979295,0,0
H,517,H_w517,5,0.015071874912900124,0,0.44080795950055124,0,-61.0988225896201,0,1.0175991632143917,0,0
H,518,H_w518,5,0.015071874912900124,0,0.4500928002963651,1,-43.785060007751454,0,1.0314323217446493,0,0
H,519,H_w519,5,0.015071874912900124,0,0.44486580540438386,1,-48.82772451353371,0,1.0036996375355554,0,0
H,520,H_w520,5,0.015071874912900124,0,0.44425647865109585,1,-49.4423042968799,0,1.0034137509322754,0,0
H,521,H_w521,5,0.015253463767272409,0,0.44302400466519176,1,-49.1243639717056,0,1.0018272198250167,0,0
H,522,H_w522,5,0.015344258194458551,0,0.4494207816172728,1,-45.16632242455924,0,1.0163089050867002,0,0
H,523,H_w523,5,0.017690955871444636,0,0.44286747092441214,0,-57.71062444322773,0,0.9970805686234611,0,0
H,524,H_w524,5,0.04886102166299899,0,0.4086976815685812,0,-66.47355158576772,0,1.075512104938139,0,0
H,525,H_w525,5,0.0725032919734813,0,0.3922383074526277,0,-73.10378743156438,0,1.1155197938536408,0,0
H,526,H_w526,5,0.04929643593364109,0,0.4136772819076346,0,-57.58762291792941,0,1.160294209993541,0,0
H,527,H_w527,5,0.04826774509009304,0,0.42375749758017833,0,-68.53639261362694,0,1.0850968417685116,0,0
H,528,H_w528,5,0.07196521718181266,0,0.3940095718208067,0,-70.56484811190377,0,1.1331162897673552,0,0
H,529,H_w529,5,0.06401477339960182,0,0.400218056654951,0,-78.59497443085759,0,0.9995612550400612,0,0
H,530,H_w530,5,0.04452408194383971,0,0.4197850429104326,0,-62.17591712297118,1,1.261882200628966,0,0
H,531,H_w531,5,0.025749603665193646,0,0.41860107275448766,0,-69.74857655845916,0,1.063574465683869,0,0
H,532,H_w532,5,0.05384795670068484,0,0.4174727755405499,0,-60.86853277135697,1,1.2714274339759102,0,0
H,533,H_w533,5,0.06986539714634059,1,0.4808362402803563,1,-27.721445798770713,1,1.2307012828270525,1,1
H,534,H_w534,5,0.08286222449251086,0,0.38256546635734523,0,-78.89624091755752,0,1.0641178103861415,0,0
H,535,H_w535,5,0.06371616307887142,0,0.4222847020050968,0,-59.05326251620497,1,1.179607064601319,0,0
H,536,H_w536,5,0.0076267318836362044,0,0.440431164251997,0,-59.19133310788345,0,1.0384142896925965,0,0
H,537,H_w537,5,0.00780832073800849,0,0.42961128218051525,0,-61.431503483465406,0,1.0280573424926878,0,0
H,538,H_w538,5,0.007899115165194644,0,0.4373981683378977,0,-58.09832735468636,0,1.035786269251676,0,0
H,539,H_w539,5,0.008080704019566929,0,0.4472224494609812,1,-52.406627315390935,0,1.0630251230132648,0,0
H,540,H_w540,5,0.008171498446753071,0,0.4291809080548146,0,-62.25181514962585,0,1.0157776107231358,0,0
H,541,H_w541,5,0.008262292873939224,0,0.42863286954730523,0,-62.0013240274925,0,1.0191334803104124,0,0
H,542,H_w542,5,0.00844388172831151,0,0.4304741901369458,0,-62.69292581168252,0,1.0025907919047359,0,0
H,543,H_w543,5,0.00844388172831151,0,0.43068483809603053,0,-61.359103801493156,0,1.0097492391190805,0,0
H,544,H_w544,5,0.009805798136103704,0,0.4366600999228522,0,-61.77990986759906,0,0.9982914848537673,0,0
H,545,H_w545,5,0.01007818141766213,0,0.43706720277714595,0,-60.82877518193677,0,1.001736318469182,0,0
H,546,H_w546,5,0.01007818141766213,0,0.4360982692952718,0,-60.632987521791286,0,0.9939542569225718,0,0
H,547,H_w547,5,0.010259770272034415,0,0.44515378902126923,1,-56.41768298773345,0,0.9931478420085236,0,0
H,548,H_w548,5,0.01035056469922057,0,0.4446642204165477,1,-55.915448979866774,0,0.9931478420085236,0,0
H,549,H_w549,5,0.010532153553592855,0,0.4413654353221033,0,-56.41790056957236,0,0.9957143653682893,0,0
H,550,H_w550,5,0.010622947980779007,0,0.4433187167497861,1,-54.616758789436844,0,0.9982253680667331,0,0
H,551,H_w551,5,0.010804536835151294,0,0.4370293551603453,0,-56.92170340168332,0,0.9967974462107788,0,0
H,552,H_w552,5,0.010895331262337436,0,0.43851531163214225,0,-60.01713670734112,0,1.0000674710498456,0,0
H,553,H_w553,5,0.01324202893932353,0,0.44407275468709145,1,-55.333108753505776,0,1.1087978338802351,0,0
H,554,H_w554,5,0.03536242089479499,0,0.385502511096601,0,-72.73017897693376,0,1.0739010804581053,0,0
H,555,H_w555,5,0.06494632172786004,1,0.5061648636372486,1,-11.815443250462245,1,1.3003248802091443,1,1
H,556,H_w556,5,0.08546457436864024,1,0.48876674467531334,1,-28.1047281611365,1,1.2834373760499542,1,1
H,557,H_w557,5,0.048028047597806836,0,0.40174539667634035,0,-71.33313285570968,0,1.0213025074553705,0,0
H,558,H_w558,5,0.03625332834069338,0,0.4224966822047929,0,-61.53172279601152,0,1.0472949433487946,0,0
H,559,H_w559,5,0.029093606305933977,0,0.4351664527499375,1,-56.41746600744288,0,1.1625074523854941,0,0
H,560,H_w560,5,0.03468655176474873,0,0.4016750157604297,0,-72.33255229626576,0,1.0561354404978114,0,0
H,561,H_w561,5,0.021514352051301873,0,0.40468028642387543,0,-70.0018147931985,0,1.0385583281850137,0,0
H,562,H_w562,5,0.06766739904710767,0,0.38988382328037974,0,-82.16126273450926,0,1.029787545627418,0,0
H,563,H_w563,5,0.04586967016816459,1,0.46784987355314495,1,-33.3459634187443,1,1.745103567650976,1,1
H,564,H_w564,5,0.08782057262965899,0,0.4473022154484054,0,-59.768884887570294,1,1.2702675081447985,0,0
H,565,H_w565,5,0.0601008332677756,0,0.39802682654332583,0,-75.15466828411334,0,1.0301618553262273,0,0
H,566,H_w566,5,0.07661164135627832,0,0.412532506672545,0,-75.26051434181441,0,1.0851637224636903,0,0
H,567,H_w567,5,0.08082538011583155,0,0.4006224784947852,0,-77.4463069749465,0,1.0828573640821682,0,0
H,568,H_w568,5,0.08803572059777139,0,0.41568755217008974,0,-69.74317736681937,0,1.126676209428725,0,0
H,569,H_w569,5,0.22496680793883794,1,0.516194270638398,1,-14.533525815974656,1,1.572885310579983,1,1
H,570,H_w570,5,0.08644280384700243,0,0.4102833531288319,0,-78.31152918888803,0,1.0736325335858665,0,0
H,571,H_w571,5,0.23096026985797863,1,0.5228482465639828,1,-1.6883691048091194,1,2.1988498623764743,1,1
H,572,H_w572,5,0.20097404972013813,1,0.5240483046220836,1,-2.3559584887347214,1,1.9403725907857068,1,1
H,573,H_w573,5,0.20187100522398246,1,0.5465998457850393,1,-2.961519194826657,1,1.7390758174148846,1,1
H,574,H_w574,3,0.09578292266291491,1,0.5127114829909392,1,-16.092284856730892,1,1.4806203324477492,1,1
I,0,I_w0,16,0.840375975601222,1,0.6330943290196739,1,-1.072314257132895,1,2.39870766457884,1,1
I,1,I_w1,20,0.048893730114879394,1,0.46822301492729634,1,-41.93040787236249,0,1.1546412737587528,1,0
I,2,I_w2,20,0.047168635998342645,1,0.4799938559198719,1,-18.388075192190925,1,1.4075607332843976,1,1
I,3,I_w3,20,0.20304400186084953,1,0.5288501747740713,1,-13.735059435994195,1,1.618057393177959,1,1
I,4,I_w4,20,0.28997809698836924,1,0.5333068357315403,1,-36.48806718994395,0,1.1156905726293174,1,0
I,5,I_w5,20,0.1004607684873315,0,0.4193551702604058,0,-65.08363230471383,0,1.0710131486312626,0,0
I,6,I_w6,20,0.19826381248130154,1,0.47708043410330797,1,-54.29352366966478,0,1.1329064216029787,1,0
I,7,I_w7,20,0.136654982289382,0,0.43855016797389124,0,-67.20781814092167,1,1.1813384531978275,0,0
I,8,I_w8,20,0.10096188410797009,0,0.42390526101530424,0,-61.19357656750248,0,1.1556780570171976,0,0
I,9,I_w9,20,0.10432116897451901,0,0.44097211706516115,0,-61.260455029025906,0,1.150108677989767,0,0
I,10,I_w10,20,0.22394840895371887,1,0.5012946790995224,1,-39.45587725714756,0,1.1546305981282323,1,0
I,11,I_w11,20,0.32239308504101666,1,0.5589419919762612,1,-28.39315658195103,1,1.1826041055401535,1,1
I,12,I_w12,20,0.21196394651245168,1,0.46175927736213995,0,-66.27950999808725,0,1.0726387729235363,0,0
I,13,I_w13,20,0.16883543778159474,1,0.47980968521434875,1,-47.8860411054463,1,1.2243465058463356,1,1
I,14,I_w14,20,0.1614195369229838,1,0.4694654417735144,1,-48.52004542516394,1,1.3127159322699349,1,1
I,15,I_w15,20,0.1104310008322794,0,0.41209975423938944,0,-79.3635996177872,0,1.0730496897668718,0,0
I,16,I_w16,20,0.18774951950288887,0,0.4444298284211672,0,-70.90100228080567,0,1.0975948326386655,0,0
I,17,I_w17,20,0.13921653602476491,0,0.40674660788899375,0,-84.12914270176945,0,1.098895857479688,0,0
I,18,I_w18,20,0.1439383416226488,0,0.41298039971785416,0,-84.8624572613623,0,1.051925367729322,0,0
I,19,I_w19,20,0.15687932253829223,0,0.4173701942967867,0,-85.24419032953982,0,1.1175008882085378,0,0
I,20,I_w20,20,0.11837599413213346,0,0.41150598258335963,0,-70.9720845684125,0,1.130608574407953,0,0
I,21,I_w21,20,0.11673615280865154,0,0.4378217757164936,0,-60.94835453398095,0,1.0891732190319903,0,0
I,22,I_w22,20,0.14913336250333392,0,0.4026890890295232,0,-82.69042616222298,0,1.1087622867619191,0,0
I,23,I_w23,20,0.25197876703453914,1,0.47540627012117287,0,-60.99949394714808,0,1.0191141191538173,0,0
I,24,I_w24,20,0.31718714240563456,1,0.5036536029465641,1,-56.377585236875234,0,1.0687029971144566,1,0
I,25,I_w25,20,0.15652429398421133,0,0.38983947759524223,0,-88.75107807503066,0,1.1006850483697173,0,0
I,26,I_w26,20,0.24882602135419424,1,0.4766905398888802,0,-68.90374813928122,0,1.0525764886848887,0,0
I,27,I_w27,20,0.20583549216746172,0,0.44282193581776663,0,-73.45519990075792,0,1.106830479557124,0,0
I,28,I_w28,20,0.11957770255607689,0,0.41234129516492657,0,-65.34447597624647,0,1.0761201764153778,0,0
I,29,I_w29,20,0.20867202170572907,1,0.4548469119043895,0,-66.62781898420427,0,1.0280458869645699,0,0
I,30,I_w30,20,0.16291741415456962,0,0.41579464655269194,0,-84.4354310199316,0,1.0245110989650892,0,0
I,31,I_w31,20,0.1808247783382902,0,0.42108142379659685,0,-88.50285996250497,0,1.0528428896462565,0,0
I,32,I_w32,20,0.09419881777700406,0,0.37352660218003075,0,-96.53459319665268,0,1.0052908096926942,0,0
I,33,I_w33,20,0.22128042185722577,1,0.46640984856212264,0,-64.25354993829274,0,1.0869792813673511,0,0
I,34,I_w34,20,0.267773039537267,1,0.46739895576060103,0,-66.61640173877001,0,1.069736105117397,0,0
I,35,I_w35,20,0.19139562009947475,0,0.41967297812124593,0,-81.76282911567193,0,1.057490919279654,0,0
I,36,I_w36,20,0.15006601260116936,0,0.37704655849985563,0,-101.02936361787002,0,1.0244241788545014,0,0
I,37,I_w37,20,0.1706677692182253,0,0.417964099257329,0,-72.56820861648657,0,1.1304195782735842,0,0
I,38,I_w38,20,0.14213488179444234,0,0.39408242976860747,0,-74.69867469079996,0,1.0648614039799882,0,0
I,39,I_w39,20,0.15763352374581732,0,0.4207359274140182,0,-73.57686231082288,0,1.1155230109126717,0,0
I,40,I_w40,20,0.13389470117180374,0,0.39739356899287126,0,-79.7222860338096,0,1.0298858598860379,0,0
I,41,I_w41,20,0.17196483599906645,1,0.4588863928025963,0,-56.5450358773469,1,1.2471994814552794,1,0
I,42,I_w42,20,0.17514432967840143,0,0.41905572074006187,0,-77.37826452345924,0,1.1187883588793106,0,0
I,43,I_w43,20,0.10976910236821838,0,0.38023851917971024,0,-85.92272931686122,0,1.0752320484938958,0,0
I,44,I_w44,20,0.09875810399710185,0,0.3629131074501457,0,-90.11701724459817,0,0.9911315048041782,0,0
I,45,I_w45,20,0.08620199353211934,0,0.36529824969459623,0,-87.72575197380071,0,1.0149048505806342,0,0
I,46,I_w46,20,0.11606429155258793,0,0.3715116404370535,0,-87.14180694332889,0,1.0205838264352753,0,0
I,47,I_w47,20,0.147517648969333,0,0.4079563566186849,0,-81.0895169049849,0,1.0617773680034828,0,0
I,48,I_w48,20,0.15999649823076956,0,0.39068162615848595,0,-92.78356318976897,0,1.017612515087546,0,0
I,49,I_w49,20,0.09285329285735851,0,0.39227990280098995,0,-79.87933488852785,0,1.1245481228626915,0,0
I,50,I_w50,20,0.13508407218713872,0,0.4261930048525834,0,-68.97338082002304,0,1.0716129495246078,0,0
I,51,I_w51,20,0.22324558980329992,0,0.44760458028100775,1,-55.76800063048497,0,1.143463975120815,0,0
I,52,I_w52,20,0.22554725950802035,1,0.45732055070390937,1,-45.3930539727347,1,1.413593410811795,1,1
I,53,I_w53,20,0.11173399337198116,0,0.37079748902433757,0,-92.7834224513956,0,0.9967207706767153,0,0
I,54,I_w54,20,0.20384828294617408,0,0.41346849813372977,0,-86.4590177467637,0,1.077655278421259,0,0
I,55,I_w55,20,0.12281206178329046,0,0.3776752115355478,0,-85.93026219300415,0,1.0283968007237432,0,0
I,56,I_w56,20,0.12691838737944564,0,0.3954154626925449,0,-69.43253963195579,0,1.1300226285437132,0,0
I,57,I_w57,20,0.14115124282628339,0,0.4074828728176105,0,-68.50491162739216,0,1.0803636843898803,0,0
I,58,I_w58,20,0.12986847024052062,0,0.3829139979300142,0,-84.27061187602901,0,1.0212575173220049,0,0
I,59,I_w59,20,0.1383831994350412,0,0.4167173091027135,0,-76.77532177246059,0,1.0866737682808278,0,0
I,60,I_w60,20,0.10949569578734997,0,0.4267411896526483,1,-55.964009445290145,1,1.2217494593969158,1,0
I,61,I_w61,20,0.09275966756960759,0,0.4294865964932496,1,-55.711943101171975,0,1.0759744429555536,0,0
I,62,I_w62,20,0.12180463901868319,0,0.40109479925465363,0,-75.3696264508239,0,1.0570469909538462,0,0
I,63,I_w63,20,0.1607112078065477,0,0.4503043294512523,1,-53.56671169887908,1,1.1918385963420646,1,0
I,64,I_w64,20,0.21606268405414195,1,0.4944185360245075,1,-47.89112679870229,1,1.2530811954165333,1,1
I,65,I_w65,20,0.14776338340385706,0,0.44262785454364095,0,-66.5905778706374,0,1.0418301050179037,0,0
I,66,I_w66,20,0.13694900479146582,0,0.39144239795150365,0,-79.9516568489246,0,1.0740174506036986,0,0
I,67,I_w67,20,0.1528331625833341,0,0.4213120526491968,0,-68.52858310953941,0,1.099685977360109,0,0
I,68,I_w68,20,0.22285601076568087,1,0.5464322938771098,1,-36.494962743726965,0,1.1597731156087339,1,0
I,69,I_w69,20,0.16217970119496097,0,0.42322837462867247,0,-69.65945238456635,0,1.1008837784421948,0,0
I,70,I_w70,20,0.10958026828278258,0,0.3798788351260356,0,-72.18808422724132,0,1.1124490568646994,0,0
I,71,I_w71,20,0.10212776353084176,0,0.3749445560771745,0,-80.12023582365174,0,1.0206836630840157,0,0
I,72,I_w72,20,0.1123085723831325,0,0.3730425682060976,0,-83.74075895517338,0,1.0073573390394708,0,0
I,73,I_w73,20,0.09649348796053436,0,0.381309299546778,0,-78.29148074050761,0,1.0010665866707533,0,0
I,74,I_w74,20,0.10160774451237164,0,0.4131233052615165,0,-66.93007645715286,0,1.0388862063424742,0,0
I,75,I_w75,20,0.09209454672959629,0,0.4099699584680497,0,-67.76097174927158,0,1.0371655326829072,0,0
I,76,I_w76,20,0.099294606110865,0,0.38375556547280043,0,-80.55955335374439,0,1.01177245420356,0,0
I,77,I_w77,20,0.12277856495900029,0,0.4056971159880606,0,-71.93224199001725,0,1.1059340003698124,0,0
I,78,I_w78,20,0.14743644093338248,0,0.4149638113682455,0,-72.26306957090918,0,1.0763472895766553,0,0
I,79,I_w79,20,0.1513488306091841,0,0.4101488899165161,0,-72.21456060919095,0,1.0525702956927727,0,0
I,80,I_w80,20,0.1086642717120947,0,0.39232351735959614,0,-79.33478319618584,0,1.1013559686968233,0,0
I,81,I_w81,20,0.07290711331643011,0,0.37502893129529413,0,-81.45579811127863,0,1.0382687899215874,0,0
I,82,I_w82,20,0.08257876101767289,0,0.3761135305352668,0,-75.33058786478153,0,1.0658452329940102,0,0
I,83,I_w83,20,0.08614636208235874,0,0.36438111221109487,0,-79.03107390919577,0,1.012185851717079,0,0
I,84,I_w84,20,0.08011550144974482,0,0.37904484714863984,0,-72.95142437303006,0,1.0683582677218368,0,0
I,85,I_w85,20,0.07224291768915896,0,0.36478931000970155,0,-85.18482186333958,0,0.9926643391725891,0,0
I,86,I_w86,20,0.0827319168018089,0,0.3623880489251708,0,-89.23510801328693,0,0.9797374760019988,0,0
I,87,I_w87,20,0.09503346923585099,0,0.3608886145377595,0,-94.54846324504757,0,0.9822034709663171,0,0
I,88,I_w88,20,0.07791277086456148,0,0.3743662843228258,0,-80.31343529820576,0,1.0227692926415999,0,0
I,89,I_w89,20,0.14544391246826183,0,0.42515200780892476,0,-76.93238277156097,0,1.027069657404914,0,0
I,90,I_w90,20,0.10298878791546454,0,0.38068720746554074,0,-81.92603640955302,0,1.0029807671562156,0,0
I,91,I_w91,20,0.09051364883174817,0,0.4012787015625675,0,-64.6660173653133,1,1.1836124058915483,0,0
I,92,I_w92,20,0.11833984548634725,0,0.4108127420266948,0,-70.5227539540564,0,1.0846483803212423,0,0
I,93,I_w93,20,0.09719851056848347,0,0.43105320286011944,0,-63.10064386173734,0,1.0589336739970565,0,0
I,94,I_w94,20,0.07306028599129318,0,0.45115913670480523,1,-44.145393627417725,1,1.2851523131509912,1,0
I,95,I_w95,20,0.05669408814194016,1,0.4724550018180962,1,-33.46860039940386,1,1.3898515049710154,1,1
I,96,I_w96,20,0.05060240028475843,0,0.4424895922628454,1,-54.71829913584142,0,1.0171921749523691,0,0
I,97,I_w97,20,0.10806884687951954,0,0.4320047979092388,1,-56.417622363111654,0,1.140347555424003,0,0
I,98,I_w98,20,0.09164597229326056,0,0.41792515254405943,0,-70.8718361746464,0,1.0625118168856664,0,0
I,99,I_w99,20,0.09805765310837249,0,0.3608351002331909,0,-91.4315246694678,0,0.9809883494203286,0,0
I,100,I_w100,20,0.08241260279288161,0,0.40368570447229435,0,-67.44547531894695,0,1.0848531315914522,0,0
I,101,I_w101,20,0.06579834634322565,0,0.4191382652683971,1,-53.85923306355041,0,1.15131212641393,0,0
I,102,I_w102,20,0.09375100375557462,0,0.391213625673207,0,-73.60193569945625,0,1.0819859090672534,0,0
I,103,I_w103,20,0.11167172625407179,0,0.37786114299466605,0,-81.72009954601943,0,1.0624951206605293,0,0
I,104,I_w104,20,0.09563112623515231,0,0.3797557208430407,0,-86.0234121182724,0,0.9949414048594217,0,0
I,105,I_w105,20,0.10812250085202099,0,0.3761173611575978,0,-85.27451897114318,0,0.9975640596585921,0,0
I,106,I_w106,20,0.0899130931492313,0,0.3735678161314433,0,-87.19508071278109,0,0.9884632092477444,0,0
I,107,I_w107,20,0.09620614439328128,0,0.3873850142431535,0,-76.88772784918416,0,1.013789051824269,0,0
I,108,I_w108,20,0.09422798604281933,0,0.39444322160010764,0,-78.4410508282999,0,1.0135539665131785,0,0
I,109,I_w109,20,0.10163630480298129,0,0.4415438416860171,0,-62.55469326235679,0,1.1310775409982476,0,0
I,110,I_w110,20,0.10440769069387609,0,0.4310064394635362,0,-59.99604353252963,0,1.1381486749944674,0,0
I,111,I_w111,20,0.12540565956275754,0,0.4016378676618557,0,-77.15559933714671,0,1.0553244806709745,0,0
I,112,I_w112,20,0.10887164966164382,0,0.37823098293022467,0,-88.21676128054092,0,1.0008525682293763,0,0
I,113,I_w113,20,0.1045615994516467,0,0.3816066108616222,0,-85.76970323221302,0,0.9926471488520084,0,0
I,114,I_w114,20,0.11829843175367921,0,0.3954600973029064,0,-79.70468403567065,0,1.0550926914173906,0,0
I,115,I_w115,20,0.12186785669797705,0,0.40867906279121285,0,-74.49304427392565,0,1.087873202196475,0,0
I,116,I_w116,20,0.08883799611354763,0,0.38632989460536865,0,-80.16652156410237,0,0.9923952295265474,0,0
I,117,I_w117,20,0.09226269852087858,0,0.38251664967343385,0,-81.91645182382277,0,0.997319059752797,0,0
I,118,I_w118,20,0.0851744763563593,0,0.4010353212616081,0,-73.13668806333399,0,1.0410588759820998,0,0
I,119,I_w119,20,0.09760682243633485,0,0.43755218941014784,0,-60.73628062607286,0,1.0773323916192852,0,0
I,120,I_w120,20,0.0981322030988213,0,0.427831444388007,0,-67.29362701575926,0,1.05393056268279,0,0
I,121,I_w121,20,0.08420966825004647,0,0.3986770005963198,0,-76.5451295811737,0,1.0063180670284955,0,0
I,122,I_w122,20,0.08129740115883,0,0.40269490891169196,0,-74.40817986118272,0,1.0058391131592002,0,0
I,123,I_w123,20,0.0874274743217299,0,0.40355945891412875,0,-75.50720034061035,0,1.0144779431492992,0,0
I,124,I_w124,20,0.09680573314637331,0,0.4109105287435723,0,-73.89242772378601,0,1.0550750182394741,0,0
I,125,I_w125,20,0.12313932692430525,0,0.4040810695763752,0,-71.32211691696014,0,1.129724576184145,0,0
I,126,I_w126,20,0.16667678481713885,0,0.4230983186987296,0,-69.45955867026254,1,1.227857374082919,0,0
I,127,I_w127,20,0.13338599800977408,0,0.4206168582739878,0,-74.19471003684455,0,1.1595266822840922,0,0
I,128,I_w128,20,0.1296048442002654,0,0.40470876624656205,0,-78.74006758062866,0,1.1117389372289812,0,0
I,129,I_w129,20,0.12052408128627479,0,0.39201173737130823,0,-74.16463272095186,0,1.0615893504974159,0,0
I,130,I_w130,20,0.10007972630192527,0,0.3990635445275218,0,-67.3569367544346,0,1.140289799567244,0,0
I,131,I_w131,20,0.1236783346809502,0,0.3837413037169951,0,-74.52385547208169,0,1.1044339935531975,0,0
I,132,I_w132,20,0.08349290425154617,0,0.3751815733700285,0,-75.90708270437663,0,1.0322721400061183,0,0
I,133,I_w133,20,0.08874931392765664,0,0.3733748744702787,0,-73.0378930213746,0,1.0832204693472403,0,0
I,134,I_w134,20,0.1341296890072416,0,0.40680023024726697,0,-77.67134945415332,0,0.9915073285031826,0,0
I,135,I_w135,20,0.1341283189582175,0,0.4044600542669479,0,-79.26230149494523,0,1.0582435931563872,0,0
I,136,I_w136,20,0.17168981766055008,0,0.3990770241867265,0,-84.49989988944567,0,1.1413635410773724,0,0
I,137,I_w137,20,0.1457816856476104,0,0.3911796982692761,0,-77.9707437782657,0,1.12141449550887,0,0
I,138,I_w138,20,0.13300151717545186,0,0.38225265575577055,0,-83.03116268200478,0,1.096260188509937,0,0
I,139,I_w139,20,0.0870573225617745,0,0.3982010740943683,0,-74.0558778970832,1,1.1920115080181202,0,0
I,140,I_w140,20,0.11524270448483681,0,0.3947910648117863,0,-80.26585586515807,0,1.0947492700304917,0,0
I,141,I_w141,20,0.12286005115349832,0,0.3891919506102992,0,-79.37627788814802,0,1.1043612494518595,0,0
I,142,I_w142,20,0.15685021668926516,0,0.39317949572143107,0,-85.10940386241415,0,1.047579870003166,0,0
I,143,I_w143,20,0.1186972902461923,0,0.37478581319745474,0,-83.44134298120242,0,1.0099917010537744,0,0
I,144,I_w144,20,0.08322404468921546,0,0.37446689852265,0,-73.0042745692662,0,1.0238650823077424,0,0
I,145,I_w145,20,0.09059159547072905,0,0.37474465519408834,0,-86.42774872807563,0,1.0335852183316137,0,0
I,146,I_w146,20,0.09832827889232203,0,0.3704455559331754,0,-90.47899954361151,0,1.0096137513570025,0,0
I,147,I_w147,20,0.08343728756306842,0,0.3742725892324372,0,-90.71052526024995,0,1.0592138647493266,0,0
I,148,I_w148,20,0.11953110935168412,0,0.3630008807505471,0,-94.67382479484132,0,1.0023703105544577,0,0
I,149,I_w149,20,0.10126072957338914,0,0.3750807038843157,0,-87.6745518087209,0,1.0354859385866255,0,0
I,150,I_w150,20,0.12133083941786167,0,0.3928451368891497,0,-64.61590278602554,0,1.1426913233348013,0,0
I,151,I_w151,20,0.12306084341404422,0,0.38481326169254204,0,-84.97939190494277,0,1.0506070410593538,0,0
I,152,I_w152,20,0.11482654988092614,0,0.36643351096815024,0,-92.7115177915591,0,1.0134559289655185,0,0
I,153,I_w153,20,0.10115220046841239,0,0.4270106220005383,0,-61.8332757472544,0,1.0649900807658585,0,0
I,154,I_w154,20,0.0947378141411755,0,0.40296678473953984,0,-73.92722825183367,0,0.9938472672313944,0,0
I,155,I_w155,20,0.09008235639490413,0,0.40404767123890334,0,-72.21452699269122,0,0.9985665538364606,0,0
I,156,I_w156,20,0.12944836291694925,0,0.42963106771146414,0,-65.5123921122257,0,1.1249023285779272,0,0
I,157,I_w157,20,0.1608593822125898,0,0.43152892110594937,0,-60.443232886104994,1,1.235184334714442,0,0
I,158,I_w158,20,0.10239454428698559,0,0.3729931562478358,0,-83.72262615824806,0,0.9934326234705241,0,0
I,159,I_w159,20,0.12495611397921236,0,0.3896171881532802,0,-77.53290688193407,0,1.0628070911025207,0,0
I,160,I_w160,20,0.12247753528866805,0,0.4068144409595088,0,-77.21365933696686,0,1.0491709767020951,0,0
I,161,I_w161,20,0.08435736584974611,0,0.41255686005127845,0,-63.02827076789471,0,1.0379292117812986,0,0
I,162,I_w162,20,0.08366910375784162,0,0.44554685340771916,0,-61.49040581959222,0,1.066579082054534,0,0
I,163,I_w163,20,0.06448031730661172,0,0.4337034316184983,0,-64.25400048094696,0,1.032342951904854,0,0
I,164,I_w164,20,0.055097373856945714,0,0.40754504625242316,0,-71.97528501740085,0,1.0195537415502098,0,0
I,165,I_w165,20,0.06677602098019572,0,0.41050987858593463,0,-71.39756038537652,0,1.0118249427479886,0,0
I,166,I_w166,20,0.10079984748091725,0,0.4047691555785734,0,-75.9220489531873,0,1.0162065929569777,0,0
I,167,I_w167,20,0.10036281823814475,0,0.38650520865828997,0,-70.85729381288397,0,1.0071515761825491,0,0
I,168,I_w168,20,0.10508689725412244,0,0.41057233047347896,0,-63.47000652128421,0,1.0629414201193204,0,0
I,169,I_w169,20,0.10241368153675,0,0.40267629200454536,0,-61.96833831177865,0,1.0538059243758453,0,0
I,170,I_w170,20,0.09367307383940926,0,0.39666910083810525,0,-62.458987210826756,0,1.0296781486065136,0,0
I,171,I_w171,20,0.09245106905211865,0,0.3881441853473678,0,-67.11585659539321,0,1.0263755679796913,0,0
I,172,I_w172,20,0.11844392464875725,0,0.40180386436321897,0,-71.57667248768927,0,1.1260634774784386,0,0
I,173,I_w173,20,0.1293015420073769,0,0.38835529658077134,0,-72.39087493104607,0,1.0799566895747457,0,0
I,174,I_w174,20,0.12696439333953197,0,0.38095762408613326,0,-76.69452979963225,0,1.0769629908584315,0,0
I,175,I_w175,20,0.14373447390894492,0,0.3865411553193019,0,-81.41884440971121,0,1.0545900389453553,0,0
I,176,I_w176,20,0.1571402519332359,0,0.395874102564395,0,-75.93232962425942,0,1.1372144184279456,0,0
I,177,I_w177,20,0.1987322054531565,0,0.4200956746054953,0,-74.91028683346254,0,1.170889479302449,0,0
I,178,I_w178,20,0.24401644344691775,0,0.42420534294127876,0,-76.01832329389494,1,1.2534113534985034,0,0
I,179,I_w179,20,0.11135484728062917,0,0.39971184414111993,0,-83.34726630942386,0,1.0178442822468206,0,0
I,180,I_w180,20,0.09749632749610204,0,0.4146060610526201,0,-77.51282126514077,0,0.9844419394932535,0,0
I,181,I_w181,20,0.09952475985406596,0,0.4393989487840759,0,-64.94872350626662,0,1.0226716168897003,0,0
I,182,I_w182,20,0.07483519157526164,0,0.43377917034600605,0,-68.84537058507749,0,0.9897136543168742,0,0
I,183,I_w183,20,0.0800607079583639,0,0.4260753104785469,0,-63.32749856207873,0,0.9934542215950645,0,0
I,184,I_w184,20,0.07284595493269383,0,0.3975170057942125,0,-68.53652877994455,0,0.9968299822915445,0,0
I,185,I_w185,20,0.06585124216481444,0,0.3758100309982012,0,-79.50700573781572,0,0.9771819033073617,0,0
I,186,I_w186,20,0.0974050403207765,0,0.3968362416682993,0,-79.79073105424452,0,1.0329707856829216,0,0
I,187,I_w187,20,0.09724901307984797,0,0.4446056302506315,0,-69.13121763768939,0,1.0025675746147817,0,0
I,188,I_w188,20,0.08240442119239946,1,0.4767450435001314,1,-43.42326578560537,0,1.1625330064430328,1,0
I,189,I_w189,20,0.08635635329952572,0,0.4440371658714638,0,-60.80838988105353,0,1.0024921389865584,0,0
I,190,I_w190,20,0.07794380098705586,1,0.4577855441251015,0,-58.72702297568158,0,1.0114764447528177,0,0
I,191,I_w191,20,0.061048799708076945,0,0.4023857241363459,0,-68.60082571737267,0,0.9999979238911039,0,0
I,192,I_w192,20,0.057965212194387654,0,0.4136723737163243,0,-65.55163569504099,0,0.9849950099834254,0,0
I,193,I_w193,20,0.06181211606900936,0,0.4210618218655256,0,-68.42547177018011,0,1.0346446194941343,0,0
I,194,I_w194,20,0.05902278114960046,1,0.4677577189435715,1,-53.05336440334203,0,1.0464576174200386,1,0
I,195,I_w195,20,0.05446719406693179,0,0.44119853679266446,0,-58.396420611798,0,1.0341189491752736,0,0
I,196,I_w196,20,0.05522356364353218,0,0.394893150965442,0,-68.24118357218399,0,0.9894970239563162,0,0
I,197,I_w197,20,0.06354603827699427,0,0.4483467070566233,0,-58.14519424734743,0,1.058062548850651,0,0
I,198,I_w198,20,0.062479474479109044,1,0.4630303053699265,1,-50.85025216555694,0,1.1696121948310088,1,0
I,199,I_w199,20,0.1034338554164242,0,0.4305762376342097,0,-56.46557944565778,0,1.055632957961072,0,0
I,200,I_w200,20,0.08091370871485952,0,0.4166740067873913,0,-66.112334825375,0,0.9867753153521388,0,0
I,201,I_w201,20,0.09475670498052789,0,0.4190635595167126,0,-65.08050352205282,0,1.0146000303288174,0,0
I,202,I_w202,20,0.085595188194304,0,0.4041076429147149,0,-69.48532421930835,0,0.989077591205197,0,0
I,203,I_w203,20,0.08339087295994954,0,0.42418943010246424,0,-63.764449033174444,0,1.0556694238791833,0,0
I,204,I_w204,20,0.08015907936988993,0,0.42008203278871903,0,-67.37070692170906,0,1.013446682470781,0,0
I,205,I_w205,20,0.053049747558496,0,0.39835476341410875,0,-74.7230106811555,0,0.976767564575532,0,0
I,206,I_w206,20,0.06216910936298444,0,0.4312398316193209,0,-60.04090705799409,0,1.016387776439294,0,0
I,207,I_w207,20,0.06373638459962527,0,0.4118519283055494,0,-67.51788503910024,0,1.0038622315088628,0,0
I,208,I_w208,20,0.08410197986222351,0,0.41387252833382326,0,-65.24893615373212,0,1.0493348645207343,0,0
I,209,I_w209,20,0.07649612998872721,0,0.418084773944874,0,-66.02443945061464,0,1.0253708866594984,0,0
I,210,I_w210,20,0.06487300208175682,0,0.42202193465628474,0,-58.96402710080751,0,1.0081102207369652,0,0
I,211,I_w211,20,0.08476143278179325,0,0.4262999643028176,0,-62.236749774261206,0,1.0081428818737717,0,0
I,212,I_w212,20,0.07153818688755556,1,0.4602551349436223,1,-50.07783781345136,0,1.111300553856758,1,0
I,213,I_w213,20,0.05007029510242391,0,0.4349441861899372,0,-61.19306736985199,0,1.0063694086425803,0,0
I,214,I_w214,20,0.07331405622014481,0,0.40760526432865585,0,-67.77042479229756,0,0.9852349136677451,0,0
I,215,I_w215,20,0.07675251219587496,0,0.4206040179504244,0,-67.59013413007249,0,1.0058328103927963,0,0
I,216,I_w216,20,0.06558588390536245,0,0.41689693751114665,0,-68.26489434787572,0,1.013204814308737,0,0
I,217,I_w217,20,0.06733456990560355,0,0.3946553384457732,0,-70.49305848503904,0,1.0040185545793483,0,0
I,218,I_w218,20,0.0538959637079686,0,0.3920426122627167,0,-71.41722618600484,0,1.0143861655801443,0,0
I,219,I_w219,20,0.06823352577848285,0,0.39123175773238394,0,-73.89471881774664,0,1.0302735005886725,0,0
I,220,I_w220,20,0.09216405044100734,0,0.4031517545402134,0,-78.58165278395538,0,1.0588267862900433,0,0
I,221,I_w221,20,0.09351300787800429,0,0.4333783542980911,0,-70.76596034794109,0,1.0218527453824044,0,0
I,222,I_w222,20,0.07685901267919987,0,0.4288221898451151,0,-63.76310979324243,0,1.039954710386724,0,0
I,223,I_w223,20,0.057094778726405754,0,0.4362084021414199,0,-60.87298070804464,0,1.0426872728531502,0,0
I,224,I_w224,20,0.047115643399150135,0,0.43139744368651306,0,-57.91438428857344,0,1.0278418343364895,0,0
I,225,I_w225,20,0.0683101621804831,0,0.41238537063492475,0,-65.28302562865778,0,1.0769285305169092,0,0
I,226,I_w226,20,0.09322841867936724,0,0.3852773540785158,0,-79.72718734918423,0,1.0212470284273103,0,0
I,227,I_w227,20,0.07369689473650394,0,0.3988652489204425,0,-75.83384670340682,0,1.001601898998282,0,0
I,228,I_w228,20,0.07708359010210523,0,0.43629229994021757,0,-63.628663106842595,0,1.030608717389468,0,0
I,229,I_w229,20,0.07766444786782341,0,0.4367363547293769,0,-63.434558066092,0,1.0273566512576087,0,0
I,230,I_w230,20,0.05836936597893531,0,0.4345517723828736,1,-52.23985233428173,0,1.074815227071193,0,0
I,231,I_w231,20,0.06818955140023357,0,0.4199692360555754,0,-62.6023267757769,0,0.9934656338265073,0,0
I,232,I_w232,20,0.05352854578088102,0,0.41530678969810214,0,-64.18389115788942,0,1.0024797975628426,0,0
I,233,I_w233,20,0.05397338989542121,0,0.43158444699083115,0,-58.849571847291024,0,1.0074030474195468,0,0
I,234,I_w234,20,0.04814573779178158,0,0.4336286764947215,1,-55.82198671483118,0,1.0163118088935785,0,0
I,235,I_w235,20,0.04709694569140592,0,0.4268903487426867,0,-61.64562120419264,0,1.0083624999082992,0,0
I,236,I_w236,20,0.04489298427466266,0,0.40867800914275076,0,-64.11726945829751,0,1.0013658417546942,0,0
I,237,I_w237,20,0.04515742327566506,0,0.41278439100111425,0,-58.12544095371227,0,0.9928817092890377,0,0
I,238,I_w238,20,0.03890963324569949,0,0.42424848848060964,0,-57.10763741015264,0,0.987311896854944,0,0
I,239,I_w239,20,0.04686095985593126,0,0.4135019870048972,0,-60.69453409935683,0,1.002276166468597,0,0
I,240,I_w240,20,0.04103942039207576,0,0.41004715236420625,0,-58.865564556468044,0,1.0745642740285282,0,0
I,241,I_w241,20,0.041387999655920125,0,0.4140522692404453,0,-59.82632894155112,0,1.0046474637871807,0,0
I,242,I_w242,20,0.04311310015687492,0,0.4240140236725481,1,-53.91165859919261,0,1.0235789548931788,0,0
I,243,I_w243,20,0.0447965147097396,0,0.42572035728218577,1,-54.34822684688351,0,1.0639968450089816,0,0
I,244,I_w244,20,0.045531442717102494,0,0.4358698272761765,0,-57.54361890239544,0,1.02070931079321,0,0
I,245,I_w245,20,0.04454513047894104,0,0.4463891352006688,0,-56.68272554227042,0,1.0096281797130728,0,0
I,246,I_w246,20,0.048048951187106156,0,0.43049212868124687,0,-57.30317324647517,0,1.0426781810672763,0,0
I,247,I_w247,20,0.05540119464957381,0,0.41399701987260035,0,-61.31205062662639,0,1.0000739524549298,0,0
I,248,I_w248,20,0.04037270736839456,0,0.4036159845933055,0,-64.1724965378577,0,0.9900653934049225,0,0
I,249,I_w249,20,0.054196896916063435,0,0.4070407680090908,0,-63.00077459757516,0,0.9899503976248129,0,0
I,250,I_w250,20,0.05489147435434484,0,0.4050773091179635,0,-56.418024261147345,0,1.0560926020441208,0,0
I,251,I_w251,20,0.06352093276171371,0,0.3989705018615578,0,-62.87582404063696,0,1.009708562488956,0,0
I,252,I_w252,20,0.07084102534793209,0,0.4013557170988724,0,-70.58597677420417,0,0.9735568436647433,0,0
I,253,I_w253,20,0.06454801610561131,0,0.3975978701987857,0,-69.18162557955348,0,0.9805304343454821,0,0
I,254,I_w254,20,0.08773423937967029,0,0.40506440542663863,0,-69.92908065793807,0,0.9980866637376652,0,0
I,255,I_w255,20,0.06447114959548396,0,0.3965520262898924,0,-66.05820627878596,0,0.9918718611620867,0,0
I,256,I_w256,20,0.06833271506656166,0,0.4074009520758162,1,-56.397342336763224,0,1.0982591314936097,0,0
I,257,I_w257,20,0.052020141709931494,0,0.417579250472585,1,-54.89142441222984,0,1.1029015867026886,0,0
I,258,I_w258,20,0.04765461650741253,0,0.3991375800343767,0,-67.0647086845041,0,1.0138030180829836,0,0
I,259,I_w259,20,0.04365852498776268,0,0.41294624818438813,1,-54.011292716385924,1,1.196280938410376,1,0
I,260,I_w260,20,0.05592741257834845,0,0.4023475335409694,0,-67.22933789422706,0,1.015029704239194,0,0
I,261,I_w261,20,0.13386883273491193,0,0.4121646772561579,0,-70.74351531694403,0,1.0946367887328048,0,0
I,262,I_w262,20,0.13340680824703802,0,0.43113515317380297,0,-62.03806255469253,1,1.2232171241574121,0,0
I,263,I_w263,20,0.1260867269110635,0,0.39571439732686237,0,-73.65725080484982,0,1.088209984255525,0,0
I,264,I_w264,20,0.09607580846451072,0,0.39000175377955826,0,-72.77271917934564,0,1.0340851818031613,0,0
I,265,I_w265,20,0.09467683847140468,0,0.3924463821560966,0,-69.08916708704828,0,1.0541222801340993,0,0
I,266,I_w266,20,0.10516327926003886,0,0.4124883847791919,0,-59.314372746892964,0,1.1556854578352451,0,0
I,267,I_w267,20,0.09906317378331518,0,0.4316426436904198,1,-54.30117376348243,1,1.3446748169562253,1,0
I,268,I_w268,20,0.08786984019584339,0,0.40067399112627133,0,-70.76363326680031,0,1.049781491189481,0,0
I,269,I_w269,20,0.13559484569561533,0,0.4322447274583863,0,-63.03463843611015,1,1.2413927667970595,0,0
I,270,I_w270,20,0.23981125104107395,1,0.49594499145706017,1,-47.8358656774199,1,1.3741404812042515,1,1
I,271,I_w271,20,0.1131584179634086,0,0.41619089466438886,0,-69.21260634393037,1,1.1856091179980563,0,0
I,272,I_w272,20,0.10911614771376006,0,0.4108292500183387,0,-75.11840716640788,0,1.0551309794491421,0,0
I,273,I_w273,20,0.08671668502521185,0,0.40622743193905725,0,-62.583939877989785,0,1.0938318033095362,0,0
I,274,I_w274,20,0.08085909115077541,0,0.39247211648331415,0,-75.05801756375001,0,0.9911813942996511,0,0
I,275,I_w275,20,0.08204198600920504,0,0.42713456070671646,0,-60.36453197480595,0,1.0551615948514346,0,0
I,276,I_w276,20,0.0677854830983168,0,0.396564340278156,0,-68.06232689615652,0,1.079085994758176,0,0
I,277,I_w277,20,0.06191962173480346,0,0.3799497238375297,0,-75.66424935553816,0,1.0126172615939266,0,0
I,278,I_w278,20,0.0964417014859995,0,0.3759603860311569,0,-76.66551839157616,0,1.013976463489142,0,0
I,279,I_w279,20,0.1019597215219577,0,0.41240831057867894,0,-60.50144497227503,1,1.1789986161317583,0,0
I,280,I_w280,20,0.10976175994467398,0,0.4047044914939971,0,-69.97226377605156,0,1.110078948828053,0,0
I,281,I_w281,20,0.10801017940377969,0,0.39998280824289256,0,-68.35884484354317,0,1.060100324248804,0,0
I,282,I_w282,20,0.12677355518661926,0,0.3966160831566174,0,-71.53387939710807,0,1.0630919942752748,0,0
I,283,I_w283,20,0.14098067242686455,0,0.38829703729151377,0,-75.29189940866061,0,1.057793842702292,0,0
I,284,I_w284,20,0.14200083660838494,0,0.41025464726599087,0,-78.23902664075847,0,1.018825294448795,0,0
I,285,I_w285,20,0.14099183565884127,0,0.415247151309668,0,-77.65661369452846,0,0.9972034295737499,0,0
I,286,I_w286,20,0.12262141161565286,0,0.3873937274597983,0,-72.49552849828382,0,1.0405422668400715,0,0
I,287,I_w287,20,0.11882693981398812,0,0.37472172242420715,0,-80.26434346184256,0,1.0064639633020325,0,0
I,288,I_w288,20,0.12428706913900349,0,0.38531184456880174,0,-74.03857927398637,0,1.0606535829718937,0,0
I,289,I_w289,20,0.1229457958919239,0,0.37523104134819424,0,-81.617278350088,0,1.0036685485961692,0,0
I,290,I_w290,20,0.11141715882921517,0,0.3920557641661211,0,-66.93158080871403,0,1.0758716552855805,0,0
I,291,I_w291,20,0.1095120349258452,0,0.394166690042331,0,-68.80437715691349,0,1.0646510811396614,0,0
I,292,I_w292,20,0.11229069500018793,0,0.36591419192070607,0,-87.90362863098275,0,0.9882131812774294,0,0
I,293,I_w293,20,0.12306332660572324,0,0.3681101792703561,0,-89.23167456971903,0,0.9881010643221048,0,0
I,294,I_w294,20,0.14435536964723217,0,0.37964550574444467,0,-89.82399952947662,0,1.0372550629719652,0,0
I,295,I_w295,20,0.12334269367826912,0,0.40910902631672796,0,-80.38507704936615,0,1.165581460279061,0,0
I,296,I_w296,20,0.10666097991792434,0,0.3901583383560805,0,-86.71790154714918,0,1.058452678274005,0,0
I,297,I_w297,20,0.14324855441553555,0,0.3997771697797712,0,-72.61412277295987,1,1.209852298252124,0,0
I,298,I_w298,20,0.1351990788155317,0,0.384495031874363,0,-80.58558664297314,0,1.0394859308172024,0,0
I,299,I_w299,20,0.10147179799451499,0,0.41913505783699195,0,-67.30675495101457,0,1.1439510739117005,0,0
I,300,I_w300,20,0.11151589969503502,0,0.39211457413599954,0,-76.12173859097128,0,1.1111707619435334,0,0
I,301,I_w301,20,0.22209535803305258,0,0.4397325876481221,0,-77.2903242030972,1,1.2086274868638298,0,0
I,302,I_w302,20,0.21850890349006816,0,0.4345405989912729,0,-72.3144359784298,0,1.1301376218480657,0,0
I,303,I_w303,20,0.15417096759547655,0,0.3826586656744629,0,-93.25673916441914,0,1.0584856702385503,0,0
I,304,I_w304,20,0.1346025329206458,0,0.3786018312965084,0,-90.12002849406237,0,1.020225022484857,0,0
I,305,I_w305,20,0.1262780775890443,0,0.40599844131329016,0,-68.7154513339728,1,1.1958598004892678,0,0
I,306,I_w306,20,0.2184337392359396,0,0.4412085052842029,0,-81.23685748411026,0,1.1262943524676847,0,0
I,307,I_w307,20,0.2122744206769882,0,0.43788648094136373,0,-69.93042264861135,1,1.1803705360048657,0,0
I,308,I_w308,20,0.1441093561623005,0,0.4050626222035635,0,-82.1046130392149,0,1.1111314327307351,0,0
I,309,I_w309,19,0.0947647129171564,0,0.39889595329629685,0,-78.85104447225154,0,0.9985090754761586,0,0
I,310,I_w310,15,0.05993928255574537,0,0.38194163872646303,0,-76.57726016520279,0,0.9728426736268025,0,0
I,311,I_w311,15,0.05248878754476332,0,0.38415210749325707,0,-69.62884740566643,0,0.9949032193099561,0,0
I,312,I_w312,15,0.07474347007160238,0,0.40454989225935906,0,-72.63240373857772,0,1.0137344705101667,0,0
I,313,I_w313,15,0.0839298921860317,0,0.38708260109346815,0,-76.39757013732458,0,1.0260610561889847,0,0
I,314,I_w314,15,0.07990627576861171,0,0.376676520692352,0,-78.7770463046575,0,1.011236889003326,0,0
I,315,I_w315,15,0.1033809234533172,0,0.3776740118490197,0,-75.49490821195138,0,1.0090772610166807,0,0
I,316,I_w316,15,0.08640153153675664,0,0.3891588470641766,0,-70.61045847163228,0,1.0477652550735315,0,0
I,317,I_w317,15,0.08037571391828374,0,0.37507117339733376,0,-76.37156406278567,0,1.01481848133278,0,0
I,318,I_w318,15,0.08490837674189254,0,0.38443823672682104,0,-74.59689020872054,0,1.0612465897268977,0,0
I,319,I_w319,15,0.10028868576337169,0,0.3747949193769873,0,-82.22488596629745,0,0.9883885315015996,0,0
I,320,I_w320,15,0.12035251754764482,0,0.3888334646785455,0,-81.10928041336038,0,1.0521976933965846,0,0
I,321,I_w321,15,0.14067206248096772,0,0.40663717250911735,0,-73.17851276506978,0,1.1554759320555956,0,0
I,322,I_w322,15,0.09904698028331091,0,0.3944504812926838,0,-73.58747606821932,0,1.0382159699658362,0,0
I,323,I_w323,15,0.10581592519911147,0,0.3837939647847754,0,-74.05731634169547,0,1.037187626909437,0,0
I,324,I_w324,15,0.11649258690678367,0,0.3714203105561553,0,-79.85187184087172,0,1.0044364505804226,0,0
I,325,I_w325,15,0.11304349414716498,0,0.3629614002183852,0,-83.20260397252613,0,0.9979775057641145,0,0
I,326,I_w326,15,0.09368223591098644,0,0.3980278273191869,0,-71.49522092250518,0,1.1301976740775856,0,0
I,327,I_w327,15,0.08786612553438429,0,0.38511969000329765,0,-78.90281944098966,0,1.069234765225678,0,0
I,328,I_w328,15,0.13620257612054096,0,0.41232013897751874,0,-77.82725034686874,0,1.0809012817469448,0,0
I,329,I_w329,15,0.12964963000400861,0,0.43143434496905353,0,-73.22636705759074,0,1.0807357195064728,0,0
I,330,I_w330,15,0.10084181460540799,0,0.37543822524457937,0,-94.85836731380243,0,1.0077595519245135,0,0
I,331,I_w331,15,0.09532873198046793,0,0.3663681493864244,0,-85.41371287646673,0,0.9899250678792182,0,0
I,332,I_w332,15,0.09098895510748557,0,0.3716617565786666,0,-79.83147421256857,0,1.0263212710681542,0,0
I,333,I_w333,15,0.0837161345736214,0,0.37639050045754,0,-81.6538001811946,0,1.0276044673505513,0,0
I,334,I_w334,15,0.09285791357276359,0,0.37079885874440444,0,-83.12913002379918,0,0.9982011018823306,0,0
I,335,I_w335,15,0.09232971644997409,0,0.36436828092040197,0,-80.21578362144068,0,1.0003728600370507,0,0
I,336,I_w336,15,0.09896796840916734,0,0.3617218972135933,0,-85.49810655497262,0,0.9790700189821931,0,0
I,337,I_w337,15,0.09610992165723338,0,0.36831406299841735,0,-89.40879160171532,0,0.9931750052098641,0,0
I,338,I_w338,15,0.22045373003190832,1,0.5195419169459508,1,-34.721838626000604,1,1.3754838631398572,1,1
I,339,I_w339,15,0.11885925684017529,1,0.456702930674631,1,-47.26868290696905,1,1.249726993511226,1,1
I,340,I_w340,15,0.10255806026792696,0,0.36359350005489394,0,-89.18430231872624,0,0.9820026787435522,0,0
I,341,I_w341,15,0.0989599596876783,0,0.36534110747974935,0,-86.54274452787442,0,1.0090143732338186,0,0
I,342,I_w342,15,0.09752215192165732,0,0.3540620025915177,0,-97.29262339130064,0,0.9758369148788372,0,0
I,343,I_w343,15,0.07023979915998271,0,0.36011374359918047,0,-89.43774867435226,0,0.9962979995475642,0,0
I,344,I_w344,15,0.07506766480149922,0,0.3675486190740031,0,-84.63919199258379,0,1.0033675323270166,0,0
I,345,I_w345,15,0.07903940732453674,0,0.37441479824865703,0,-82.80340409997194,0,1.0405624949363983,0,0
I,346,I_w346,15,0.08345050040819722,0,0.3674839036266783,0,-91.56724892146413,0,0.9972159585520598,0,0
I,347,I_w347,15,0.08684768935883357,0,0.37687223558788807,0,-81.5209548772689,0,1.0031800568092846,0,0
I,348,I_w348,15,0.06991786534532048,0,0.365274836582517,0,-85.03840996461031,0,1.0021387754481819,0,0
I,349,I_w349,15,0.08323963722350457,0,0.3611232993324777,0,-86.49451817693196,0,1.0213442264307708,0,0
I,350,I_w350,15,0.22157571186850145,0,0.43783503383505196,0,-70.80013909338794,0,1.1117967068608088,0,0
I,351,I_w351,15,0.09676726843380408,0,0.4259679464186626,0,-66.38708041462102,0,1.0886035299028927,0,0
I,352,I_w352,15,0.07919142871654436,0,0.40528982699630567,0,-73.74480365383283,0,1.0309882586981094,0,0
I,353,I_w353,15,0.07779619645507747,0,0.3832506591286287,0,-79.13034315080782,0,1.0217568304252973,0,0
I,354,I_w354,15,0.10729248269029186,0,0.3838042200509897,0,-81.77281585079045,0,1.0558983964416546,0,0
I,355,I_w355,15,0.09871086158652913,0,0.400547134785871,0,-78.41666054098279,0,1.033427176604902,0,0
I,356,I_w356,15,0.09860431534298869,0,0.39915927924185385,0,-74.679807576419,0,1.0116790296955276,0,0
I,357,I_w357,15,0.2525455625878902,1,0.4662019010581167,0,-58.210637044141706,0,1.0023390488208068,0,0
I,358,I_w358,15,0.33257607968002484,1,0.5013259635124134,1,-48.64358986854297,0,1.0544825072280877,1,0
I,359,I_w359,15,0.09256064311377576,0,0.377821522016978,0,-85.54707082550595,0,1.0004823976327997,0,0
I,360,I_w360,15,0.08273111411107169,0,0.3916278242431016,0,-77.73349739251199,0,1.003835719528366,0,0
I,361,I_w361,15,0.10763332719447959,0,0.4309847389655181,0,-72.2152411478751,0,1.0926907754737845,0,0
I,362,I_w362,15,0.0524276176848095,0,0.44310871778981126,1,-54.9245736127969,0,1.161393578342856,0,0
I,363,I_w363,15,0.04757747242280558,0,0.41467692176200255,0,-72.98484249629894,0,1.0682507136144028,0,0
I,364,I_w364,15,0.1023934576880764,0,0.4070911850509171,0,-83.11959297514531,0,1.0438006289164887,0,0
I,365,I_w365,15,0.10161592013136408,0,0.40972729866618246,0,-78.73928452722218,0,1.0473397888199552,0,0
I,366,I_w366,15,0.07153266141836459,0,0.43632451366187186,0,-65.27437478557435,0,1.139758194947169,0,0
I,367,I_w367,15,0.06559071317622524,0,0.42400545930043887,0,-62.106852623991124,1,1.2124481136804677,0,0
I,368,I_w368,15,0.13569555980199655,0,0.42172268170321286,0,-79.85500373735714,0,1.0748429931388437,0,0
I,369,I_w369,15,0.1167717976827108,0,0.39602893810533657,0,-72.46418175954145,0,1.041545531255554,0,0
I,370,I_w370,15,0.1040360102525605,0,0.3855764002252583,0,-75.4149802221273,0,1.0227927662334342,0,0
I,371,I_w371,15,0.12738929211703248,0,0.37000769388758975,0,-89.99315577176759,0,1.0197211321435051,0,0
I,372,I_w372,15,0.1178762633075233,0,0.3757482720960972,0,-92.58315014827271,0,1.0348555232730707,0,0
I,373,I_w373,15,0.1315067030637353,0,0.4170084423848118,0,-76.0836905920398,0,1.1060791766781937,0,0
I,374,I_w374,15,0.12429037550926593,0,0.4041110060807913,0,-86.94992771841592,0,1.0262077109569678,0,0
I,375,I_w375,15,0.1036007458222415,0,0.37516184707460615,0,-94.9180633154799,0,1.0213754877898154,0,0
I,376,I_w376,15,0.12988232407856654,0,0.39941137818021644,0,-88.23595514115996,0,1.1078055313434416,0,0
I,377,I_w377,15,0.12286186712614562,0,0.3780047825695828,0,-93.1488165141076,0,1.0160291116185942,0,0
I,378,I_w378,15,0.08112005667603801,0,0.3895620766355298,0,-80.81812101843896,0,1.045633364131175,0,0
I,379,I_w379,15,0.08013010244534446,0,0.38300505087543496,0,-75.49188922014633,0,1.0230720866591358,0,0
I,380,I_w380,15,0.08668914202375787,0,0.4007061893133981,0,-80.21785925859045,0,1.0213123734559701,0,0
I,381,I_w381,15,0.2029982995441963,0,0.45315249648922673,0,-66.76371049225058,0,1.0791171488110167,0,0
I,382,I_w382,15,0.13913447756564506,0,0.41567389346353734,0,-80.88632815152735,0,1.1069622841553632,0,0
I,383,I_w383,15,0.14974034879843826,0,0.42609416691102464,0,-80.88334923640849,0,1.0510889140664064,0,0
I,384,I_w384,15,0.21662848980380578,1,0.4727261956553736,0,-59.40724156451184,0,1.009587473817835,0,0
I,385,I_w385,15,0.2705171080057113,1,0.4872823389816113,0,-62.48431373128741,0,1.0120230090492868,0,0
I,386,I_w386,15,0.20751087916405483,0,0.43443399643033626,0,-80.48173191664823,0,1.0452091922689504,0,0
I,387,I_w387,15,0.149070054723627,0,0.3977561585583634,0,-87.54206524516962,0,1.1263841740416687,0,0
I,388,I_w388,15,0.23403495944665909,0,0.45330745986691523,0,-67.22438346716285,0,0.9938061888362845,0,0
I,389,I_w389,15,0.32527552464929355,1,0.5128428644465671,1,-41.03670227088768,0,1.0807757825886515,1,0
I,390,I_w390,15,0.1461754800372771,1,0.47134713350627355,1,-50.2574766999614,0,1.1086925277214554,1,0
I,391,I_w391,15,0.37153053078371945,1,0.5135454070476757,1,-31.112281077736405,0,1.1625728595842189,1,0
I,392,I_w392,15,0.3863658267073678,1,0.49805130655043667,1,-31.000595926063884,0,1.1503865340256754,1,0
I,393,I_w393,15,0.1449327098363386,0,0.39157744002637895,0,-95.58138790003572,0,1.0553860872851133,0,0
I,394,I_w394,15,0.2883726562108899,0,0.4513851795752804,0,-70.16447748273406,0,1.0642161428300931,0,0
I,395,I_w395,12,0.439850306312911,1,0.5444058735376589,1,-4.651675808824315,1,2.7194760771496003,1,1
I,396,I_w396,10,0.14639881822446002,0,0.4017718762433425,0,-83.68650586306767,1,1.2368258655966307,0,0
I,397,I_w397,10,0.0915126451893648,0,0.3854060262789752,0,-78.96978551507414,0,1.1116616208215948,0,0
I,398,I_w398,10,0.07989609390847739,0,0.4197423063158073,0,-69.3579747562046,0,1.035400645936259,0,0
I,399,I_w399,10,0.073626167889114,0,0.4062180125896138,0,-72.77392912656032,0,0.9933550223016454,0,0
I,400,I_w400,10,0.08977565556474369,0,0.4073137304007715,0,-74.65797323093972,0,0.9979111295583518,0,0
I,401,I_w401,10,0.15008998606222773,0,0.4525584700579315,0,-70.52603362068193,0,1.1331814257097663,0,0
I,402,I_w402,10,0.09806932964217477,0,0.41446650843014315,0,-79.03002033204487,0,1.0607156281010384,0,0
I,403,I_w403,10,0.08457512090703538,0,0.4043779302102018,0,-78.54845384169917,0,1.0459815177429894,0,0
I,404,I_w404,10,0.06659095814785343,0,0.4052022688532267,0,-71.58643208174075,0,1.061710421012434,0,0
I,405,I_w405,10,0.08896972826421615,0,0.4284753527173763,0,-56.41785773607173,1,1.2974566685845614,0,0
I,406,I_w406,10,0.19524681274975955,1,0.4729833421033159,1,-52.522898310480954,0,1.1519470565193834,1,0
I,407,I_w407,10,0.15289998967021226,0,0.4213354466462599,0,-77.13829687330453,0,1.1324717295413234,0,0
I,408,I_w408,10,0.1279309133996687,0,0.40047050153186037,0,-80.99745122363866,0,1.0919671099955703,0,0
I,409,I_w409,10,0.091805731920429,0,0.3897343835676934,0,-79.5556625550099,0,1.0272099201961158,0,0
I,410,I_w410,10,0.22575407272585013,1,0.468381262151902,0,-62.69796992073122,0,1.1020014001161431,0,0
I,411,I_w411,10,0.3939944213115034,1,0.5408992104001857,1,-29.43895387716323,0,1.1670558696817908,1,0
I,412,I_w412,10,0.3512785094369125,1,0.5519635420796899,1,-30.708545434197685,0,1.1374078175584026,1,0
I,413,I_w413,10,0.22840823100057617,1,0.5267134843864072,1,-31.12131968765582,0,1.1467627675093361,1,0
I,414,I_w414,10,0.4863761480621768,1,0.5638777897992987,1,-12.094099555604991,1,1.2782455112424416,1,1
I,415,I_w415,10,0.2747680676685285,1,0.48670129824719727,1,-37.714098221664216,1,1.3007780176827337,1,1
I,416,I_w416,10,0.392513964935075,1,0.5481788266029521,1,-26.48599762026789,0,1.157399468919969,1,0
I,417,I_w417,10,0.3976952325232903,1,0.5553382927299081,1,-16.305476625861992,1,1.30243553434965,1,1
I,418,I_w418,10,0.24805377569438172,0,0.44753845002838716,0,-62.96961159675384,1,1.1976764191535871,0,0
I,419,I_w419,10,0.09688255932710078,0,0.38560084838043773,0,-78.22863298386847,0,1.0877821426225,0,0
I,420,I_w420,10,0.0924023233257511,0,0.39638506990794886,0,-71.84300829102399,0,1.1210084564989249,0,0
I,421,I_w421,10,0.07489140724862012,0,0.37969500909403164,0,-71.49133485644889,0,1.1113850463973103,0,0
I,422,I_w422,10,0.05150536534654526,0,0.3943454729638017,0,-70.25728964257412,0,1.1035704335713263,0,0
I,423,I_w423,10,0.089554392192318,0,0.3919573863900783,0,-74.48178910154725,0,1.0281663083285433,0,0
I,424,I_w424,6,0.07465832823303584,0,0.4154713981850979,0,-61.63734297031524,0,1.070541118150382,0,0
I,425,I_w425,5,0.21253589411290075,0,0.44621250769036175,0,-59.927788987410324,1,1.2034521828031524,0,0
I,426,I_w426,5,0.13277645903290367,1,0.47163529485484923,1,-50.6380110458652,1,1.279073397896267,1,1
I,427,I_w427,5,0.03925908216613359,0,0.43435366258159036,0,-66.3584336460589,0,1.1095033274757193,0,0
I,428,I_w428,5,0.15492515899286982,1,0.49448312612876794,1,-37.661179420308535,1,1.3969170495314853,1,1
I,429,I_w429,5,0.20544380790973515,1,0.503773974934183,1,-25.074947269813403,1,1.4413256364775031,1,1
I,430,I_w430,5,0.2687098825531874,1,0.578535159784023,1,-1.1977657839388485,1,2.428285363739434,1,1
I,431,I_w431,5,0.3256601776124668,1,0.5113412380034978,1,-26.09412325541901,1,1.3562339258217788,1,1
I,432,I_w432,5,0.017069352310995326,0,0.4247197623190926,0,-67.97884985575237,0,1.0028981325187138,0,0
J,0,J_w0,16,0.9999999999998971,1,0.6724242561307869,1,-1.0183827731040367,1,3.1968815521451113,1,1
J,1,J_w1,20,0.08612416430128964,1,0.4921127814823885,1,-36.43563740275297,1,1.2702308964175795,1,1
J,2,J_w2,20,0.21948104529995296,1,0.5187805271840196,1,-30.10502349846074,1,1.229161148300232,1,1
J,3,J_w3,20,0.1444469683307441,1,0.49834919424362184,1,-52.76958733790777,0,1.093060538608413,1,0
J,4,J_w4,20,0.2519183711082478,1,0.49353246435406967,1,-55.9077417896273,0,1.0177825070411386,1,0
J,5,J_w5,20,0.2067763395040123,1,0.46621310697729146,0,-66.33722783821354,0,1.0037924162521337,0,0
J,6,J_w6,20,0.23253683378893927,1,0.4681383570433701,0,-65.49982046208089,0,1.0122298429415824,0,0
J,7,J_w7,20,0.3062611001931098,1,0.5050894598167562,1,-41.0258887937899,1,1.1725677231243208,1,1
J,8,J_w8,20,0.22999882125057666,1,0.468616649308156,0,-58.812077526179536,1,1.2442230365632676,1,0
J,9,J_w9,20,0.27449634702595854,1,0.4668480635705896,0,-68.02383322271197,0,1.0894676561854595,0,0
J,10,J_w10,20,0.2237930771129193,0,0.4415565833416302,0,-68.43728265304442,1,1.2452777444673053,0,0
J,11,J_w11,20,0.3189467812927913,1,0.5422303182496084,1,-37.63709856428806,1,1.2118576936710777,1,1
J,12,J_w12,20,0.25826171088171146,1,0.4710903621728474,0,-65.52472388354488,0,1.0596378987825181,0,0
J,13,J_w13,20,0.33000091866219694,1,0.5052943081478354,1,-47.58119816763158,0,1.1110811397551894,1,0
J,14,J_w14,20,0.27518426456393963,1,0.5197535520683225,1,-47.43448491954574,1,1.229417023802139,1,1
J,15,J_w15,20,0.1714987985701171,0,0.39586820565177444,0,-98.02734846518392,0,1.128442286785778,0,0
J,16,J_w16,20,0.15697920030696305,0,0.38539036708437935,0,-97.52598893428576,0,1.0528378693968121,0,0
J,17,J_w17,20,0.2637072977421226,0,0.4506758554631381,0,-70.96467005401011,0,1.076832581391356,0,0
J,18,J_w18,20,0.15891093510231852,0,0.39497862616796936,0,-79.68431657161426,0,1.0888011093503078,0,0
J,19,J_w19,20,0.16503619332908787,0,0.42066292610154954,0,-81.84481543319274,0,1.0340613155634948,0,0
J,20,J_w20,20,0.15147220855500462,0,0.4138290067665787,0,-79.96183917881402,0,1.046910168763675,0,0
J,21,J_w21,20,0.1782898251725994,0,0.4258133172548779,0,-78.67328981469389,0,1.1358919974920998,0,0
J,22,J_w22,20,0.35552541995933035,1,0.5279112030711113,1,-37.853840124097836,1,1.172074889231435,1,1
J,23,J_w23,20,0.25096007242636487,0,0.45070340466835285,0,-65.94290777530325,0,1.0893792415307035,0,0
J,24,J_w24,20,0.13872704660403476,0,0.42054273353504273,0,-72.64458289416773,0,1.1445642462110472,0,0
J,25,J_w25,20,0.1317084365966909,0,0.3792107704255295,0,-90.75480309116658,0,1.0493660844464965,0,0
J,26,J_w26,20,0.17666450021141097,0,0.4297737623439247,0,-77.7575267068648,0,1.1137021344112497,0,0
J,27,J_w27,20,0.2187687085676132,0,0.41983102087882235,0,-79.17028243784227,0,1.0545064998765408,0,0
J,28,J_w28,20,0.2096174995383143,1,0.4608836963818326,0,-74.11121829581096,0,1.056449768845154,0,0
J,29,J_w29,20,0.15431698431662627,0,0.3950907366996284,0,-75.44529821082718,0,1.103332294405243,0,0
J,30,J_w30,20,0.14404684113703017,0,0.41277794957315944,0,-81.50497223770871,0,1.01388994206819,0,0
J,31,J_w31,20,0.1000620526030183,0,0.37486856021178905,0,-86.17526404451768,0,1.0010075655562745,0,0
J,32,J_w32,20,0.10129168241595475,0,0.41050273042631874,0,-66.73940130505821,0,1.160651781137125,0,0
J,33,J_w33,20,0.07313611988169534,0,0.399008383521452,0,-76.86869719018605,0,1.023080800034522,0,0
J,34,J_w34,20,0.08863047432765073,0,0.4307876586826589,0,-56.417870139491036,0,1.1481229151211687,0,0
J,35,J_w35,20,0.09558672095083956,0,0.44138188384423926,1,-42.66313288816953,1,1.3245628795847795,1,0
J,36,J_w36,20,0.14771604043570816,0,0.44255882190227774,0,-66.50597287323008,0,1.1638409424660796,0,0
J,37,J_w37,20,0.13033054353847986,0,0.3847650433349544,0,-85.96185119169742,0,1.0509196930911555,0,0
J,38,J_w38,20,0.0919779602093569,0,0.3852072102865497,0,-68.11132037626476,0,1.1434968309393183,0,0
J,39,J_w39,20,0.1506865716658126,0,0.3851949573202611,0,-94.86360121028308,0,1.0893062514409482,0,0
J,40,J_w40,20,0.20649190888195537,0,0.4136431404064334,0,-84.60120920407657,0,1.0460963217861892,0,0
J,41,J_w41,20,0.13140567295434266,0,0.3802251789437204,0,-77.46175307706196,0,1.0821225950145708,0,0
J,42,J_w42,20,0.1781066017158393,0,0.41262124671130246,0,-80.40239435788214,0,1.1679955407041789,0,0
J,43,J_w43,20,0.17954959196902437,0,0.39727802919744704,0,-87.14093830007006,0,1.1406770495059801,0,0
J,44,J_w44,20,0.1190075348555305,0,0.37600715492005704,0,-84.79477520887443,0,1.0241243444954267,0,0
J,45,J_w45,20,0.14660515823837023,0,0.3960047053523764,0,-70.53915136062172,0,1.0335853858241706,0,0
J,46,J_w46,20,0.17289964800806573,0,0.4324408526996616,0,-56.4931975599165,0,1.1546815153240098,0,0
J,47,J_w47,20,0.1701415860090112,0,0.4088671079480507,0,-71.99238054411472,0,1.051348533902028,0,0
J,48,J_w48,20,0.16801576950055594,0,0.4041192788843573,0,-83.33930558502021,0,1.051825882837086,0,0
J,49,J_w49,20,0.09851806900409615,0,0.37849623563091667,0,-77.36656733252902,0,1.047804919710839,0,0
J,50,J_w50,20,0.18368943224977502,0,0.4154343980499961,0,-73.93727300949446,0,1.0614481919266519,0,0
J,51,J_w51,20,0.09850235241449354,0,0.3676019372573635,0,-88.717188844837,0,0.99543388824636,0,0
J,52,J_w52,20,0.07913073552432978,0,0.3632579584777721,0,-84.03459933598185,0,0.9992295085385231,0,0
J,53,J_w53,20,0.12018140002336931,0,0.3860660123446887,0,-83.72926503959826,0,1.0998072509266463,0,0
J,54,J_w54,20,0.08488162257461164,0,0.366493596134409,0,-84.39044552202328,0,1.0062122582228548,0,0
J,55,J_w55,20,0.08993911121690094,0,0.36763187762547367,0,-81.63481834369335,0,1.0037647758626642,0,0
J,56,J_w56,20,0.14116146451241854,0,0.40380744955841213,0,-74.78109103179841,0,1.1245699914350424,0,0
J,57,J_w57,20,0.14358914636365797,0,0.4125084498602509,0,-77.70541264659012,0,1.0654340971835718,0,0
J,58,J_w58,20,0.10647555426513568,0,0.37383665286913637,0,-85.94663421855404,0,1.0768740353604436,0,0
J,59,J_w59,20,0.11798971243603429,0,0.37636940378321226,0,-85.85396161052961,0,1.0711969284449703,0,0
J,60,J_w60,20,0.10580485033504286,0,0.36747661592329184,0,-84.95148054123872,0,0.9995764536193237,0,0
J,61,J_w61,20,0.08345469692778058,0,0.3628885964605587,0,-88.25079755936524,0,0.9810188828857702,0,0
J,62,J_w62,20,0.12234718622728143,0,0.4131727772352176,0,-71.97863805569027,0,1.019549708207706,0,0
J,63,J_w63,20,0.1540952352116669,0,0.43770636241156874,0,-69.5833689974614,0,1.054654442855279,0,0
J,64,J_w64,20,0.10964828012185361,0,0.41275964986259617,0,-73.05793033198073,0,1.0594170980507243,0,0
J,65,J_w65,20,0.10361604034093186,0,0.4148462757015029,0,-69.65053120886822,0,1.078781445689011,0,0
J,66,J_w66,20,0.11564892190596084,0,0.4193461800800415,0,-68.32819942195069,0,1.0844682528914615,0,0
J,67,J_w67,20,0.11898251209687698,1,0.46034254178783707,1,-40.59949924942493,1,1.3809873610532377,1,1
J,68,J_w68,20,0.05815752991764013,0,0.44737254056226394,1,-41.769864709750365,1,1.2753253257789416,1,0
J,69,J_w69,20,0.05362407746504419,0,0.42987380350276533,0,-64.56401512957018,0,0.9899245552579489,0,0
J,70,J_w70,20,0.053871309908045194,0,0.42592637047964377,0,-67.88812196296043,0,1.0300938088784841,0,0
J,71,J_w71,20,0.09330788635625267,0,0.41146070827911585,0,-65.80756976655447,0,1.1435930636384737,0,0
J,72,J_w72,20,0.132428022251515,0,0.39286848177154016,0,-86.96818269381217,0,1.029201618284014,0,0
J,73,J_w73,20,0.09377595202489462,0,0.37258802378751266,0,-87.0604574677381,0,1.0162030389089438,0,0
J,74,J_w74,20,0.0901293399634884,0,0.37215636484815445,0,-85.85416657955508,0,1.0328006781666792,0,0
J,75,J_w75,20,0.16212044683000285,0,0.4097304003874411,0,-73.32777228800687,0,1.15590481319042,0,0
J,76,J_w76,20,0.1849781731408042,0,0.4371431780811488,0,-75.10922659615123,1,1.1748384941122056,0,0
J,77,J_w77,20,0.1454351807922539,0,0.3813310687672839,0,-97.86808325610934,0,1.0274450073069212,0,0
J,78,J_w78,20,0.14091724885714613,0,0.38459651759628444,0,-95.30147445069572,0,1.0456283951471204,0,0
J,79,J_w79,20,0.12543053079338956,0,0.37377305199337574,0,-94.36024543743937,0,0.9964758794819444,0,0
J,80,J_w80,20,0.10122160186422596,0,0.3987695182599301,0,-74.96280183405459,0,1.0366547560121155,0,0
J,81,J_w81,20,0.08668992990678955,0,0.39719516732885773,0,-84.41136595057124,0,1.0543138306263584,0,0
J,82,J_w82,20,0.09050563634646808,0,0.38228329639428343,0,-83.11645072943232,0,1.0097255323991732,0,0
J,83,J_w83,20,0.0980155860605549,0,0.3949668058452457,0,-80.88851385428131,0,1.0271652555858282,0,0
J,84,J_w84,20,0.10531100585382606,0,0.3844085343943319,0,-85.66156757612067,0,1.0024830900789556,0,0
J,85,J_w85,20,0.10331136205340585,0,0.3922025689173343,0,-80.92952071887477,0,1.007386086897693,0,0
J,86,J_w86,20,0.12120988425608589,0,0.38716157098498233,0,-85.46408316142697,0,1.0293370719913841,0,0
J,87,J_w87,20,0.1002235342042178,0,0.4027135015249923,0,-75.13796744393753,0,1.0194676195146959,0,0
J,88,J_w88,20,0.10512647880529045,0,0.3988949566195373,0,-79.67334786516557,0,1.0219680705091048,0,0
J,89,J_w89,20,0.09717778770162261,0,0.4071508332102192,0,-75.20024923677863,0,1.0677898968794204,0,0
J,90,J_w90,20,0.08041627045015484,0,0.3938217011313923,0,-77.79789293817035,0,1.0138943176352322,0,0
J,91,J_w91,20,0.09622911023734078,0,0.4068343339894312,0,-72.50011468014449,0,1.0568220899565615,0,0
J,92,J_w92,20,0.10232485162949358,0,0.4182807590395107,0,-62.027093886032596,0,1.1331516467248892,0,0
J,93,J_w93,20,0.09766222500681702,0,0.4207414828341673,0,-69.02291804116552,0,1.1473956385817032,0,0
J,94,J_w94,20,0.10039204785244853,0,0.4231167779991946,0,-73.10800311419796,0,1.0610410782876616,0,0
J,95,J_w95,20,0.08847871276631752,0,0.3839872688522267,0,-83.63831107267742,0,1.0066644612888769,0,0
J,96,J_w96,20,0.09369895837161717,0,0.3851006681965489,0,-86.19340417567958,0,1.0065092992346614,0,0
J,97,J_w97,20,0.07644205934193661,0,0.38688656788914394,0,-84.97509705074475,0,0.99896383309072,0,0
J,98,J_w98,20,0.09571640431483154,0,0.4032095267279181,0,-73.91659549808489,0,1.0197833772648186,0,0
J,99,J_w99,20,0.08825793955931055,0,0.4226178321920207,0,-69.5180515401179,0,1.0867173709542701,0,0
J,100,J_w100,20,0.12342158520540598,0,0.3949288466932237,0,-84.45864024745775,0,1.0576974093636817,0,0
J,101,J_w101,20,0.1205508059255374,0,0.4203823476794034,0,-65.05807932234357,1,1.2175568729463215,0,0
J,102,J_w102,20,0.1710587864015049,0,0.40442666177565567,0,-81.74147942705135,0,1.102215149501442,0,0
J,103,J_w103,20,0.15532075372853577,0,0.4276606558984234,0,-70.32898082843624,0,1.0517436675994287,0,0
J,104,J_w104,20,0.12672203483208205,0,0.41544337278455495,0,-70.08941841577558,0,1.0398815696087342,0,0
J,105,J_w105,20,0.1121723273566151,0,0.43724891467673727,1,-52.886271037656634,1,1.2270199333527925,1,0
J,106,J_w106,20,0.10754247858355118,0,0.3932477726799104,0,-69.69351507297895,0,1.091810509002103,0,0
J,107,J_w107,20,0.09723361313378598,0,0.3734583844306051,0,-81.35460304115324,0,1.0279390886394135,0,0
J,108,J_w108,20,0.11035295887969791,0,0.39948369478317136,0,-69.01637886307174,0,1.1550051985051581,0,0
J,109,J_w109,20,0.09509396575944042,0,0.36439619210347596,0,-92.67420266730376,0,0.9799450870698743,0,0
J,110,J_w110,20,0.09853218826938871,0,0.3732150924144424,0,-88.05003680402483,0,0.9933888839162845,0,0
J,111,J_w111,20,0.11822576301539008,0,0.4039381118225015,0,-83.51038611105017,0,0.9955580177397388,0,0
J,112,J_w112,20,0.11031104016665778,0,0.36969979242302164,0,-92.15347952020716,0,1.0069194243822122,0,0
J,113,J_w113,20,0.12889069319258603,0,0.40220061349443154,0,-76.30813654381159,0,1.0980428837002698,0,0
J,114,J_w114,20,0.13000046239999344,0,0.3927104890501661,0,-84.08689714058838,0,1.0827358620026062,0,0
J,115,J_w115,20,0.11571302018735756,0,0.4175959516450706,0,-72.09277876651761,0,1.0369743664658562,0,0
J,116,J_w116,20,0.12204374687778331,0,0.4139933476451972,0,-71.1659426643188,0,1.1319151384958477,0,0
J,117,J_w117,20,0.1012866043519512,0,0.4210091341434869,0,-67.12020466908687,0,1.0830471930927115,0,0
J,118,J_w118,20,0.1119815185066781,0,0.4442606151928721,0,-57.88028131855519,0,1.0818253396949422,0,0
J,119,J_w119,20,0.10746689605651853,0,0.42611471496078146,0,-63.81341912428026,1,1.1767600907273756,0,0
J,120,J_w120,20,0.09330278986769469,0,0.40941773716561974,0,-71.33129574630209,0,1.1040053231468658,0,0
J,121,J_w121,20,0.11831637144674823,0,0.39462839621830376,0,-75.0592570041128,0,1.0887653694005517,0,0
J,122,J_w122,20,0.12724421463190028,0,0.4162436399889666,0,-74.03921460921545,0,0.9858867143352424,0,0
J,123,J_w123,20,0.11471394053789097,0,0.39738172420587514,0,-77.19427704281998,0,1.0107643242956836,0,0
J,124,J_w124,20,0.1218109659329524,0,0.40179272644583097,0,-77.80885836056277,0,0.9963423700330598,0,0
J,125,J_w125,20,0.1218275151607445,0,0.37289732675463433,0,-81.32859343536869,0,1.0292404706313798,0,0
J,126,J_w126,20,0.13564816073661382,0,0.40439793348886227,0,-78.28475090547646,0,1.142087631035718,0,0
J,127,J_w127,20,0.1552530096114363,0,0.40943196642549406,0,-81.61756828851014,0,1.119116680429805,0,0
J,128,J_w128,20,0.20590242255851796,1,0.4699582870034012,0,-67.11020893928878,1,1.1728539632032948,1,0
J,129,J_w129,20,0.13940286481339306,0,0.3846824764562864,0,-87.90541268630906,0,1.0499686623588211,0,0
J,130,J_w130,20,0.12257348652661892,0,0.401829459758826,0,-79.60488574658117,0,1.0788033147180764,0,0
J,131,J_w131,20,0.13312029681078802,0,0.3934772979249282,0,-84.7816840038482,0,1.0575284450880384,0,0
J,132,J_w132,20,0.13484497463142536,0,0.3949427805919852,0,-85.45097551870307,0,1.0171577195162487,0,0
J,133,J_w133,20,0.12423598387433464,0,0.3808176493963351,0,-93.83603608981407,0,1.018945584152396,0,0
J,134,J_w134,20,0.1068055428767666,0,0.41626470741422467,0,-75.60187824775672,0,0.9881986511709676,0,0
J,135,J_w135,20,0.14146599593859016,0,0.41608176298475147,0,-76.11352700225986,0,1.0242807549694601,0,0
J,136,J_w136,20,0.15960431161823058,1,0.4544140989227518,0,-66.54548436640437,0,1.0788793209036356,0,0
J,137,J_w137,20,0.22658137518319696,1,0.4645152838014289,0,-69.24724322038873,0,1.1595156212421698,0,0
J,138,J_w138,20,0.22060328536756324,1,0.4685688257655448,0,-63.86758801724217,1,1.2047326583920464,1,0
J,139,J_w139,20,0.18768963422633034,1,0.47042304069279617,0,-56.593500597646965,0,1.1662967686453476,0,0
J,140,J_w140,20,0.19551340309527948,0,0.42201269627531585,0,-74.70138381818025,1,1.1866816878640176,0,0
J,141,J_w141,20,0.12841512077462663,0,0.4257329482628215,0,-74.54956391226251,0,0.9989448508100736,0,0
J,142,J_w142,20,0.10669382832197727,0,0.3952654078256524,0,-79.38789483055376,0,1.027254725457703,0,0
J,143,J_w143,20,0.10758207817031544,0,0.3714741314762581,0,-88.74052544927363,0,1.0165831401361165,0,0
J,144,J_w144,20,0.10927715749970912,0,0.3875170974247178,0,-81.39447956373058,0,1.066382601012891,0,0
J,145,J_w145,20,0.15021025407030786,0,0.3965804645891919,0,-85.5833218148117,0,1.1698849589831481,0,0
J,146,J_w146,20,0.17055887328515396,0,0.40337335736378677,0,-78.15259506604681,0,1.1458334726115649,0,0
J,147,J_w147,20,0.14960446229108082,0,0.429492374490929,0,-68.34739489648744,0,1.0724583101472773,0,0
J,148,J_w148,20,0.1292601414914023,0,0.421163260072316,0,-74.37009638671812,0,1.0152541239730197,0,0
J,149,J_w149,20,0.1126168950115357,0,0.4288559220544426,0,-68.38456932302961,0,0.9945983654162309,0,0
J,150,J_w150,20,0.11527455751237711,0,0.4237767380602279,0,-70.63358863533047,0,1.003483787742868,0,0
J,151,J_w151,20,0.11711574914371335,0,0.40072417333819466,0,-76.64918285003681,0,1.0088662278477734,0,0
J,152,J_w152,20,0.16816796425282848,0,0.4269197934563003,0,-67.91192751559998,1,1.2319988004821858,0,0
J,153,J_w153,20,0.1236142377076184,0,0.3927863341168114,0,-69.94066726374483,0,1.170283003879921,0,0
J,154,J_w154,20,0.10398242988955035,0,0.3934836523972244,0,-80.12520377415906,0,1.0027842110286493,0,0
J,155,J_w155,20,0.11651802623304576,0,0.4019667761946925,0,-82.99236200940483,0,1.0026306563631477,0,0
J,156,J_w156,20,0.11068734030976828,0,0.40255867985214566,0,-84.03586235650485,0,0.991262421400314,0,0
J,157,J_w157,20,0.10535971216689555,0,0.43267690947094817,0,-71.28373688836732,0,1.0143782398173942,0,0
J,158,J_w158,20,0.13843005832449354,0,0.4350327452657707,0,-71.98043262138992,0,1.0311583177876518,0,0
J,159,J_w159,20,0.08740398153076998,0,0.4055336077805634,0,-79.31621808450633,0,1.027013188602159,0,0
J,160,J_w160,20,0.1094028866156478,0,0.39179346500330126,0,-79.78988724130595,0,1.0665079758027929,0,0
J,161,J_w161,20,0.1045326713864695,0,0.41616409783991604,0,-76.32662739730037,0,0.9944283876105392,0,0
J,162,J_w162,20,0.09428427098692338,0,0.42674417762718725,0,-66.67275138514147,0,1.1252947744004822,0,0
J,163,J_w163,20,0.10246460434850757,0,0.3809560023273489,0,-82.97626930793608,0,1.0220717086987174,0,0
J,164,J_w164,20,0.07311258731649856,0,0.38284822530389817,0,-80.62375180803468,0,1.0433800481972435,0,0
J,165,J_w165,20,0.09513753335562074,0,0.37762839681746174,0,-85.17981141239186,0,1.0557028482895527,0,0
J,166,J_w166,20,0.07699097301489904,0,0.36903821021557154,0,-76.63754627291304,0,1.0161795642943963,0,0
J,167,J_w167,20,0.08434260854379821,0,0.37100200034188413,0,-75.50237646242984,0,1.0255713292783217,0,0
J,168,J_w168,20,0.1102235058688379,0,0.37442372414228936,0,-85.0228322618547,0,1.0223964079636518,0,0
J,169,J_w169,20,0.13747226566854778,0,0.39857167766361185,0,-81.28485567530439,0,0.9949308772933178,0,0
J,170,J_w170,20,0.11601445621864187,0,0.37511697630702145,0,-80.81357359994789,0,1.010758425296346,0,0
J,171,J_w171,20,0.11351532974689946,0,0.411803231946632,0,-70.19467991712001,0,1.021354706369249,0,0
J,172,J_w172,20,0.1157560779220922,0,0.43009928133663655,0,-68.15491096056924,0,1.0216264323254867,0,0
J,173,J_w173,20,0.0981699703889088,0,0.3773527300545607,0,-78.11201629831402,0,0.9904917077976728,0,0
J,174,J_w174,20,0.13245380215643152,0,0.40470895829026843,0,-67.20814674033743,0,1.1248418416478314,0,0
J,175,J_w175,20,0.12770972346164733,0,0.38249082369672643,0,-83.31536554394381,0,1.045066167920886,0,0
J,176,J_w176,20,0.10300602329202736,0,0.37365059179644905,0,-82.0811591637985,0,0.9967648455871166,0,0
J,177,J_w177,20,0.13243739651811706,0,0.38597552785659633,0,-86.89466776402818,0,0.9933210334278108,0,0
J,178,J_w178,20,0.12331753196889486,0,0.4058409845112399,0,-76.24304597328901,0,0.9943097759661068,0,0
J,179,J_w179,20,0.12223205279945988,0,0.3774024910187716,0,-87.61299965121356,0,0.9976014659963877,0,0
J,180,J_w180,20,0.1228416811048191,0,0.37626688547701637,0,-94.3328917718679,0,1.0061829543746887,0,0
J,181,J_w181,20,0.0851053863028249,0,0.3636096671048766,0,-82.0443945341369,0,0.9753156868177436,0,0
J,182,J_w182,20,0.09174576045007224,0,0.4070944260566247,0,-76.56704550603148,0,1.0046528896846054,0,0
J,183,J_w183,20,0.1361016137359735,0,0.44783951994554305,0,-68.92129965883841,0,1.022666879501281,0,0
J,184,J_w184,20,0.10817695971590383,0,0.40772139669774793,0,-70.17290821265858,0,1.045498591346825,0,0
J,185,J_w185,20,0.10667774540138851,0,0.3900905257189986,0,-72.32140204148006,0,1.059654515120079,0,0
J,186,J_w186,20,0.1346963177799998,0,0.4282040510564579,0,-76.60558681795155,0,1.0513172995981566,0,0
J,187,J_w187,20,0.11670678613374967,0,0.41106238479329404,0,-76.24508133675477,0,1.0329683440834243,0,0
J,188,J_w188,20,0.10202496061880653,0,0.39364184317773193,0,-78.52838613297824,0,1.0615305637945167,0,0
J,189,J_w189,20,0.0883195414886125,0,0.38093865727061904,0,-72.47162360882893,0,1.0119216862013583,0,0
J,190,J_w190,20,0.08998738936447277,0,0.3815441536020363,0,-76.68939902402596,0,0.9868319020757207,0,0
J,191,J_w191,20,0.1142063033682954,0,0.3922534716603368,0,-76.19499016271259,0,1.0043784025959839,0,0
J,192,J_w192,20,0.09709516026573313,0,0.3907178171286131,0,-82.7679923312829,0,1.0172921453933388,0,0
J,193,J_w193,20,0.10023738959697433,0,0.36464454661488427,0,-86.61808771427415,0,0.9947024725183906,0,0
J,194,J_w194,20,0.12233816510965784,0,0.4071294748893207,0,-82.58824979704829,0,0.9938060222992937,0,0
J,195,J_w195,20,0.11188752353131826,0,0.39896814703161876,0,-83.72109548516464,0,0.9851482205010399,0,0
J,196,J_w196,20,0.09820473071390641,0,0.3708001366669476,0,-90.45976238975783,0,1.0022026662985812,0,0
J,197,J_w197,20,0.08050972166794698,0,0.37452425698635455,0,-75.90109571339198,0,0.9968763584501676,0,0
J,198,J_w198,20,0.10406890776428208,0,0.38438746536651897,0,-81.3587692726389,0,1.0329369373200052,0,0
J,199,J_w199,20,0.15392199852234897,0,0.44284571504953313,0,-71.22610491961203,0,1.0892375077479313,0,0
J,200,J_w200,20,0.11806614712686224,0,0.39290121715247994,0,-76.51678578335476,0,1.1326460471129784,0,0
J,201,J_w201,20,0.13988742988041358,0,0.4039451730929385,0,-79.28531642807583,0,1.036423617518328,0,0
J,202,J_w202,20,0.10807332646565986,0,0.3987467920479476,0,-74.14987290870543,0,1.0274960877070372,0,0
J,203,J_w203,20,0.10542029880305565,0,0.3945320821066707,0,-80.18793512020869,0,1.0270065237933799,0,0
J,204,J_w204,20,0.08284953197585554,0,0.3669464310359226,0,-78.80297196129038,0,1.0016502098580193,0,0
J,205,J_w205,20,0.10168313179407625,0,0.36341829503086764,0,-83.67712671086214,0,0.9909167292995607,0,0
J,206,J_w206,20,0.093667425496123,0,0.37000050660276884,0,-74.87727504023124,0,1.0117363873508252,0,0
J,207,J_w207,20,0.10583828101281686,0,0.3822750529165085,0,-77.84297226793815,0,1.0682616225020816,0,0
J,208,J_w208,20,0.11694409025110773,0,0.40914923050718977,0,-74.97338039089276,0,1.0185440741246572,0,0
J,209,J_w209,20,0.10709134461133855,0,0.4272170384514325,0,-67.74239451284627,0,1.009344935482737,0,0
J,210,J_w210,20,0.1338422099638788,0,0.41517870561138037,0,-74.53078667810092,0,1.0471675143409864,0,0
J,211,J_w211,20,0.12452901568902776,0,0.40097184339567327,0,-73.23776669177686,0,1.1429642548261965,0,0
J,212,J_w212,20,0.09364239376093304,0,0.4008150515916583,0,-76.75028844659839,0,0.9941416839207132,0,0
J,213,J_w213,20,0.11117933373653448,0,0.42539121286318077,0,-71.5474359718447,0,1.0078266904041826,0,0
J,214,J_w214,20,0.13654486398167814,0,0.41426300063856814,0,-76.57294645844685,0,1.0105748520263533,0,0
J,215,J_w215,20,0.12288973258621194,1,0.4604297456180342,0,-60.64185029791116,0,1.0560595926652128,0,0
J,216,J_w216,20,0.119505211120016,0,0.4518031293507171,0,-60.172461844281905,0,1.0349157726352827,0,0
J,217,J_w217,20,0.14843943939056548,1,0.4590380780636445,0,-58.51642217640979,0,1.1045036470826775,0,0
J,218,J_w218,20,0.1358466118053142,0,0.40119882638475207,0,-63.24425201629377,0,1.1595352671904153,0,0
J,219,J_w219,20,0.22001050788429127,1,0.49316348102256674,1,-40.536183168984095,1,1.3653686850360203,1,1
J,220,J_w220,20,0.1398103799627955,0,0.4052326417407559,0,-62.477944610632086,1,1.2156610131622851,0,0
J,221,J_w221,20,0.10980616651603942,0,0.387511734574592,0,-73.57259631765602,0,1.0468110485170488,0,0
J,222,J_w222,20,0.10778461580027915,0,0.3791359763459755,0,-71.40806639230797,0,1.0512070697443678,0,0
J,223,J_w223,20,0.1474818195693793,0,0.4146482223411106,1,-56.41760250330927,1,1.292113351898335,1,0
J,224,J_w224,20,0.15411719438224006,0,0.428773861191059,0,-57.52518618153215,0,1.1656656946322421,0,0
J,225,J_w225,20,0.1412100458595676,0,0.4124839512976374,0,-61.161528404536305,1,1.209339385944035,0,0
J,226,J_w226,20,0.10201903126190512,0,0.38791583352243286,0,-67.60329592883387,0,1.0496405311167472,0,0
J,227,J_w227,20,0.1125119385116039,0,0.39581500280066345,0,-73.1945717693788,0,1.0050393402025288,0,0
J,228,J_w228,20,0.08603081892375074,0,0.39960036513807673,0,-70.15186939213206,0,1.0306901906279273,0,0
J,229,J_w229,20,0.0799048673739813,0,0.38149499621575145,0,-67.82583930350297,0,1.0444187485313794,0,0
J,230,J_w230,20,0.09273200639862005,0,0.3739898078454463,0,-71.82185882753825,0,0.9973920650717257,0,0
J,231,J_w231,20,0.08248106784072715,0,0.38288016782938133,0,-65.58520334437117,0,1.1445325694851536,0,0
J,232,J_w232,20,0.11233082830191239,0,0.37547424169051213,0,-78.93014365883172,0,1.0497276034004113,0,0
J,233,J_w233,20,0.1248455459174731,0,0.43436748301900435,0,-68.04342463124242,0,1.0176252757945048,0,0
J,234,J_w234,20,0.15270506374119522,1,0.46669876108177255,0,-57.93446421865006,0,1.1483045886433165,0,0
J,235,J_w235,20,0.1319396390639065,0,0.40129555204451517,0,-76.1065809627198,0,1.0188350787870968,0,0
J,236,J_w236,20,0.09641312043563881,0,0.38433770799264844,0,-65.28320082606561,0,1.0726780624934438,0,0
J,237,J_w237,20,0.09872706454575682,0,0.3829942696230196,0,-65.7213986407038,0,1.0614604640148404,0,0
J,238,J_w238,20,0.11456538524441452,0,0.37818945315695257,0,-75.10461856189255,0,1.065092105516543,0,0
J,239,J_w239,20,0.10573732090653952,0,0.38566584605027515,0,-71.04219247497302,0,1.0380611304079852,0,0
J,240,J_w240,20,0.11336417930869885,0,0.39470634811519145,0,-74.68175750523179,0,1.0431279622719596,0,0
J,241,J_w241,20,0.14904659257094852,0,0.42406695847644793,0,-72.47417296380785,0,1.0672524400095524,0,0
J,242,J_w242,20,0.11408258525355591,0,0.4005967358694502,0,-68.86506921567958,0,1.1046992628305112,0,0
J,243,J_w243,20,0.10815001916850239,0,0.37199251978138365,0,-76.51346562583045,0,1.0372265105357334,0,0
J,244,J_w244,20,0.10701775985399165,0,0.37953023999093316,0,-77.36617588432625,0,1.0465666629875034,0,0
J,245,J_w245,20,0.11368318130226851,0,0.3883369871814127,0,-80.41060848004777,0,1.0172797078374707,0,0
J,246,J_w246,20,0.1383844859841679,0,0.3900787639425135,0,-71.66996798571101,0,1.0844209016581832,0,0
J,247,J_w247,20,0.1177490980749093,0,0.38331642590864085,0,-78.39985510068328,0,1.0365358244161587,0,0
J,248,J_w248,20,0.07937622332781653,0,0.3680666020133178,0,-80.88925611007593,0,1.0060054750927314,0,0
J,249,J_w249,20,0.0860859521037769,0,0.3622450190389943,0,-87.66382505069149,0,0.9744723033104167,0,0
J,250,J_w250,20,0.1042072776656021,0,0.359641840914159,0,-89.2479037210052,0,0.9765943954341133,0,0
J,251,J_w251,20,0.08128801907313839,0,0.3535938319664024,0,-89.79284365364815,0,0.9811933919900184,0,0
J,252,J_w252,20,0.05980583112621211,0,0.3678902274983508,0,-79.25042617550142,0,0.9923647563510296,0,0
J,253,J_w253,20,0.07144499019480563,0,0.3617345693925835,0,-83.12486595867804,0,0.9820853184347955,0,0
J,254,J_w254,20,0.06946514720748259,0,0.36920590961638383,0,-81.85904907498741,0,1.0113244813370572,0,0
J,255,J_w255,20,0.06826160450147144,0,0.3788342884906165,0,-78.01913982892277,0,1.02691058291134,0,0
J,256,J_w256,20,0.07052963092065331,0,0.37923301846683344,0,-76.59392390858429,0,1.0542856322058687,0,0
J,257,J_w257,20,0.0778908732269004,0,0.36766170622603517,0,-84.75686794827674,0,0.9990163564457945,0,0
J,258,J_w258,20,0.08531757416440455,0,0.3672277629191106,0,-86.429567850926,0,1.0018599948543983,0,0
J,259,J_w259,20,0.1144440252755006,0,0.36731780769007044,0,-92.93028959518034,0,0.9902869573365505,0,0
J,260,J_w260,20,0.07141610206539291,0,0.3631186176005091,0,-89.56014982888394,0,0.9772449649461602,0,0
J,261,J_w261,20,0.07508525315930557,0,0.35969639462243974,0,-89.56221687797945,0,0.9851659369553825,0,0
J,262,J_w262,20,0.0840241166963261,0,0.3619015240420637,0,-91.63716310079924,0,0.9919700134638719,0,0
J,263,J_w263,20,0.08043408616295572,0,0.3615413255639843,0,-93.1595502745649,0,0.9769021987863041,0,0
J,264,J_w264,20,0.07767368561869292,0,0.3584274442566298,0,-90.96181874347383,0,0.9719705992458503,0,0
J,265,J_w265,20,0.08486443002598397,0,0.3628034577757725,0,-88.31124724808195,0,0.9893870768480392,0,0
J,266,J_w266,20,0.11305222248355343,0,0.382709364583795,0,-83.03122734034524,0,1.0560055616956152,0,0
J,267,J_w267,20,0.09713943308207267,0,0.3810456128796842,0,-73.28548101531555,0,1.1342932658154548,0,0
J,268,J_w268,20,0.08992325608346238,0,0.3635513348388545,0,-83.45741257556793,0,0.9885782387220218,0,0
J,269,J_w269,20,0.207405160463569,0,0.41899161403582197,0,-77.4046445697491,0,1.0710600312919154,0,0
J,270,J_w270,20,0.18270659880138926,0,0.4158742905500099,0,-69.30975978828486,1,1.2224099964995279,0,0
J,271,J_w271,20,0.08154126074221306,0,0.365512387571846,0,-88.78720538403424,0,0.9937917905569242,0,0
J,272,J_w272,20,0.09635721553878294,0,0.40014823329199234,0,-76.33376736592835,0,1.0011932270871076,0,0
J,273,J_w273,20,0.09084843936730745,0,0.3908118107380378,0,-76.98373826347827,0,1.0645631702392415,0,0
J,274,J_w274,20,0.10508580803936762,0,0.38867530538291784,0,-73.98869011933769,0,1.1290929767393685,0,0
J,275,J_w275,20,0.11285932067552377,0,0.39620661034035204,0,-70.43019037674715,1,1.227410727165846,0,0
J,276,J_w276,20,0.10733924765265329,0,0.3890018144234658,0,-80.5146426873521,0,1.0146230851178677,0,0
J,277,J_w277,20,0.09941734603936903,0,0.41385309177553464,0,-74.62278346632485,0,0.9947664054932419,0,0
J,278,J_w278,20,0.1354364409001188,0,0.4141578694341984,0,-67.39981153312587,1,1.2043621445848551,0,0
J,279,J_w279,20,0.11214183544923047,0,0.41505006999220906,0,-73.83840353598727,0,0.9963036133152477,0,0
J,280,J_w280,20,0.09283940747468022,0,0.38140175840767776,0,-73.65799666157038,0,0.998653943328504,0,0
J,281,J_w281,20,0.09416139995723659,0,0.36928599795852807,0,-80.08518126624796,0,0.9783017461356226,0,0
J,282,J_w282,20,0.09391599278359301,0,0.3704757166053564,0,-83.06315356143753,0,0.9938353336367223,0,0
J,283,J_w283,20,0.24068365518417273,1,0.4577288840715297,1,-53.12929349915967,1,1.1785120804762,1,1
J,284,J_w284,20,0.14477125988499215,0,0.41366282769440615,0,-67.38986405319326,0,1.0837514627295959,0,0
J,285,J_w285,20,0.12450096000291787,0,0.3766046658928215,0,-83.28527329168023,0,1.0324427178634181,0,0
J,286,J_w286,20,0.12751285326863954,0,0.424720044095531,0,-73.75867719672505,0,1.019721495395624,0,0
J,287,J_w287,20,0.22131913592330127,1,0.4601266603926832,0,-59.14782813435291,1,1.178083665490453,1,0
J,288,J_w288,20,0.19312771410327956,1,0.45504246870178056,1,-53.14067514394059,0,1.168250900522277,1,0
J,289,J_w289,20,0.12042079735687337,0,0.4385115404884988,1,-47.144287167344125,1,1.3014716394471872,1,0
J,290,J_w290,20,0.10290285232688001,1,0.45999761856879523,1,-40.37059735111939,1,1.396035372691542,1,1
J,291,J_w291,17,0.09383518335583389,0,0.452880977069293,1,-45.12082925791093,1,1.3972672535123398,1,0
J,292,J_w292,15,0.4041633175628851,1,0.5640221473641321,1,-3.6785359533715933,1,2.7201309790589496,1,1
J,293,J_w293,15,0.07901664344539669,0,0.3713637413766221,0,-73.74652855514552,0,1.0093985045684746,0,0
J,294,J_w294,15,0.07557868570972541,0,0.3804666495363562,0,-71.09351500958273,0,1.0379870623223149,0,0
J,295,J_w295,15,0.09231222516846174,0,0.38873561200672524,0,-78.53903067206839,0,1.0994361841734421,0,0
J,296,J_w296,15,0.09317501676252342,0,0.37151201874636186,0,-78.81366636845492,0,1.0103141188529927,0,0
J,297,J_w297,15,0.11579761302916426,0,0.37077809626131464,0,-77.58961634891838,0,0.9959603627964737,0,0
J,298,J_w298,15,0.09137766833002085,0,0.39878764802224986,0,-76.24826334425616,0,1.011659121636515,0,0
J,299,J_w299,15,0.07991650278986145,0,0.39026672563223846,0,-68.8688884698097,0,1.0453405803756375,0,0
J,300,J_w300,15,0.11953176480923947,0,0.3725971505276144,0,-75.16073340273078,0,1.0160241051648276,0,0
J,301,J_w301,15,0.1037540706520005,0,0.37713526069428116,0,-77.30662033089352,0,1.0226886672036986,0,0
J,302,J_w302,15,0.09732957110238061,0,0.36986174506531794,0,-77.90851923987488,0,0.9968823988355674,0,0
J,303,J_w303,15,0.09858834925582471,0,0.3782291437395928,0,-71.64350034948626,0,1.0056786847330819,0,0
J,304,J_w304,15,0.10975995109478197,0,0.37123084258655126,0,-75.35720928637267,0,1.0251692427535004,0,0
J,305,J_w305,15,0.1263911303581853,0,0.39399196824455857,0,-63.644517192220704,1,1.1891490025583218,0,0
J,306,J_w306,15,0.10496733747411606,0,0.3829616089217946,1,-55.32250165380206,1,1.3157244254409515,1,0
J,307,J_w307,15,0.13762317141897465,0,0.40374314658187715,0,-58.17084127121264,1,1.2599485209366084,0,0
J,308,J_w308,15,0.11051624788706874,0,0.4020172448117299,0,-61.75351832385012,1,1.1821218797161472,0,0
J,309,J_w309,15,0.11722853053367724,0,0.3926212705136619,0,-73.58402192004628,0,1.0668558621029123,0,0
J,310,J_w310,15,0.08358585583324427,0,0.43619289755066,0,-59.540890766677634,1,1.2550931277712298,0,0
J,311,J_w311,15,0.08173186523304628,0,0.3789871988702771,0,-74.90919632436449,0,1.0621209040941706,0,0
J,312,J_w312,15,0.08451856364550854,0,0.3876532081847184,0,-68.65772464431609,0,1.03527533976206,0,0
J,313,J_w313,15,0.11466989715696552,0,0.41284351030092825,0,-63.69131864175033,0,1.1250346858602136,0,0
J,314,J_w314,15,0.10978609617992985,0,0.3850842658568536,0,-67.13656067399587,0,1.0888618977819402,0,0
J,315,J_w315,15,0.11724536730870548,0,0.3822070704469566,0,-71.52544002835029,0,1.0818819215315638,0,0
J,316,J_w316,15,0.09541233254665701,0,0.38746821982577095,0,-71.07477720186021,0,1.0329714272716928,0,0
J,317,J_w317,15,0.08561889869891218,0,0.37285310555168555,0,-71.89387380498022,0,1.0103262787813876,0,0
J,318,J_w318,15,0.10078072743545198,0,0.3984558962958476,0,-60.07872313686066,0,1.112005425554313,0,0
J,319,J_w319,15,0.08273802668349185,0,0.37822161373790497,0,-77.16963287447558,0,1.038065396737851,0,0
J,320,J_w320,15,0.07553513285866997,0,0.36866163790693207,0,-83.959368384444,0,0.9894731154863768,0,0
J,321,J_w321,15,0.07472785392548746,0,0.37352749790718265,0,-75.18215232235575,0,1.0051736842727401,0,0
J,322,J_w322,15,0.0757676085688956,0,0.3913294892067005,0,-72.03704939225346,0,1.0196230425052368,0,0
J,323,J_w323,15,0.08634318433178918,0,0.376007629409926,0,-76.61427073277835,0,1.0152568630005792,0,0
J,324,J_w324,15,0.08299871472698976,0,0.4002443568156145,0,-73.14445840739855,0,1.0505700839765535,0,0
J,325,J_w325,15,0.09077792057466624,0,0.4071310572947732,0,-61.08009141263924,0,1.1189844652673138,0,0
J,326,J_w326,15,0.09526525137895006,0,0.3774172623326565,0,-81.26682549371866,0,0.9789074694552643,0,0
J,327,J_w327,15,0.09282705166810538,0,0.37776077323363816,0,-73.53405363429641,0,0.9900556804980258,0,0
J,328,J_w328,15,0.0978012847204665,0,0.3681488423014549,0,-83.89557328936728,0,0.9873111250604051,0,0
J,329,J_w329,15,0.09528310017118595,0,0.37170736557657796,0,-80.64542180936527,0,1.0087310810648682,0,0
J,330,J_w330,15,0.11534595942216332,0,0.39154842493803493,0,-75.2622545864311,0,1.0353450651329723,0,0
J,331,J_w331,15,0.0928382969998155,0,0.3667480146421644,0,-83.00183594085185,0,1.023885640236988,0,0
J,332,J_w332,15,0.07478002981538968,0,0.3782751506654461,0,-81.51991413727148,0,1.034994899809,0,0
J,333,J_w333,15,0.0955406981807964,0,0.407045005853527,0,-69.17723739776285,0,1.1365648984321015,0,0
J,334,J_w334,15,0.06925720696556216,0,0.3867186989049122,0,-81.45177231381984,0,1.0101325569494086,0,0
J,335,J_w335,15,0.08387512781272376,0,0.38222340227832147,0,-81.74840003802319,0,1.0220423200066815,0,0
J,336,J_w336,15,0.09750731269548285,0,0.3638667217552307,0,-92.90305812026622,0,0.992860698936275,0,0
J,337,J_w337,15,0.12197527664102122,0,0.3986700894865446,0,-80.2192470701258,1,1.1955459410198763,0,0
J,338,J_w338,15,0.052550683331864356,0,0.39544985585810294,0,-72.71821239701006,0,1.0377125508825482,0,0
J,339,J_w339,15,0.05240572538958767,0,0.38185168105470285,0,-78.3321575388497,0,1.0261688373693392,0,0
J,340,J_w340,15,0.06910163639095135,0,0.3892180698033573,0,-72.11468348892207,0,1.0425342579971957,0,0
J,341,J_w341,15,0.14889339478407876,0,0.42963207058928565,0,-78.73871307019401,0,1.0093618293564255,0,0
J,342,J_w342,15,0.23743338403802303,1,0.47549239068191984,1,-42.36776417075147,1,1.2364400202859478,1,1
J,343,J_w343,15,0.18039764466478128,0,0.41224872587623523,0,-85.66036431221312,0,1.0474214275217564,0,0
J,344,J_w344,15,0.08041580389647204,0,0.38505400652193855,0,-80.55841580999393,0,1.0592499781124192,0,0
J,345,J_w345,15,0.06443986818347386,0,0.3671596270739571,0,-91.52624043774614,0,0.9757856390214332,0,0
J,346,J_w346,15,0.07254792863723789,0,0.37301745911774964,0,-85.63166942328772,0,0.99953671849175,0,0
J,347,J_w347,15,0.0787166633878804,0,0.38357670862095816,0,-79.12186067039762,0,1.0336002554354227,0,0
J,348,J_w348,15,0.09805001010806307,0,0.38616417352949156,0,-78.52057719232334,0,1.0005866524203946,0,0
J,349,J_w349,15,0.07381597905150496,0,0.39823924272637007,0,-73.26054490830363,0,1.0394758214296127,0,0
J,350,J_w350,15,0.09699227232931061,0,0.3751133321674279,0,-84.38187822008906,0,1.0461981530311621,0,0
J,351,J_w351,15,0.08263332209040586,0,0.36920461060989873,0,-85.22161729439797,0,0.9996096446472879,0,0
J,352,J_w352,15,0.08161874144892522,0,0.37473070329853375,0,-85.78951669264039,0,1.0375464295690708,0,0
J,353,J_w353,15,0.10262717808331671,0,0.38401932233902314,0,-82.92742886119032,1,1.1770058512555936,0,0
J,354,J_w354,15,0.0866223368988236,0,0.3640167973472888,0,-87.81489160334185,0,1.0136512670204803,0,0
J,355,J_w355,15,0.11182540047493267,0,0.3827628096513944,0,-85.82166990849537,0,1.0735978602953185,0,0
J,356,J_w356,15,0.13132163728215843,0,0.3763429762969658,0,-93.02317548696583,0,1.0230164497168195,0,0
J,357,J_w357,15,0.10009442293148461,0,0.3662373028648547,0,-87.54628450986385,0,1.0140417520458425,0,0
J,358,J_w358,15,0.09300246847342634,0,0.39912750846933354,0,-77.84648243014833,0,1.0247084554071593,0,0
J,359,J_w359,15,0.10422276684736397,0,0.3893868168910923,0,-82.45943582122668,0,1.0236028878341374,0,0
J,360,J_w360,15,0.09241115689350576,0,0.37993308003145354,0,-85.3042929306469,0,1.0050606910148732,0,0
J,361,J_w361,15,0.09829319739301264,0,0.380571734772263,0,-82.95064856075992,0,1.0286809001929245,0,0
J,362,J_w362,15,0.09493242932304313,0,0.3727576487273313,0,-81.98319619563848,0,1.0001381087062486,0,0
J,363,J_w363,15,0.08590627134772309,0,0.37851358231437204,0,-79.5313780382384,0,0.9963095520626971,0,0
J,364,J_w364,15,0.0753878229380013,0,0.37260441805216593,0,-85.04757568604806,0,0.9995440082991235,0,0
J,365,J_w365,15,0.0886270797028752,0,0.3810187217284382,0,-74.18326445893544,0,1.0777796649837081,0,0
J,366,J_w366,15,0.0796624408360252,0,0.36257357752902997,0,-85.35974710190209,0,0.9964906689110384,0,0
J,367,J_w367,15,0.0717869594837492,0,0.3632329682697524,0,-82.36759810059795,0,0.9963673539943472,0,0
J,368,J_w368,15,0.05421616393662661,0,0.37159270352168405,0,-76.67142972898793,0,1.0052011879734353,0,0
J,369,J_w369,15,0.0713010062226083,0,0.37806633616491614,0,-76.79245666331008,0,1.0647182444511776,0,0
J,370,J_w370,15,0.063243140444573,0,0.36800629519711164,0,-85.1463971985898,0,1.0026740593268477,0,0
J,371,J_w371,15,0.06462120788174244,0,0.3923030350645931,0,-74.8611442523452,0,1.0764549778920258,0,0
J,372,J_w372,15,0.0872705097367098,0,0.38323502798518566,0,-84.91689697426978,0,1.0862957537285254,0,0
J,373,J_w373,15,0.07325153392227572,0,0.38124483349968696,0,-79.83899035992572,0,1.0137522978050997,0,0
J,374,J_w374,15,0.08034305095965417,0,0.38459532806929686,0,-78.65942018736233,0,1.0238287293551682,0,0
J,375,J_w375,15,0.10152747141154762,0,0.38784351324791244,0,-80.88842744506161,0,1.054522561692248,0,0
J,376,J_w376,15,0.07464154353082164,0,0.37333154387649137,0,-87.23210754088092,0,0.99870016772678,0,0
J,377,J_w377,15,0.09268493552365731,0,0.3790169698291553,0,-90.19388660205713,0,1.0506780474926911,0,0
J,378,J_w378,15,0.09416807956147047,0,0.4226928174784071,0,-67.91097218296673,0,1.0886634557239407,0,0
J,379,J_w379,15,0.11005368340952991,0,0.42043686290387483,0,-74.74810003951457,0,1.0277002693866748,0,0
J,380,J_w380,15,0.08152768094361729,0,0.37948572002033726,0,-81.36913209546965,0,1.039690158027453,0,0
J,381,J_w381,15,0.1016923211185154,0,0.389330747522238,0,-77.72396397871385,0,1.0852646891714677,0,0
J,382,J_w382,15,0.08706913549935215,0,0.40238142688102574,0,-71.82081049670143,0,1.0126699175914802,0,0
J,383,J_w383,15,0.14104162789796412,0,0.4158173048324464,0,-81.74128622637578,1,1.193794271875921,0,0
J,384,J_w384,15,0.11307530666544216,0,0.39938964047282227,0,-71.90203821892099,1,1.276929831833031,0,0
J,385,J_w385,15,0.12065317226637362,0,0.3991733740859208,0,-78.30952522836085,1,1.2170033916132432,0,0
J,386,J_w386,15,0.09919207279357277,0,0.4303515222158211,0,-60.782605200794514,1,1.337920637689961,0,0
J,387,J_w387,15,0.0877072508079888,0,0.4174403578341989,0,-57.953137275748844,1,1.385886017518944,0,0
J,388,J_w388,15,0.09491123255556534,0,0.41914222929386524,0,-70.43221418717246,1,1.280612348998385,0,0
J,389,J_w389,15,0.162049556478922,0,0.4176947516370059,0,-72.33804370146403,0,1.1371040803794137,0,0
J,390,J_w390,15,0.18436829754375245,0,0.40405355834928236,0,-79.53815638242148,0,1.1304686056578568,0,0
J,391,J_w391,15,0.09646192896275733,0,0.3870471342588665,0,-82.5646911604766,0,1.0356510834237438,0,0
J,392,J_w392,15,0.08528981129502891,0,0.38194287999064297,0,-76.24921482923494,0,1.0871255297157052,0,0
J,393,J_w393,15,0.07685669583817656,0,0.395454478773731,0,-75.18225690819867,0,1.0500745828865556,0,0
J,394,J_w394,15,0.11269991790267594,0,0.3834976286870174,0,-86.04951101967897,0,1.0979650698286523,0,0
J,395,J_w395,15,0.10211223094514808,0,0.3678986646448818,0,-85.48971755276692,0,0.996506625612723,0,0
J,396,J_w396,15,0.08886885500707668,0,0.36673059353153215,0,-82.97725596750874,0,0.9939435691182502,0,0
J,397,J_w397,15,0.1150695247308245,0,0.3799904062150747,0,-80.97023135460498,0,1.0015088449079137,0,0
J,398,J_w398,15,0.10710908440484886,0,0.3746331725365998,0,-79.88023215877091,0,1.0003215377774097,0,0
J,399,J_w399,15,0.09620777379892921,0,0.3743128104260954,0,-79.54742117397325,0,0.9921186158567512,0,0
J,400,J_w400,15,0.09272010435905559,0,0.3629206578323504,0,-83.43912554301946,0,0.9763419083690922,0,0
J,401,J_w401,15,0.08864336810729372,0,0.37117086077694533,0,-76.70365815279057,0,0.9939271654864203,0,0
J,402,J_w402,15,0.08367679651831293,0,0.36949030923219367,0,-81.03933869847647,0,0.980508504817325,0,0
J,403,J_w403,15,0.07676815060998708,0,0.3778045120363498,0,-79.7589432538846,0,1.0077238066111074,0,0
J,404,J_w404,15,0.11508003301113105,0,0.3699588063277597,0,-87.62026216126398,0,1.0105453585281499,0,0
J,405,J_w405,15,0.10206278707771288,0,0.3779469967165168,0,-83.84184777487972,0,1.032175423082302,0,0
J,406,J_w406,15,0.09451976811561115,0,0.3712916055578746,0,-84.00560201202714,0,0.9954288846629016,0,0
J,407,J_w407,15,0.10240828487040453,0,0.36229784515992164,0,-88.81720949381818,0,0.9889666282667784,0,0
J,408,J_w408,15,0.2223491289049467,1,0.46152773453485224,0,-70.25361856576836,0,1.1230342010234347,0,0
J,409,J_w409,15,0.14237723323749696,0,0.4159063287226221,0,-74.00490266331865,0,1.0460838142187445,0,0
J,410,J_w410,15,0.09072070300416762,0,0.377078987546303,0,-76.89779567965876,0,0.9981001916946476,0,0
J,411,J_w411,15,0.08740153670951804,0,0.38776126006389083,0,-71.3374705139561,0,1.0918258060121069,0,0
J,412,J_w412,15,0.1445535724651415,0,0.39558863420213514,0,-78.26155584131156,0,1.1158583506694906,0,0
J,413,J_w413,15,0.09774985484382952,0,0.3733319699565967,0,-79.01858298549656,0,1.0243434760907593,0,0
J,414,J_w414,15,0.07762643804077277,0,0.3789814367521731,0,-74.43053514474477,0,1.027170624692501,0,0
J,415,J_w415,15,0.0945795908042114,0,0.3926894354152422,0,-71.31957774607883,0,1.1487260268839339,0,0
J,416,J_w416,15,0.12039731856577099,0,0.3998314905838126,0,-72.99204022443222,1,1.1808908234816313,0,0
J,417,J_w417,15,0.13700406674880142,0,0.37218301872752624,0,-81.70618025251278,0,1.0602984858548783,0,0
J,418,J_w418,15,0.13142427919470642,0,0.37800464057351574,0,-74.90938228821672,0,1.0435206121482243,0,0
J,419,J_w419,15,0.1107656261437195,0,0.40313891699913373,0,-66.53372320869394,0,1.1247937818362663,0,0
J,420,J_w420,15,0.12494706384996682,0,0.39114113555826296,0,-78.39372708964301,0,1.0450595909703546,0,0
J,421,J_w421,15,0.09645509388762272,0,0.3809073865924632,0,-73.63185269729466,0,1.0061822886804737,0,0
J,422,J_w422,15,0.11139093994576281,0,0.3994654301661118,0,-80.8767292070984,0,0.9988899988649832,0,0
J,423,J_w423,15,0.11544335108325396,0,0.3984784873524196,0,-85.36837754368933,0,1.0160486283711099,0,0
J,424,J_w424,15,0.13286885667536105,0,0.41866014411539065,0,-81.21727445601071,0,1.019592846034268,0,0
J,425,J_w425,15,0.2168304881177377,0,0.45180772901396515,0,-61.35690883959783,0,1.1581931037994628,0,0
J,426,J_w426,15,0.15597919826995077,0,0.3940412144238056,0,-84.69776076871712,0,1.0647071895920384,0,0
J,427,J_w427,15,0.13991215096853682,0,0.38311470871087316,0,-92.92176937116565,0,1.0466895867262265,0,0
J,428,J_w428,15,0.17452260006325543,0,0.3802664753137155,0,-94.81457099065223,0,1.0899907951824988,0,0
J,429,J_w429,15,0.17254228232040877,0,0.40466878391962285,0,-71.82434504848194,0,1.1558104684874035,0,0
J,430,J_w430,15,0.35618016000270636,1,0.49524254391020506,1,-44.471529963541684,0,1.1442947436653965,1,0
J,431,J_w431,15,0.3116317483791975,1,0.5303781734083406,1,-34.50907879610807,0,1.1529949903140977,1,0
J,432,J_w432,15,0.3044679212653253,1,0.524260029973793,1,-31.330144984238526,0,1.170476023874285,1,0
J,433,J_w433,14,0.1382263716354125,0,0.4151478680699274,0,-75.5047473210497,1,1.212115687666799,0,0
J,434,J_w434,10,0.05376842004950185,0,0.37005540056235675,0,-81.85708106256189,0,1.0155177674296214,0,0
J,435,J_w435,10,0.09403377614303116,0,0.37449547089295515,0,-88.01121141041058,0,0.9953574612705286,0,0
J,436,J_w436,10,0.12816889979630858,0,0.37762780143419533,0,-80.19227911832161,0,1.04748573072032,0,0
J,437,J_w437,10,0.09703813491165712,0,0.3820636461930664,0,-73.5635371383668,0,1.0378370732964477,0,0
J,438,J_w438,10,0.14911607951099673,0,0.38937369137622657,0,-82.52540614521955,0,1.1329030003453426,0,0
J,439,J_w439,10,0.12148620540389256,0,0.400905027320557,0,-82.3169930218638,0,1.0979116915047122,0,0
J,440,J_w440,10,0.13344259620051352,0,0.4088108883417828,0,-84.47406986202513,1,1.242815715900597,0,0
J,441,J_w441,10,0.14636705107267883,0,0.4189239298818462,0,-78.70954030773036,0,1.1590333238343906,0,0
J,442,J_w442,10,0.12725636365249696,0,0.4410552510671437,0,-66.72913498672709,0,1.0498723707913662,0,0
J,443,J_w443,10,0.1468082237979108,0,0.42800021855097825,0,-69.60402875828586,0,1.119509166361714,0,0
J,444,J_w444,10,0.06898473792733835,0,0.3744926127389318,0,-83.98622468367105,0,1.0254587455301496,0,0
J,445,J_w445,10,0.0895351804657163,0,0.421892275562177,0,-69.87450187041053,0,1.0354300177321814,0,0
J,446,J_w446,10,0.07141088297010313,0,0.42211136234504,0,-69.18491006233346,0,1.0095752174566832,0,0
J,447,J_w447,10,0.11050197592877949,0,0.4226288252178076,0,-76.95791504188546,0,1.0742003613915752,0,0
J,448,J_w448,10,0.10918357658232787,0,0.4211392360144695,0,-70.65777805460226,0,1.0287709653343324,0,0
J,449,J_w449,10,0.14512820667357174,0,0.4498785716428239,0,-56.418014242975445,1,1.293031015557588,0,0
J,450,J_w450,10,0.14434277801589165,0,0.41246525531831374,0,-83.15989834286758,0,1.006656981110085,0,0
J,451,J_w451,10,0.16787269181805414,0,0.4312371026756578,0,-76.24654018719168,0,1.0319960534460462,0,0
J,452,J_w452,10,0.13372719623237067,0,0.42308898210702867,0,-74.09859047776908,0,1.1217830461486664,0,0
J,453,J_w453,10,0.27758149543466465,1,0.4683019285063882,1,-40.63873844874013,1,1.2684937790711286,1,1
J,454,J_w454,10,0.12971774919661427,0,0.4107174652391834,0,-91.64895121526276,0,1.1152455918568345,0,0
J,455,J_w455,10,0.07878304588102086,0,0.3935573419867007,0,-85.78514128503811,0,1.030622008812127,0,0
J,456,J_w456,10,0.3016453026652004,1,0.4790179243657819,1,-49.735049540499446,0,1.0937636710792413,1,0
J,457,J_w457,10,0.1192981897035389,0,0.38678383151065593,0,-96.99816122375005,0,1.0649012120896069,0,0
J,458,J_w458,10,0.10730732140061229,0,0.3808547203812166,0,-87.86704514571676,0,1.0757646179352252,0,0
J,459,J_w459,10,0.3002442103605462,1,0.5080606153671943,1,-49.291063524396165,0,1.0944727612403995,1,0
J,460,J_w460,10,0.296809939355224,0,0.43680761195509216,0,-74.68005981482686,0,1.0332051662584618,0,0
J,461,J_w461,10,0.18951284482732406,0,0.45049592536797983,0,-62.9395399236652,0,1.0730491772144928,0,0
J,462,J_w462,10,0.1272001556966513,1,0.4746457542523516,1,-28.881850805253823,1,1.2385378141454777,1,1
J,463,J_w463,10,0.29258100182094865,1,0.5170232798866851,1,-33.70632880355835,0,1.1061130579040996,1,0
J,464,J_w464,10,0.25519181788786616,1,0.506772298481938,1,-42.75144219127061,0,1.1407154745491537,1,0
J,465,J_w465,10,0.1589465662520314,0,0.44255791571365066,0,-68.72431920379579,0,1.1423553209496935,0,0
J,466,J_w466,8,0.10332255037016451,1,0.49790500461251025,1,-20.31063019993296,1,1.410924869467708,1,1
J,467,J_w467,5,0.05710030426237761,0,0.42729887650985343,0,-61.386343555286864,0,1.1190079157703627,0,0
J,468,J_w468,5,0.05047426753485209,1,0.5038062542435816,1,-12.651168271935788,1,1.260537215749002,1,1
J,469,J_w469,5,0.045692368326093996,1,0.4782801277242621,1,-21.134924332010876,1,1.1844651674686808,1,1
J,470,J_w470,5,0.04356718598539452,1,0.46246225236333044,1,-48.75302845251989,1,1.1967683863077845,1,1
J,471,J_w471,5,0.052636834964719006,0,0.43305148926054415,0,-57.130880566487534,0,1.1096831874462354,0,0
J,472,J_w472,5,0.031216145759134225,0,0.41760980442872725,0,-61.6580069053327,0,1.082853954459554,0,0
J,473,J_w473,5,0.0213026625557557,0,0.42457338233732367,0,-60.5970785366208,0,1.1279008653861946,0,0
J,474,J_w474,5,0.11241714594046805,0,0.41256834114481716,0,-61.740313010822554,0,1.1597400357195948,0,0
J,475,J_w475,5,0.060363414008403934,0,0.3959201961630524,0,-76.03053341136987,0,1.0965171011735564,0,0
J,476,J_w476,5,0.052222964320319455,1,0.47452469503098627,1,-30.01736927944928,0,1.1447274805486565,1,0
J,477,J_w477,5,0.03546053199809305,0,0.4279319035533049,0,-58.383681383521726,0,1.0592196937033092,0,0
J,478,J_w478,5,0.008798448847063333,0,0.44678823072902246,1,-51.09661256943813,1,1.1965175508578945,1,0
J,479,J_w479,5,0.06518632919868618,0,0.4224966834190176,0,-70.85509421227553,0,1.0687351643116145,0,0
J,480,J_w480,5,0.011646514387119323,0,0.425120094704552,0,-59.83908351129076,0,1.1234163949221816,0,0
J,481,J_w481,5,0.03855361886606899,0,0.44149756200471296,0,-63.81076952414741,1,1.202470262113163,0,0
J,482,J_w482,5,0.03290441594472398,0,0.4090298889697772,0,-64.97777852838108,0,1.1112656506342562,0,0
J,483,J_w483,5,0.06222269070689837,0,0.4200495152117072,0,-64.9164636612169,0,1.115078950527496,0,0
J,484,J_w484,5,0.05835422564427953,1,0.46835185114837435,1,-26.26538886283442,0,1.1714806064853978,1,0
J,485,J_w485,5,0.056810983190447,0,0.42077752112474615,0,-66.04910325554569,0,1.0926900216814421,0,0
J,486,J_w486,5,0.018428031120097586,0,0.42035014053189207,0,-63.67564548676816,0,1.1106530932029193,0,0
J,487,J_w487,5,0.02987273602440448,0,0.4215848151208384,0,-66.16695630057136,0,1.0819448756011725,0,0
J,488,J_w488,5,0.07946082873301377,0,0.43266477535516673,0,-66.46727223152173,0,1.078063148442846,0,0
J,489,J_w489,5,0.1182995611427539,1,0.47002177840084347,1,-7.242390120109626,1,1.8571665006040319,1,1
J,490,J_w490,5,0.14133653696446669,0,0.4466571105240471,0,-59.009193472588805,1,1.3787689912921828,0,0
J,491,J_w491,5,0.026770398590059176,1,0.45816216432115275,1,-35.122995044302414,0,1.1531406910478683,1,0
J,492,J_w492,5,0.025391123886759293,1,0.4659357261403569,1,-27.616371907088734,1,1.248690250453166,1,1
J,493,J_w493,5,0.026117479304248455,1,0.45942098884896676,1,-28.241328542610013,1,1.2502673906893058,1,1
J,494,J_w494,5,0.15242172192956757,1,0.4678724957853389,0,-57.68384549939439,1,1.2435913958533564,1,0
J,495,J_w495,5,0.1637481192033671,0,0.44709570953556627,1,-49.17379203774621,1,1.5405245012425859,1,0
J,496,J_w496,5,0.05691375485452009,1,0.46081125712643906,1,-33.10482335131069,1,1.223368500778701,1,1
J,497,J_w497,5,0.06360968591516317,0,0.4009097872101867,0,-73.46733101795134,0,1.0520232061429071,0,0
J,498,J_w498,5,0.05394343976876608,0,0.45217762377590737,1,-50.95644534777445,1,1.400029855416994,1,0
J,499,J_w499,5,0.04817829253203338,0,0.4213377023811945,0,-56.41802096818592,1,1.2366967299615972,0,0
J,500,J_w500,5,0.04144025079211085,0,0.42144424095267946,0,-56.911603380655926,0,1.118614095942976,0,0
J,501,J_w501,5,0.04381255843055127,0,0.40982983454644023,0,-63.963060947335926,0,1.0801631019718851,0,0
J,502,J_w502,5,0.06267549391305545,0,0.42671530800055363,0,-65.85450470135567,0,1.0469938845812676,0,0
J,503,J_w503,5,0.03787164539962596,0,0.42322818240197374,0,-62.274288336027716,0,1.1513565887625958,0,0
J,504,J_w504,5,0.06122756762422801,0,0.39022175246929064,0,-72.29977404247485,0,1.082698983681218,0,0
J,505,J_w505,5,0.06412358370756585,0,0.40237483904809934,0,-63.503819340221135,0,1.1273706286580842,0,0
J,506,J_w506,5,0.03804072615251397,1,0.5201005570520416,1,-7.853359629997655,1,1.38465328759595,1,1
J,507,J_w507,5,0.06783055750765432,0,0.40026837830750633,0,-66.82519165171473,0,1.088339477278407,0,0
J,508,J_w508,5,0.033831947221413305,0,0.40557144775606613,0,-62.898490894596605,0,1.1367910193253854,0,0
J,509,J_w509,5,0.06647378502663777,0,0.3766914571448035,0,-84.17421415474745,0,1.0591081926763806,0,0
J,510,J_w510,5,0.06667212174174551,0,0.38520892660641554,0,-78.31586044589383,0,1.1169898362556976,0,0
J,511,J_w511,5,0.055421356111597354,0,0.44191344239163094,0,-57.71872484332344,1,1.340347543518816,0,0
J,512,J_w512,5,0.12855271934504175,0,0.41202868849762253,0,-81.5130561847418,0,1.1714087667320003,0,0
J,513,J_w513,5,0.19566589264666776,1,0.6014224372908694,1,-1.986827213577243,1,1.7200492550245527,1,1
J,514,J_w514,5,0.06199137228713902,0,0.4113046082735282,0,-72.05221580741241,0,1.138842966857821,0,0
J,515,J_w515,5,0.09766227638117085,0,0.40325547128983985,0,-65.83373125493081,0,1.1669604497274608,0,0
J,516,J_w516,5,0.06335670112041486,0,0.44378638657677766,1,-56.12294577403529,0,1.1374878316764687,0,0
J,517,J_w517,5,0.03224485921439083,0,0.4378684513457274,0,-59.285471399912694,0,1.077481521759796,0,0
J,518,J_w518,5,0.02431894905603325,1,0.4553854195079149,1,-51.48358326275702,0,1.0015407719815248,1,0
J,519,J_w519,5,0.02169986809748873,0,0.450897560111455,1,-30.9084017838007,1,1.205464523352714,1,0
J,520,J_w520,5,0.09614615561422094,0,0.40579338293903083,0,-61.45780768124452,1,1.2252595083234945,0,0
J,521,J_w521,5,0.06167175760886639,0,0.4060604462822364,0,-66.38939093713059,0,1.1133526048538593,0,0
J,522,J_w522,5,0.05490492240593843,0,0.41650566491888186,0,-57.5581655786907,0,1.1717064586083261,0,0
J,523,J_w523,5,0.06267352153683231,0,0.40248414248712006,0,-61.296148835874405,1,1.2056592358165301,0,0
J,524,J_w524,5,0.09211726755916795,0,0.4101216972927805,0,-65.27168440237763,1,1.1756123584942677,0,0
J,525,J_w525,5,0.044899746301218645,1,0.5098837543044686,1,-11.306366724824322,1,1.3026762987934146,1,1
J,526,J_w526,5,0.11566695767237332,1,0.5995504817065064,1,-1.000349372641793,1,2.992858228653278,1,1
J,527,J_w527,5,0.06697304003710494,1,0.5757973058091519,1,-1.0000072803097666,1,5.203461925184795,1,1
J,528,J_w528,5,0.07104027357602336,1,0.5443979523144189,1,-9.568615895882395,1,1.3293843241815784,1,1
J,529,J_w529,5,0.05353107852403571,0,0.3958289617885451,0,-71.91241128934384,0,1.0551604613255596,0,0
J,530,J_w530,5,0.03318282948204196,0,0.4239731179497916,0,-65.76090276602372,0,1.0681684875282842,0,0
J,531,J_w531,5,0.06864444207053375,0,0.43809369777472845,1,-43.78082951754907,1,1.289885160724996,1,0
J,532,J_w532,5,0.018348682605343794,0,0.4278460701971416,1,-56.41724644741491,1,1.1747731281369609,1,0
J,533,J_w533,5,0.00834358373056723,0,0.41357444791322157,0,-60.81343283910936,0,0.9954842966865489,0,0
J,534,J_w534,5,0.023941813917434957,0,0.42134650662374384,0,-65.19940153692171,0,1.0442844506631523,0,0
J,535,J_w535,5,0.11971951095993814,1,0.45824523915297904,0,-62.327212026929374,1,1.280893820837332,1,0
J,536,J_w536,5,0.16069795610533702,1,0.4672772646761211,1,-31.90293957034039,1,1.2567190667983144,1,1
J,537,J_w537,5,0.23996760644087153,1,0.5506998996490419,1,-6.966847644527043,1,1.6973113125290655,1,1
J,538,J_w538,5,0.09092937980795558,1,0.4796237946568927,1,-42.841276911183336,1,1.3371676795572132,1,1
J,539,J_w539,5,0.029843190544928556,0,0.3967025209842011,0,-75.2258109982638,0,1.0246102094001717,0,0
J,540,J_w540,5,0.060676114628141854,0,0.40491250993476763,0,-77.97808941174986,0,1.0321368966730409,0,0
J,541,J_w541,5,0.06701969962414717,0,0.4099461066779539,0,-71.7593969549459,0,1.0298595180972228,0,0
J,542,J_w542,5,0.10572104112376397,0,0.4356557097980423,0,-62.825291493243746,1,1.2690224395906613,0,0
J,543,J_w543,5,0.13239901218374628,1,0.4613331087769783,1,-49.487188863820016,1,1.1819119256249075,1,1
J,544,J_w544,5,0.09375660941566095,0,0.3958379298446603,0,-84.47689879395128,0,1.0282570906423594,0,0
J,545,J_w545,5,0.07521787630721596,0,0.40364829960380455,0,-70.37301209075976,0,1.058054916767169,0,0
J,546,J_w546,5,0.04596826065014153,0,0.4230629981759393,0,-64.96750967341754,0,1.01592224455671,0,0
J,547,J_w547,5,0.07718799901993646,0,0.4085278407606435,0,-66.80862015039929,1,1.1734932378389187,0,0
J,548,J_w548,5,0.07681862833477177,0,0.4480685632871254,0,-60.782110064808634,1,1.2410853267307942,0,0
J,549,J_w549,5,0.10112730470917676,1,0.4928181431079796,1,-25.914920195695263,1,1.6390771960514505,1,1
J,550,J_w550,5,0.05308804763020033,1,0.4662988078070743,1,-49.1951916118557,1,1.4218093740729534,1,1
J,551,J_w551,5,0.024526437819636163,0,0.42133131799005613,0,-65.31317309593656,0,1.0424244910660292,0,0
J,552,J_w552,5,0.19940197228827414,1,0.4963261166090024,1,-22.749940206277053,1,1.4140857232531954,1,1
J,553,J_w553,5,0.24858986914031891,1,0.481353505732433,1,-38.03546901090082,1,1.335319677220543,1,1
J,554,J_w554,5,0.03994645964215452,0,0.45093692330873814,1,-51.63612697527149,1,1.3127528744066026,1,0
J,555,J_w555,5,0.05221814877486541,0,0.4077340175083872,0,-73.55626432047026,0,1.0173428615736986,0,0
J,556,J_w556,5,0.1925465698155067,1,0.5169677139078821,1,-26.36072979380202,1,1.361062553023978,1,1
J,557,J_w557,5,0.093945181343889,0,0.44877569652796817,1,-46.92176233021252,1,1.4462032670314409,1,0
J,558,J_w558,5,0.10494605245552245,0,0.44919642482112526,0,-64.9312099844982,1,1.1973090026150455,0,0
J,559,J_w559,5,0.22367354018224708,1,0.5098592509214728,1,-17.24884054182079,1,1.3267858856547277,1,1
J,560,J_w560,5,0.1751175561004483,1,0.5355222710094735,1,-2.318490464374463,1,1.804401482346416,1,1
J,561,J_w561,5,0.0869707180494582,1,0.46545574497976855,1,-7.422576095648488,1,1.726203256795484,1,1
J,562,J_w562,5,0.2760512440857542,1,0.5591499231446463,1,-2.9721438076075657,1,1.6504108657392105,1,1
J,563,J_w563,5,0.22803489373870514,1,0.48658620459590524,1,-31.421804758498475,1,1.232603562483512,1,1
J,564,J_w564,5,0.04253041219529785,0,0.4412292691668555,1,-54.98153836070486,1,1.2022028302381915,1,0
J,565,J_w565,5,0.030541892242316206,0,0.435456448967153,0,-60.6445879746633,0,1.0783949485425925,0,0
J,566,J_w566,5,0.03123328295203398,0,0.43376459708905385,0,-64.58619742434831,0,1.036469146636012,0,0
J,567,J_w567,5,0.06183100491376494,1,0.49217176701137355,1,-11.51545111809233,1,1.5963577877020536,1,1
J,568,J_w568,5,0.06010591079722819,1,0.477740749249146,1,-7.547947909647995,1,1.8186195889122578,1,1
J,569,J_w569,5,0.037679687282250296,1,0.4629065348766919,1,-7.480356051789663,1,1.8194181628537431,1,1
J,570,J_w570,5,0.037679687282250296,1,0.4665699051801789,1,-35.97291591968305,1,1.1770362209375482,1,1
J,571,J_w571,5,0.0038133659418180966,0,0.43552574030861213,0,-57.68795178729006,0,1.0586293934877642,0,0
J,572,J_w572,5,9.0794427186131e-05,0,0.4284071769290471,0,-58.999152302535954,0,0.9824911750161084,0,0
J,573,J_w573,5,9.0794427186131e-05,0,0.4267083525017074,0,-61.69936112750292,0,0.9796301600372214,0,0
J,574,J_w574,5,9.0794427186131e-05,0,0.4248722017267586,0,-59.49543621011339,0,0.9947801924732224,0,0
J,575,J_w575,5,9.0794427186131e-05,0,0.42545737360277897,1,-55.24310909929712,0,1.0176283859067248,0,0
J,576,J_w576,5,9.0794427186131e-05,0,0.4325393359182064,1,-54.30061485182771,0,1.0340858165319302,0,0
J,577,J_w577,5,9.0794427186131e-05,0,0.42103068544002276,0,-61.87424848654029,0,0.9792199083517367,0,0
J,578,J_w578,5,9.0794427186131e-05,0,0.43960731203351244,1,-53.695481933061735,0,1.1188817756734164,0,0
J,579,J_w579,5,9.0794427186131e-05,0,0.426775849196259,0,-60.920813313503,0,0.9840583026674051,0,0
J,580,J_w580,5,9.0794427186131e-05,0,0.432960087184067,0,-58.589897112551526,0,1.0018293215434622,0,0
J,581,J_w581,5,0.042513669668624916,0,0.4310076464017925,0,-65.17743585729191,0,0.9991092822358884,0,0
J,582,J_w582,5,9.0794427186131e-05,0,0.41963412061896566,0,-64.7760730228846,0,0.9822671197760475,0,0
J,583,J_w583,5,9.0794427186131e-05,0,0.4232013592505544,0,-58.32858594207761,0,0.9976555284289437,0,0
J,584,J_w584,5,9.0794427186131e-05,0,0.4343568771416976,0,-57.86939793254234,0,1.0277235956215074,0,0
J,585,J_w585,5,9.0794427186131e-05,0,0.4173264319720396,0,-62.186266893738775,0,0.9796837766770734,0,0
J,586,J_w586,5,9.0794427186131e-05,0,0.4190768331184968,0,-60.932346233816205,0,0.9812216755151907,0,0
J,587,J_w587,5,9.0794427186131e-05,0,0.4185507927829216,0,-63.67670434252857,0,0.9822766318324826,0,0
J,588,J_w588,5,9.0794427186131e-05,0,0.42054885866655606,0,-61.60969927925004,0,0.9786778841875587,0,0
J,589,J_w589,4,0.007352033715924715,0,0.42535166011048076,0,-59.92468072048582,0,1.0393761394108574,0,0
