driver_id,window_id,global_window_id,risk_target,risk_predicted
A,0,A_w0,0.9754981646860527,0.18815739255054553
A,1,A_w1,0.2493789332476628,0.27046387373807174
A,2,A_w2,0.28990159369139745,0.27762821785602787
A,3,A_w3,0.20585067025573936,0.24071031139181767
A,4,A_w4,0.21493542516842368,0.2635645606584665
A,5,A_w5,0.31701418109409574,0.26161320578573494
A,6,A_w6,0.30595914648521805,0.30187906170691164
A,7,A_w7,0.22151180232017328,0.20099997852846507
A,8,A_w8,0.27870206650721874,0.21863290463236879
A,9,A_w9,0.23319245634582558,0.21716202700648427
A,10,A_w10,0.2627819247000627,0.2035660153128937
A,11,A_w11,0.21279386030605824,0.19894229623387075
A,12,A_w12,0.2525929286191715,0.22748296730107603
A,13,A_w13,0.2677259529761827,0.2248666268470927
A,14,A_w14,0.19663795494382727,0.14832337010757862
A,15,A_w15,0.3108117916464422,0.21262214423086812
A,16,A_w16,0.31081687221071325,0.20269841375033648
A,17,A_w17,0.24411886683276174,0.1618370078702709
A,18,A_w18,0.1486496725933499,0.08794460864910979
A,19,A_w19,0.2151685066565437,0.1924249335626356
A,20,A_w20,0.2514715809985358,0.2158124049061531
A,21,A_w21,0.19884317768881649,0.1553724683005807
A,22,A_w22,0.15104125418192726,0.1483656521069209
A,23,A_w23,0.19939805348112444,0.18485511519007952
A,24,A_w24,0.14078427514788253,0.13111045191456233
A,25,A_w25,0.15393904910893016,0.12968593349430382
A,26,A_w26,0.17086850326693162,0.15292487532707214
A,27,A_w27,0.20271035547030058,0.19634415034883398
A,28,A_w28,0.23908199277937545,0.21862945324786767
A,29,A_w29,0.2578566531153951,0.23993063475176538
A,30,A_w30,0.26174701975954623,0.18597297295912904
A,31,A_w31,0.1713494460715508,0.142877713155843
A,32,A_w32,0.19633515719730232,0.16209449896115607
A,33,A_w33,0.24210915571362396,0.21016100789721354
A,34,A_w34,0.27732205671644106,0.2105800782500008
A,35,A_w35,0.23470501853902556,0.17949257200119545
A,36,A_w36,0.19404993656709854,0.1564898137922595
A,37,A_w37,0.21815876148438793,0.18153094401409212
A,38,A_w38,0.18748217645134868,0.18560461619939866
A,39,A_w39,0.18017916747070314,0.19030016161482916
A,40,A_w40,0.20491295877052676,0.15913435691582198
A,41,A_w41,0.15762990924017323,0.14980175464147594
A,42,A_w42,0.2807682636815839,0.2268878077963942
A,43,A_w43,0.2254911134985819,0.21043218816593307
A,44,A_w44,0.13949790272110416,0.16125030570869334
A,45,A_w45,0.12835066635014927,0.1184413346517028
A,46,A_w46,0.12514189514569493,0.12553815789663877
A,47,A_w47,0.153043908250239,0.1572294362763093
A,48,A_w48,0.1869313451182964,0.15877723447309477
A,49,A_w49,0.14292636016394328,0.1498758042718921
A,50,A_w50,0.1668584136811185,0.17357392795964655
A,51,A_w51,0.11852300534717024,0.1485329071520951
A,52,A_w52,0.14016385889011884,0.13062241559681334
A,53,A_w53,0.18717843451038102,0.1827663764061303
A,54,A_w54,0.15770794221436416,0.132223504773995
A,55,A_w55,0.1271538699980085,0.13594426228384693
A,56,A_w56,0.23640078313518548,0.18216200863461177
A,57,A_w57,0.16711659113094107,0.1681364044465446
A,58,A_w58,0.14180733560220266,0.140270495478408
A,59,A_w59,0.16839695758022366,0.1496617816068517
A,60,A_w60,0.19921211197434796,0.1501031422922507
A,61,A_w61,0.19343708736949636,0.15898237172392055
A,62,A_w62,0.25186567271731813,0.17742705872620657
A,63,A_w63,0.2528537856566366,0.23309492400537402
A,64,A_w64,0.26790356486391487,0.22447015410010418
A,65,A_w65,0.16272565471057507,0.1598143362748164
A,66,A_w66,0.27499786795365616,0.22519758578225862
A,67,A_w67,0.2936427211454019,0.2310633071803099
A,68,A_w68,0.3170883850367411,0.18247826616531887
A,69,A_w69,0.2687722251522185,0.21908229841803684
A,70,A_w70,0.21021822053206055,0.19634657268875513
A,71,A_w71,0.14312643710318518,0.1613569311347326
A,72,A_w72,0.2968197230959697,0.2454804241873197
A,73,A_w73,0.1278303880868483,0.13622871644142576
A,74,A_w74,0.18575609697956008,0.196476033663148
A,75,A_w75,0.24982672375673795,0.2107147871062605
A,76,A_w76,0.2785804191297511,0.2221696832909568
A,77,A_w77,0.2544592897092142,0.21713838129875374
A,78,A_w78,0.24888685238064118,0.22498306353972003
A,79,A_w79,0.13111709925395765,0.18213152325512227
A,80,A_w80,0.11307120085807815,0.11749633547439077
A,81,A_w81,0.14515506573462192,0.12884473029329582
A,82,A_w82,0.19842825688370547,0.17469025048740727
A,83,A_w83,0.2283039883299551,0.20593289996708042
A,84,A_w84,0.24800271594259227,0.2107147871062605
A,85,A_w85,0.2654280402642935,0.17315118334049928
A,86,A_w86,0.27885702864620243,0.1546692914378818
A,87,A_w87,0.12852734921374956,0.10188453620599364
A,88,A_w88,0.1481046055588396,0.13290715193755678
A,89,A_w89,0.14847559229340482,0.1336208693495527
A,90,A_w90,0.15242934491127233,0.1293150447455241
A,91,A_w91,0.10354830444089194,0.1561988778957303
A,92,A_w92,0.1256981578067377,0.1139213688230579
A,93,A_w93,0.23201499652642738,0.20741056735690733
A,94,A_w94,0.308341556477005,0.2188123480563116
A,95,A_w95,0.3332429996394385,0.2188685268043297
A,96,A_w96,0.28523644547658394,0.21661119824626995
A,97,A_w97,0.3013249340661312,0.21111347427593702
A,98,A_w98,0.27443560883601964,0.1600684570399814
A,99,A_w99,0.1353639042970315,0.11707052589822053
A,100,A_w100,0.1595950662153946,0.16721136138149947
A,101,A_w101,0.13573004044019207,0.14174610915343266
A,102,A_w102,0.14412702606446937,0.15136904408267038
A,103,A_w103,0.1321841111484653,0.14359572944025692
A,104,A_w104,0.12309900187314377,0.12942072975856528
A,105,A_w105,0.149932652966228,0.11882658572396211
A,106,A_w106,0.08515040260553387,0.08440020092972451
A,107,A_w107,0.0895676730470122,0.10404985155853635
A,108,A_w108,0.08299850779794188,0.08342886104245294
A,109,A_w109,0.19251836582841278,0.18950454000016068
A,110,A_w110,0.099613412514529,0.10583408417127073
A,111,A_w111,0.1705865193188169,0.11432816838528663
A,112,A_w112,0.20523227381150047,0.1483077124773143
A,113,A_w113,0.1677070452735723,0.13182576641765548
A,114,A_w114,0.10526172743630649,0.09141222647892452
A,115,A_w115,0.13440580852073378,0.12408084986824007
A,116,A_w116,0.10971958008046585,0.11448884047589063
A,117,A_w117,0.14942791593677607,0.10346576681460982
A,118,A_w118,0.17108060277617518,0.160542510750803
A,119,A_w119,0.21189297891835013,0.18380180571079816
A,120,A_w120,0.2227915407219279,0.18403439226047383
A,121,A_w121,0.22602124478439906,0.20234684147781623
A,122,A_w122,0.29892370061792023,0.2253737885635301
A,123,A_w123,0.3422750774994497,0.2570792827040273
A,124,A_w124,0.43702387516206687,0.22610360333971077
A,125,A_w125,0.3269650458119132,0.23069121154801686
A,126,A_w126,0.16581816465232485,0.1586326061981389
A,127,A_w127,0.1919342789936778,0.1649168144347349
A,128,A_w128,0.15055691004167562,0.0840385450584844
A,129,A_w129,0.10955601320096976,0.11543642033426135
A,130,A_w130,0.10331851214392675,0.09269206414232947
A,131,A_w131,0.0880630287363775,0.06352120136553348
A,132,A_w132,0.08014473102616368,0.0857684807211649
A,133,A_w133,0.20503789895836974,0.19346701675375017
A,134,A_w134,0.2863789166773921,0.22080820008958932
A,135,A_w135,0.294686730443374,0.20038522021065103
A,136,A_w136,0.3462073359545996,0.27947814166835644
A,137,A_w137,0.24563729428838954,0.1977009700933371
A,138,A_w138,0.24822729508518032,0.18035014256208382
A,139,A_w139,0.3327327296443349,0.23605518934727915
A,140,A_w140,0.23901042161945096,0.22441317786397574
A,141,A_w141,0.20685313904205757,0.13677253589829633
A,142,A_w142,0.3063282944856026,0.22827239167528166
A,143,A_w143,0.24418735592969812,0.18176551005632313
A,144,A_w144,0.19974651900049234,0.1418693211840553
A,145,A_w145,0.14940435024640458,0.150308047279388
A,146,A_w146,0.2590416751163991,0.19241712382894113
A,147,A_w147,0.24098581671663505,0.20311565031726753
A,148,A_w148,0.4947454916241326,0.23677742816775757
A,149,A_w149,0.33027077519583514,0.26729780446055046
A,150,A_w150,0.38064923326148103,0.29341268758823585
A,151,A_w151,0.3393579560353382,0.3134255216233547
A,152,A_w152,0.27904996931413334,0.19221238312138667
A,153,A_w153,0.28977942002131807,0.24259113679265615
A,154,A_w154,0.3390565252822792,0.29974188591687306
A,155,A_w155,0.2573283511243435,0.2056399569148137
A,156,A_w156,0.21176859093541067,0.2183539816951666
A,157,A_w157,0.259393185961,0.21175259572692523
A,158,A_w158,0.2142858866953559,0.19828699290902524
A,159,A_w159,0.2743285180700404,0.2136671273147871
A,160,A_w160,0.1486704039902994,0.147644044202227
A,161,A_w161,0.17921834940128226,0.15491343880203212
A,162,A_w162,0.18470059560093993,0.154013354365653
A,163,A_w163,0.12276774155037648,0.12093323591524731
A,164,A_w164,0.14153615939004,0.08843711102628225
A,165,A_w165,0.053157015784857,0.023658273229922384
A,166,A_w166,0.03876150530661605,0.02261722472033044
A,167,A_w167,0.0379937737822908,0.026762966665414768
A,168,A_w168,0.19109570813943857,0.19157881402894358
A,169,A_w169,0.13749011877908826,0.13993717596083166
A,170,A_w170,0.14472805579498654,0.10981443356128688
A,171,A_w171,0.0835389592206953,0.09002912733116847
A,172,A_w172,0.1422919566034294,0.1271267216200373
A,173,A_w173,0.17410970331738973,0.18000094919915596
A,174,A_w174,0.16414261530354163,0.10616699746278865
A,175,A_w175,0.2209184003043086,0.18149885200298274
A,176,A_w176,0.235302803999927,0.1716389248999799
A,177,A_w177,0.2961224876169773,0.15284016430118558
A,178,A_w178,0.38523953752039225,0.23197377051601548
A,179,A_w179,0.4560300212336043,0.2333058810182607
A,180,A_w180,0.24004594111905697,0.21215977072652245
A,181,A_w181,0.1485698435999267,0.09880472045289229
A,182,A_w182,0.13889657823737095,0.13871532220333999
A,183,A_w183,0.24440797168800468,0.19418130796574976
A,184,A_w184,0.2340988464846386,0.18583917980952586
A,185,A_w185,0.17521516137479684,0.16148169359470965
A,186,A_w186,0.16679406868015337,0.12192409752523456
A,187,A_w187,0.40524317768153434,0.4103070594099835
A,188,A_w188,0.42349535950302725,0.4161772430511943
A,189,A_w189,0.17681148456911075,0.16720184997357473
A,190,A_w190,0.12361545708569298,0.15346886943950575
A,191,A_w191,0.235572083776392,0.1648978474870747
A,192,A_w192,0.4413286526867267,0.35615766601317617
A,193,A_w193,0.31329254225204867,0.2212160879689851
A,194,A_w194,0.2500780700154373,0.16194024576996396
A,195,A_w195,0.11868167861563843,0.11252399956616105
A,196,A_w196,0.24342870703262406,0.173699505324316
A,197,A_w197,0.25800749214338786,0.18125485728630858
A,198,A_w198,0.2520230582691064,0.21061950911437444
A,199,A_w199,0.381784781179375,0.25359751171915246
A,200,A_w200,0.44263017313678155,0.3190880472429476
A,201,A_w201,0.6813533931222922,0.6284228437979971
A,202,A_w202,0.5680768217300249,0.5575905761574734
B,0,B_w0,0.7204648715803315,0.530109442518384
B,1,B_w1,0.34844516279084964,0.29177082541320254
B,2,B_w2,0.31390202482827456,0.2824911679993349
B,3,B_w3,0.23324837541284946,0.2729407825336732
B,4,B_w4,0.27087903010157327,0.27266754963882023
B,5,B_w5,0.3161095673197928,0.3097201363131434
B,6,B_w6,0.19756335646289236,0.26633409214011494
B,7,B_w7,0.2515251472511623,0.2786454875678286
B,8,B_w8,0.2626578518333716,0.25777385765177446
B,9,B_w9,0.2593755394135705,0.2757016266589058
B,10,B_w10,0.2024255280714091,0.2143440182241599
B,11,B_w11,0.17842659873991185,0.2103451107972702
B,12,B_w12,0.14977670096609189,0.20314495233092755
B,13,B_w13,0.18317437041478585,0.22655043105832748
B,14,B_w14,0.1865582645206088,0.2075294154889001
B,15,B_w15,0.2688242288115405,0.29042497488556285
B,16,B_w16,0.1964694613144088,0.22467876855016905
B,17,B_w17,0.25930425613064906,0.24667210056164468
B,18,B_w18,0.26364557601826255,0.29653511747647343
B,19,B_w19,0.2499477186850188,0.22490435507054243
B,20,B_w20,0.19318954978489114,0.19777778692520406
B,21,B_w21,0.2782389248754567,0.28409511631333184
B,22,B_w22,0.18930753598442357,0.23792772034056045
B,23,B_w23,0.17985288510178155,0.18826448855155464
B,24,B_w24,0.15685127001067925,0.16313393941442983
B,25,B_w25,0.2048340185059702,0.21754525548296955
B,26,B_w26,0.16412414290585928,0.1768062879522391
B,27,B_w27,0.1707034997849653,0.16861565840860354
B,28,B_w28,0.16301734623129155,0.16693774481667525
B,29,B_w29,0.20667271286555042,0.18103857270031107
B,30,B_w30,0.22332178536070704,0.19295520084038575
B,31,B_w31,0.1433419003320246,0.1899416665724663
B,32,B_w32,0.11313375880566191,0.13989083178674577
B,33,B_w33,0.09891830543824753,0.15018558185674682
B,34,B_w34,0.17251432945051107,0.1778152279938003
B,35,B_w35,0.24470447499078565,0.23231650285241223
B,36,B_w36,0.21544607036844152,0.20295846847829507
B,37,B_w37,0.16493184668553165,0.152592135493613
B,38,B_w38,0.1918607625842644,0.19050464589322155
B,39,B_w39,0.1690667584731933,0.1922681746176084
B,40,B_w40,0.1746200764959848,0.14909156393527756
B,41,B_w41,0.16064844725521413,0.15550589940136578
B,42,B_w42,0.20785065414049697,0.18056472368619655
B,43,B_w43,0.2850249864847863,0.28558763139929444
B,44,B_w44,0.1726101002056162,0.17608155271369452
B,45,B_w45,0.16796310623221236,0.1868325366931254
B,46,B_w46,0.14095234074113033,0.15670904829439966
B,47,B_w47,0.16987587492239561,0.16090624924461985
B,48,B_w48,0.1436962759083548,0.1585369543131076
B,49,B_w49,0.16723945690076136,0.17655463116880055
B,50,B_w50,0.1932438929011212,0.18366963922061122
B,51,B_w51,0.20954255071065758,0.20691486379519577
B,52,B_w52,0.227049322427298,0.1825799703718003
B,53,B_w53,0.21088976070561438,0.2106996127655528
B,54,B_w54,0.2398730662530207,0.20765798832319016
B,55,B_w55,0.15413872680229182,0.15604308350462728
B,56,B_w56,0.19974057392637964,0.1730662899309251
B,57,B_w57,0.1959544337571586,0.18299448557688808
B,58,B_w58,0.22677183039167126,0.17798443806914924
B,59,B_w59,0.17725725629870617,0.16783956159090124
B,60,B_w60,0.1579780739122252,0.15516214113669574
B,61,B_w61,0.18438103926317564,0.17744181163560338
B,62,B_w62,0.1923804764619447,0.17088876465067732
B,63,B_w63,0.1644991020892671,0.1501013430917384
B,64,B_w64,0.18579737249834788,0.20077779706242233
B,65,B_w65,0.17965451132807567,0.17620989531936235
B,66,B_w66,0.1798058415250764,0.1837343678531604
B,67,B_w67,0.15291444347907324,0.1778256515856638
B,68,B_w68,0.22603462749409228,0.19159758241542782
B,69,B_w69,0.1858567737189189,0.18392612984756684
B,70,B_w70,0.19369762458773968,0.19497245915201056
B,71,B_w71,0.1979422202304682,0.1726828240836329
B,72,B_w72,0.18180983306510343,0.17555137081649333
B,73,B_w73,0.12100950255902626,0.16275281971081737
B,74,B_w74,0.13840867454450126,0.1625109158016098
B,75,B_w75,0.17195930160323886,0.183737758762666
B,76,B_w76,0.16442942000713712,0.1492341074502025
B,77,B_w77,0.17206373009751388,0.15298509913589142
B,78,B_w78,0.1371394076488607,0.13499657158385803
B,79,B_w79,0.13428545163476663,0.14099087031794658
B,80,B_w80,0.1826880992631137,0.17027067224562273
B,81,B_w81,0.21980180178149858,0.2217923084123122
B,82,B_w82,0.21382593743625972,0.21366787696250208
B,83,B_w83,0.19120639833675998,0.2452648076907671
B,84,B_w84,0.11196314137041692,0.15142581487556853
B,85,B_w85,0.11821729277755656,0.16051816865893062
B,86,B_w86,0.1765598584599413,0.17520886227362906
B,87,B_w87,0.16499677133908874,0.18366852869474987
B,88,B_w88,0.141288689675145,0.17621928977010382
B,89,B_w89,0.161177271309964,0.20639243909714194
B,90,B_w90,0.1277285502536893,0.1782681336987316
B,91,B_w91,0.12656191372489684,0.1708735627819348
B,92,B_w92,0.13578141860077148,0.16200555210654033
B,93,B_w93,0.1652152918787266,0.16193845238161558
B,94,B_w94,0.1538966287475688,0.16543125069394754
B,95,B_w95,0.14165522989848497,0.15071592086295443
B,96,B_w96,0.13997242047834935,0.16182047092081372
B,97,B_w97,0.16122716887813388,0.15284293547637162
B,98,B_w98,0.13903521650657683,0.17579715066518986
B,99,B_w99,0.14484441617410754,0.15511396506250819
B,100,B_w100,0.12508049534578805,0.1449496300877829
B,101,B_w101,0.13929186206742084,0.17212358210083326
B,102,B_w102,0.13417738534698068,0.13846594843086088
B,103,B_w103,0.14010172231163961,0.12787086527189714
B,104,B_w104,0.15420349525679977,0.1314134392648867
B,105,B_w105,0.14318653196111247,0.15997220530236614
B,106,B_w106,0.13570721505990055,0.15735956539478932
B,107,B_w107,0.1282864882436013,0.14003113007148538
B,108,B_w108,0.11459685678686798,0.12058442226672844
B,109,B_w109,0.11078286453824768,0.13755742643930283
B,110,B_w110,0.13710568257030215,0.13484965897826492
B,111,B_w111,0.13277637546196017,0.14339802801498697
B,112,B_w112,0.1570012448500686,0.149604107632871
B,113,B_w113,0.15344061469941236,0.1626344002973707
B,114,B_w114,0.11361776808731122,0.12748028063804873
B,115,B_w115,0.1378695159098356,0.14688867722347104
B,116,B_w116,0.11371894990301411,0.11961602985569515
B,117,B_w117,0.14609878561693648,0.15439361549521854
B,118,B_w118,0.10313094514787263,0.1288590856157245
B,119,B_w119,0.1433778997386008,0.15935136526486732
B,120,B_w120,0.11195039420918314,0.13793520145465948
B,121,B_w121,0.10595613412807725,0.14801340806558508
B,122,B_w122,0.14275370926880598,0.1638091793741424
B,123,B_w123,0.11501578914855425,0.1396682047164049
B,124,B_w124,0.15712520920555603,0.13326909535681336
B,125,B_w125,0.11913741690056123,0.13645253304372726
B,126,B_w126,0.11554939279137096,0.12420482668019113
B,127,B_w127,0.099890072087652,0.10215501604083212
B,128,B_w128,0.10496801506456453,0.11418333898339467
B,129,B_w129,0.11776452732357522,0.12194571164068742
B,130,B_w130,0.09026370459346174,0.11056261121065335
B,131,B_w131,0.10973735221887888,0.1280481953168839
B,132,B_w132,0.09390034442558647,0.12239083543453462
B,133,B_w133,0.10102390701468111,0.14065932715126442
B,134,B_w134,0.11117958216983503,0.12572190900779753
B,135,B_w135,0.15334331945739227,0.15019764066884006
B,136,B_w136,0.11453836164061747,0.11055838002830783
B,137,B_w137,0.0742860427874133,0.09710460457178748
B,138,B_w138,0.09987422740544055,0.133806296951444
B,139,B_w139,0.15126446087225245,0.15331422318064397
B,140,B_w140,0.132171122918558,0.13264904419615847
B,141,B_w141,0.14447266228071148,0.14960923424512002
B,142,B_w142,0.17057319634753584,0.15949356777517062
B,143,B_w143,0.18543106927019623,0.16051592783108276
B,144,B_w144,0.19071110044873874,0.15963540889720076
B,145,B_w145,0.22802341786270852,0.17983920738874085
B,146,B_w146,0.2689920225292111,0.1942310758617071
B,147,B_w147,0.25621386287623554,0.18721060313062465
B,148,B_w148,0.1719773348934588,0.14549713320357557
B,149,B_w149,0.18423627158828051,0.17073843012558793
B,150,B_w150,0.21879656737185374,0.22281524421974852
B,151,B_w151,0.22651756477058305,0.2427068515300551
B,152,B_w152,0.1845396068736559,0.17707549648577306
B,153,B_w153,0.14921682459838276,0.15050839490191015
B,154,B_w154,0.13862269553349588,0.15259403221156265
B,155,B_w155,0.18147222589285167,0.18310019601385427
B,156,B_w156,0.13512985146502562,0.1512028990026532
B,157,B_w157,0.14469676339678886,0.1535718704094885
B,158,B_w158,0.1715056373253071,0.16563931095077056
B,159,B_w159,0.13265090179180947,0.15188947162112384
B,160,B_w160,0.2638313767617906,0.2380894595342592
B,161,B_w161,0.18574556843676995,0.16429456287061317
B,162,B_w162,0.17400512355718076,0.15811448515769305
B,163,B_w163,0.1736351261852586,0.16474751690505363
B,164,B_w164,0.15321506780349967,0.15028877882552144
B,165,B_w165,0.18731726741511767,0.1741427457716108
B,166,B_w166,0.2314523620928911,0.2140255356082146
B,167,B_w167,0.2310285295674617,0.21629250849263051
B,168,B_w168,0.19285698962980277,0.162454310075777
B,169,B_w169,0.1814110036962043,0.1644837533983212
B,170,B_w170,0.1779880313555017,0.16138843754765106
B,171,B_w171,0.14482217210100518,0.1643565795545296
B,172,B_w172,0.1402434041578692,0.15410601053193373
B,173,B_w173,0.12613274286153148,0.15348502659846866
B,174,B_w174,0.1569117119488502,0.20545208750086874
B,175,B_w175,0.11561057454474911,0.15158057277778597
B,176,B_w176,0.1289595369090182,0.15324080445671048
B,177,B_w177,0.14988787011885543,0.15221958390795534
B,178,B_w178,0.16634156776719106,0.20143373373073445
B,179,B_w179,0.19107173986025267,0.17868279728596495
B,180,B_w180,0.17312638027401062,0.19864063248902025
B,181,B_w181,0.19961851330451344,0.21754959762232504
B,182,B_w182,0.15929523777810375,0.20051335495929662
B,183,B_w183,0.15843386588217573,0.19909913853703376
B,184,B_w184,0.2254671108892042,0.2714498872346681
B,185,B_w185,0.19639018177102804,0.23280407713940504
B,186,B_w186,0.22202416229007296,0.2570088394391562
B,187,B_w187,0.3000412210345334,0.2638910442656664
B,188,B_w188,0.23616811738027713,0.25716943029213163
B,189,B_w189,0.2116236651033792,0.22312656297557326
B,190,B_w190,0.15898112731844566,0.161823092152501
B,191,B_w191,0.21932375842289029,0.178088368739513
B,192,B_w192,0.14728064957063447,0.1528016857532092
B,193,B_w193,0.1936515583264159,0.2020750683066326
B,194,B_w194,0.1801277782399996,0.26006253348510716
B,195,B_w195,0.1852893818799001,0.21217279149775134
B,196,B_w196,0.1818542212326246,0.1906013616296995
B,197,B_w197,0.1732643285516396,0.2026269066791314
B,198,B_w198,0.18766989651074684,0.22393690945947162
B,199,B_w199,0.21873414969702348,0.23324124114363495
B,200,B_w200,0.1710251268631687,0.17218525787985262
B,201,B_w201,0.2607729856874481,0.26032615583985813
B,202,B_w202,0.19192488652212802,0.21517997630725474
B,203,B_w203,0.27760597518438745,0.27960103228745126
B,204,B_w204,0.28403123845014233,0.28092425421104805
B,205,B_w205,0.295810842453991,0.30042040337317144
B,206,B_w206,0.23540162440029694,0.26554015823281146
B,207,B_w207,0.1681687723670113,0.23488343206877696
B,208,B_w208,0.30433607341514657,0.35928942519214446
B,209,B_w209,0.2577206184393483,0.233713040968238
B,210,B_w210,0.25491537440912926,0.248954268381227
B,211,B_w211,0.1841844099570452,0.15649229032589443
B,212,B_w212,0.21364919938152563,0.2137511437665439
B,213,B_w213,0.14861381026525755,0.11760202032487486
B,214,B_w214,0.11260415618791669,0.11800885962610931
B,215,B_w215,0.1441338278593578,0.16066245155834216
B,216,B_w216,0.2364694283626264,0.16461664606272972
B,217,B_w217,0.07658175807816851,0.11223693625996779
B,218,B_w218,0.08396301426757888,0.10981508610682794
B,219,B_w219,0.1056206176567419,0.13521496092072421
B,220,B_w220,0.2096301109277609,0.2107559000250064
B,221,B_w221,0.2839393117335078,0.25981014332898944
B,222,B_w222,0.5080189552167002,0.49515333124857186
B,223,B_w223,0.03576476341948511,0.05880237413458136
B,224,B_w224,0.03387266091113416,0.03199319566022665
B,225,B_w225,0.05431073210718318,0.05564261630596643
B,226,B_w226,0.1023915066764692,0.14495880021185187
B,227,B_w227,0.05469989701712963,0.039601398154172525
B,228,B_w228,0.03261979662462181,0.05723376100084927
B,229,B_w229,0.07607169232548593,0.13113704443922097
B,230,B_w230,0.09979478570995878,0.09516242804689615
B,231,B_w231,0.0659605388693935,0.07766524616368971
B,232,B_w232,0.08045876394550863,0.08350517183151547
B,233,B_w233,0.05219921757312442,0.046373974312667494
B,234,B_w234,0.03952757722424372,0.029384940309649776
B,235,B_w235,0.015354630486504756,0.02036234768765893
B,236,B_w236,0.06524648521205424,0.09080598725883965
B,237,B_w237,0.101723522278038,0.1009321182302512
B,238,B_w238,0.0788042823781688,0.11599498782269417
B,239,B_w239,0.035076277401207695,0.09111227148498624
B,240,B_w240,0.074741148702303,0.08610194391428953
B,241,B_w241,0.03838684495141987,0.0667084843923515
B,242,B_w242,0.048286469055298396,0.06893280384725568
B,243,B_w243,0.07131143677044578,0.043767183754877856
B,244,B_w244,0.04122837250729032,0.023905460095106978
B,245,B_w245,0.057354540881438223,0.058007909331950096
B,246,B_w246,0.06016249554731156,0.03513375618538478
B,247,B_w247,0.07724679918145488,0.0891723248890977
B,248,B_w248,0.014586898962179518,0.02552506809218972
B,249,B_w249,0.014458943708125326,0.024238302577522512
B,250,B_w250,0.04033096181151025,0.04955405977545791
B,251,B_w251,0.05719738778904722,0.06510700727108366
B,252,B_w252,0.06513261126288696,0.06242021227615288
B,253,B_w253,0.0499602404666561,0.060318845895965006
B,254,B_w254,0.0814795735312232,0.13908961170466116
B,255,B_w255,0.03621418350123827,0.07387315846231897
C,0,C_w0,0.49392015095169944,0.3395162601986409
C,1,C_w1,0.07232972167563798,0.08096494315240438
C,2,C_w2,0.1925158388667304,0.22061670194533584
C,3,C_w3,0.25008930530178974,0.2199563866175867
C,4,C_w4,0.24274683249222265,0.25495890823058254
C,5,C_w5,0.23462926035336434,0.22973734064328316
C,6,C_w6,0.20720182463844503,0.22833138575347212
C,7,C_w7,0.16297435149178285,0.2076638991881475
C,8,C_w8,0.24359567597911,0.23199309919753977
C,9,C_w9,0.15199869005499644,0.17198782230749246
C,10,C_w10,0.10654951619194018,0.15325523477174555
C,11,C_w11,0.09889354815338566,0.12821223241864274
C,12,C_w12,0.11421402953207513,0.15361489808256065
C,13,C_w13,0.11517016437283512,0.13624461638571925
C,14,C_w14,0.15472550484119432,0.17569691037733476
C,15,C_w15,0.13296778309629126,0.15601790607981159
C,16,C_w16,0.3085482533152824,0.304707060797949
C,17,C_w17,0.3067762045037625,0.29855306243508434
C,18,C_w18,0.18628644020091403,0.19189328092986757
C,19,C_w19,0.22971440398278895,0.22664840949900986
C,20,C_w20,0.20466643903435675,0.17974217865315215
C,21,C_w21,0.2011400735596761,0.17442680257039445
C,22,C_w22,0.10122911536964205,0.12150333169541613
C,23,C_w23,0.11389057149291083,0.14829131825665667
C,24,C_w24,0.19463046844162887,0.21514228071243732
C,25,C_w25,0.198500511598359,0.20938433985360874
C,26,C_w26,0.1938901155369924,0.16420577129517008
C,27,C_w27,0.1717588043891349,0.13147239742302372
C,28,C_w28,0.17221679658303682,0.15779381535631298
C,29,C_w29,0.12299731594297798,0.1749520246216303
C,30,C_w30,0.13837955019270334,0.15434747445028085
C,31,C_w31,0.12234655029973725,0.14688731593727922
C,32,C_w32,0.20430031484934674,0.1989007630107148
C,33,C_w33,0.13111123111910905,0.15633665050764511
C,34,C_w34,0.05855906432606306,0.11164950410628662
C,35,C_w35,0.14269661486817264,0.16741710976572163
C,36,C_w36,0.17471275042890225,0.20158154083831456
C,37,C_w37,0.13886875293201784,0.18256794875470211
C,38,C_w38,0.26926660655615253,0.2647019166311842
C,39,C_w39,0.2913953980797094,0.25748925591563926
C,40,C_w40,0.12455226422284273,0.18164677468437862
C,41,C_w41,0.31535077949730683,0.2609346792670709
C,42,C_w42,0.2922036021866597,0.1951087740056327
C,43,C_w43,0.20166466969990338,0.22125805575101526
C,44,C_w44,0.19232510149353388,0.20418379643374035
C,45,C_w45,0.1414038597642943,0.157673112527534
C,46,C_w46,0.22939180315364172,0.18268157829350806
C,47,C_w47,0.1740587222909513,0.16508483380036976
C,48,C_w48,0.1958504228397159,0.17887680636988484
C,49,C_w49,0.2054843301639528,0.2234744742330808
C,50,C_w50,0.22681605085443995,0.20530641777952954
C,51,C_w51,0.19079869508663375,0.172219581775817
C,52,C_w52,0.1481838770603381,0.15318529679834222
C,53,C_w53,0.15230538847108052,0.15283034981603796
C,54,C_w54,0.2646556365288806,0.2107960591759806
C,55,C_w55,0.21749828375138508,0.17515693157077383
C,56,C_w56,0.13306325777497446,0.1511894360059038
C,57,C_w57,0.15595306425791441,0.1541718489734795
C,58,C_w58,0.15080646515161636,0.14759383535948628
C,59,C_w59,0.1449288276298303,0.13894938844467425
C,60,C_w60,0.13323008027653882,0.1519480226846691
C,61,C_w61,0.17718066383801362,0.15590848082029057
C,62,C_w62,0.22006538516897745,0.22324572860048775
C,63,C_w63,0.2195328425284836,0.21086570034561017
C,64,C_w64,0.15101769266576692,0.14990927152295858
C,65,C_w65,0.15136500424076615,0.17303049564430478
C,66,C_w66,0.2013350251463469,0.21260496117701885
C,67,C_w67,0.23640331491453903,0.18023069933273198
C,68,C_w68,0.2245278760490888,0.20224352701308082
C,69,C_w69,0.16975043512934798,0.19215165960403155
C,70,C_w70,0.18194400140496267,0.17402978788860227
C,71,C_w71,0.21772159013113912,0.19200750838107708
C,72,C_w72,0.25449365953266107,0.18707665701663426
C,73,C_w73,0.1989116069628376,0.1740644551048462
C,74,C_w74,0.23669403562766883,0.20000474702819376
C,75,C_w75,0.16661632940814264,0.1353772135885451
C,76,C_w76,0.1522889159220813,0.14706954731416794
C,77,C_w77,0.15767065301060845,0.15532465439935342
C,78,C_w78,0.1790014712106948,0.19835656834299906
C,79,C_w79,0.19164099875546498,0.1860447289940826
C,80,C_w80,0.17073469342313707,0.1842597307300457
C,81,C_w81,0.1737954849814446,0.1732749797273753
C,82,C_w82,0.16536875315610872,0.12434533563669367
C,83,C_w83,0.22074252417870074,0.17507570742127074
C,84,C_w84,0.20589296488666836,0.18103425206833162
C,85,C_w85,0.1955467311934548,0.19034748107181623
C,86,C_w86,0.23672845790265407,0.20009702321105305
C,87,C_w87,0.14754205214756994,0.15255823870621937
C,88,C_w88,0.14444933220158787,0.1786853191235309
C,89,C_w89,0.1397661683462119,0.16816433797718408
C,90,C_w90,0.16566522836460168,0.1609384202722984
C,91,C_w91,0.13547542574750632,0.15605274818536627
C,92,C_w92,0.20560652818934838,0.18305938724752002
C,93,C_w93,0.2077211230650821,0.16261845588408005
C,94,C_w94,0.1415359999835988,0.15443308635169709
C,95,C_w95,0.16053700737580526,0.16477650306488995
C,96,C_w96,0.14287308563658216,0.16799172262201015
C,97,C_w97,0.16653057698559084,0.1876074836159888
C,98,C_w98,0.2220251604636858,0.17785172909521424
C,99,C_w99,0.16827115617525976,0.14282817977229167
C,100,C_w100,0.16074336884792226,0.18473759972727422
C,101,C_w101,0.24217772087056133,0.151495901213376
C,102,C_w102,0.1621282952025747,0.1565577132483375
C,103,C_w103,0.17077062182585795,0.16991933030541315
C,104,C_w104,0.1250608903730752,0.14380833421010733
C,105,C_w105,0.15683847787485028,0.14681565427068635
C,106,C_w106,0.13019343729925628,0.12941915480456948
C,107,C_w107,0.23508305604408952,0.16369962678610378
C,108,C_w108,0.15513725936259654,0.12647942886869595
C,109,C_w109,0.14788947210537054,0.1557995338151499
C,110,C_w110,0.1954100569320479,0.15984031856237607
C,111,C_w111,0.19489294564071077,0.18031307082433068
C,112,C_w112,0.17046137659023128,0.1668329448692059
C,113,C_w113,0.1977496298862224,0.1734358363602999
C,114,C_w114,0.20949456552886098,0.20281021733051466
C,115,C_w115,0.21102926537735198,0.21241190559415402
C,116,C_w116,0.278356765878389,0.24872031280322268
C,117,C_w117,0.20829187756393364,0.21095968832711612
C,118,C_w118,0.2174976863448849,0.19846909255788228
C,119,C_w119,0.21396603400798966,0.1892315817400098
C,120,C_w120,0.21329207984926912,0.20050678420266252
C,121,C_w121,0.17000687408468756,0.1772774046476089
C,122,C_w122,0.17052964563113254,0.15251536957649742
C,123,C_w123,0.13964131538095528,0.16197720729289333
C,124,C_w124,0.17228885817889267,0.16278690089098655
C,125,C_w125,0.21412445193877666,0.16358282901065144
C,126,C_w126,0.1489397177574105,0.1605956645309127
C,127,C_w127,0.14258026877086002,0.15805480568768687
C,128,C_w128,0.16492030227325521,0.17720345535578488
C,129,C_w129,0.1947697056625188,0.1802908333474194
C,130,C_w130,0.2473638059929128,0.20947244438425563
C,131,C_w131,0.16869794811089706,0.17787449925273635
C,132,C_w132,0.19866909021440413,0.1584977472341123
C,133,C_w133,0.17249900710742488,0.17957250148463194
C,134,C_w134,0.1870086315256609,0.20584402007844158
C,135,C_w135,0.18565643226124287,0.22487457779881587
C,136,C_w136,0.1837904058550173,0.14177167272983845
C,137,C_w137,0.2546066000086803,0.22399409325543057
C,138,C_w138,0.21111597938625357,0.1685917642305016
C,139,C_w139,0.23414585384089426,0.1847256598591505
C,140,C_w140,0.2337568996867369,0.20831049266143783
C,141,C_w141,0.28316741504646686,0.2435712053662731
C,142,C_w142,0.28806207377959264,0.22356176804793212
C,143,C_w143,0.24131983980868355,0.22575776001060535
C,144,C_w144,0.23261005033235044,0.22620752538205693
C,145,C_w145,0.2604263478493868,0.19793135638255022
C,146,C_w146,0.18955416132660718,0.12344121672930927
C,147,C_w147,0.1587324207000712,0.14301167489005345
C,148,C_w148,0.19967703041036602,0.20686849515058392
C,149,C_w149,0.2249550091121862,0.20244118292787971
C,150,C_w150,0.22258537547928656,0.1773843065484639
C,151,C_w151,0.14226960487452434,0.15146127214368396
C,152,C_w152,0.18160488171557104,0.17429013809438093
C,153,C_w153,0.20611334983168367,0.1594662525995025
C,154,C_w154,0.2561886725559171,0.2175572269348968
C,155,C_w155,0.1603647675320183,0.1600838225214659
C,156,C_w156,0.1742820361593927,0.15778874538257523
C,157,C_w157,0.19256025887439843,0.20279320579129267
C,158,C_w158,0.3321978218828691,0.31054041556683853
C,159,C_w159,0.3189634421809202,0.3244654629891601
C,160,C_w160,0.19371344654217654,0.16573466295604458
C,161,C_w161,0.27567355622052997,0.21668936005814232
C,162,C_w162,0.22628926414343128,0.18222216623496532
C,163,C_w163,0.1511571657907687,0.1505172399214695
C,164,C_w164,0.20734375855515255,0.18978817015591293
C,165,C_w165,0.1767019527424451,0.14643705316693603
C,166,C_w166,0.2605555075771407,0.2248520787264722
C,167,C_w167,0.20500164183747893,0.2219488159482473
C,168,C_w168,0.3510891489032128,0.27756654305335876
C,169,C_w169,0.22228658662944034,0.14612935846194564
C,170,C_w170,0.16798436630133487,0.12723212791206043
C,171,C_w171,0.3892642925617268,0.36840375743616827
C,172,C_w172,0.12252346289113225,0.1022178664021854
C,173,C_w173,0.11079206400964584,0.11732724231973145
C,174,C_w174,0.18824447705756633,0.1634264456782733
C,175,C_w175,0.07381620182003587,0.12527724782092411
C,176,C_w176,0.22431792466485773,0.1819887425167776
C,177,C_w177,0.1436791910489815,0.17013231408265422
C,178,C_w178,0.29070950635428633,0.2659128948078596
C,179,C_w179,0.2242318487258532,0.23378608707923454
C,180,C_w180,0.27027617302174134,0.2946282069862921
C,181,C_w181,0.26085543053710414,0.2510247955256334
C,182,C_w182,0.2762880076402647,0.25552239902118296
C,183,C_w183,0.24630590651600293,0.19612048782394823
C,184,C_w184,0.3664211540642466,0.25240409397676145
C,185,C_w185,0.37353532710460297,0.29239173842299143
C,186,C_w186,0.21231637673550005,0.16740455632990778
C,187,C_w187,0.2700332859481672,0.23161030296081858
C,188,C_w188,0.45127994790464443,0.4009593538141377
C,189,C_w189,0.2740250838114124,0.30795794670649773
C,190,C_w190,0.38595288339329237,0.32377758621722497
C,191,C_w191,0.16897139723343546,0.1615884917056634
C,192,C_w192,0.4542057039395603,0.4031111772668048
C,193,C_w193,0.34248162338616917,0.26704513003297886
C,194,C_w194,0.2202086666553905,0.2111308310242467
C,195,C_w195,0.3147397875767832,0.30881645176886213
C,196,C_w196,0.24357303804625868,0.21729595627018963
C,197,C_w197,0.03454447689587701,0.02155518583809484
C,198,C_w198,0.010108465070282303,0.017292494310733635
C,199,C_w199,0.00012795525405420654,0.009934894673373471
C,200,C_w200,0.0,0.012591315696211042
C,201,C_w201,0.00012795525405420654,0.01873133339016178
D,0,D_w0,0.6215631684437489,0.5306412846246771
D,1,D_w1,0.20703703311136207,0.24323685547305454
D,2,D_w2,0.23968971612387902,0.23960982491112984
D,3,D_w3,0.23766608800384123,0.2755389738303179
D,4,D_w4,0.2512773585584144,0.27164690328753377
D,5,D_w5,0.33280389730705934,0.28996084548565937
D,6,D_w6,0.30094424316128365,0.30063112338170955
D,7,D_w7,0.214328293392585,0.24991958155095287
D,8,D_w8,0.20892520409906493,0.26820773558681826
D,9,D_w9,0.17296213633293164,0.21141378445592154
D,10,D_w10,0.19147766415757575,0.21644836302179582
D,11,D_w11,0.18195299853312866,0.21423072717382213
D,12,D_w12,0.20480592218116275,0.23962473807451115
D,13,D_w13,0.23585454111516857,0.216579152565082
D,14,D_w14,0.19402396392436508,0.20665144290564869
D,15,D_w15,0.15380873203496312,0.15025794181334867
D,16,D_w16,0.19323224599735653,0.17625702403679933
D,17,D_w17,0.17253946985681143,0.16630634961729596
D,18,D_w18,0.19863515878835009,0.15850920597223148
D,19,D_w19,0.12427929181981973,0.1651097978306042
D,20,D_w20,0.1381802494768743,0.1633289391784579
D,21,D_w21,0.18874076987833485,0.1871293861727787
D,22,D_w22,0.2008073075362423,0.2007500295120123
D,23,D_w23,0.14656966593024245,0.19266939640002148
D,24,D_w24,0.1269481991372261,0.12385226241627248
D,25,D_w25,0.0894741468398716,0.09277706664318626
D,26,D_w26,0.15424747735479885,0.16218669331724211
D,27,D_w27,0.21728633035277242,0.20599569667794443
D,28,D_w28,0.11301146057097738,0.1459044894449186
D,29,D_w29,0.15695691157975464,0.15838941230309145
D,30,D_w30,0.2033778708093863,0.20466522460995992
D,31,D_w31,0.15058745824417163,0.17884485117703097
D,32,D_w32,0.15287802457655908,0.16969122557294408
D,33,D_w33,0.13822999966314772,0.15180511891864235
D,34,D_w34,0.15299733983170544,0.16445885605195687
D,35,D_w35,0.1382102801669612,0.16436736141685948
D,36,D_w36,0.19143098683216034,0.23803276625714326
D,37,D_w37,0.2025508891385149,0.20428653369126595
D,38,D_w38,0.16534072218017498,0.1639161461656825
D,39,D_w39,0.11985864129805217,0.15468934080715707
D,40,D_w40,0.14250006347265232,0.174628640122192
D,41,D_w41,0.14922086584143254,0.13747855546405274
D,42,D_w42,0.17832831942956126,0.17745642943756443
D,43,D_w43,0.11722226428107234,0.1638378558032459
D,44,D_w44,0.12904629128401363,0.16070147371821894
D,45,D_w45,0.1778733620528137,0.22170610950242345
D,46,D_w46,0.20500965658172585,0.2235383195909024
D,47,D_w47,0.1837485165847723,0.16624251399659107
D,48,D_w48,0.13460141418811847,0.17221042162544287
D,49,D_w49,0.12889566045036763,0.17699599194404253
D,50,D_w50,0.14756939887957188,0.19179206564624207
D,51,D_w51,0.1823699244171387,0.19630731492102627
D,52,D_w52,0.15868068289738688,0.20241443387428332
D,53,D_w53,0.16097120700583312,0.2115120669287004
D,54,D_w54,0.15420159744939022,0.147448198765336
D,55,D_w55,0.20617475321820047,0.1897160056153525
D,56,D_w56,0.17831944766229246,0.18046970116457278
D,57,D_w57,0.16595380634946996,0.18133740181070315
D,58,D_w58,0.19179546611946,0.16114932233968318
D,59,D_w59,0.1819208110471121,0.1766414035896332
D,60,D_w60,0.20538971335186712,0.15864311317461033
D,61,D_w61,0.19499536516866164,0.15961062305062368
D,62,D_w62,0.19700905832333676,0.17132242816794804
D,63,D_w63,0.19683862452595605,0.1874562809465059
D,64,D_w64,0.18005555536299367,0.1709867022877631
D,65,D_w65,0.1696529897364895,0.1417390399818074
D,66,D_w66,0.16396375270577498,0.15211670259736965
D,67,D_w67,0.15628547024354347,0.16830192159737048
D,68,D_w68,0.1498143394900546,0.16644875703434384
D,69,D_w69,0.1329874481942507,0.17141321926502454
D,70,D_w70,0.15914569457396832,0.17350135737537362
D,71,D_w71,0.1568913698449655,0.1876456774191159
D,72,D_w72,0.15410010375504934,0.1796721232688697
D,73,D_w73,0.2180611243271019,0.22500015387703154
D,74,D_w74,0.19271755465677276,0.24113450470414952
D,75,D_w75,0.21145548857266494,0.2506642567177682
D,76,D_w76,0.20869709805967207,0.24488239431934564
D,77,D_w77,0.1849418525800057,0.1944838270608107
D,78,D_w78,0.20376519759690587,0.23390312900394594
D,79,D_w79,0.15619849443593645,0.16517227735128523
D,80,D_w80,0.1448129960707606,0.166354018404535
D,81,D_w81,0.14045777078755317,0.15605784112517712
D,82,D_w82,0.1421713684004304,0.15216878173533596
D,83,D_w83,0.14294274855901248,0.15824773874292425
D,84,D_w84,0.10811682354892983,0.13806307158238415
D,85,D_w85,0.11975791279776268,0.15278576790198167
D,86,D_w86,0.10099322846860191,0.15595521441005047
D,87,D_w87,0.10931331174038528,0.13260471065740329
D,88,D_w88,0.16575904988749254,0.16942917317945513
D,89,D_w89,0.17143638733030156,0.17792147503078828
D,90,D_w90,0.14665882597434568,0.17458438264841403
D,91,D_w91,0.16248837646753717,0.18542450739070063
D,92,D_w92,0.19796894425195427,0.19083374386707344
D,93,D_w93,0.1264374844831361,0.1590900017031071
D,94,D_w94,0.11525438611583969,0.1639558026725213
D,95,D_w95,0.13943102694266252,0.18399167560444354
D,96,D_w96,0.1620521609196188,0.18368680777720983
D,97,D_w97,0.15777318951988986,0.18156060749602007
D,98,D_w98,0.22606508889266075,0.17802208775245296
D,99,D_w99,0.17890676707739878,0.18293077284432116
D,100,D_w100,0.18538021785614783,0.18045444342311986
D,101,D_w101,0.14992047797773117,0.16335506304075814
D,102,D_w102,0.1385120115864945,0.15897629767117322
D,103,D_w103,0.15445694368911853,0.1733425750672744
D,104,D_w104,0.16280132244726447,0.16415519718398622
D,105,D_w105,0.15252553272237132,0.15831448421754024
D,106,D_w106,0.14733124023555286,0.1741668375703854
D,107,D_w107,0.12485453058466763,0.1641028272411827
D,108,D_w108,0.12939947634068272,0.1759370120125564
D,109,D_w109,0.16443520458180827,0.17214045079543194
D,110,D_w110,0.13814943451003073,0.14091804599943208
D,111,D_w111,0.11922960961894412,0.14188721052695125
D,112,D_w112,0.13484032253651607,0.11611869187428304
D,113,D_w113,0.16741127968026615,0.15806254284285604
D,114,D_w114,0.16434543644194483,0.14908149820520317
D,115,D_w115,0.12417790119738722,0.16022712705686798
D,116,D_w116,0.18621761187097413,0.1646536809464041
D,117,D_w117,0.11564742445874315,0.1414227574801855
D,118,D_w118,0.1260491338660032,0.13849868758551853
D,119,D_w119,0.17737720725783698,0.15541056139927578
D,120,D_w120,0.1454041357594231,0.1588183181876249
D,121,D_w121,0.15103742786791008,0.17183800290680637
D,122,D_w122,0.13537254744731034,0.17284569615593443
D,123,D_w123,0.13973536978588338,0.16452274633542893
D,124,D_w124,0.14957024201955635,0.17207093005159232
D,125,D_w125,0.118669195988925,0.14469800848483763
D,126,D_w126,0.10026390218924765,0.15492257318524405
D,127,D_w127,0.10119313173059737,0.16493085105818642
D,128,D_w128,0.11652418955212643,0.15193314430608432
D,129,D_w129,0.13639176657077023,0.15764752800443274
D,130,D_w130,0.12705357007173687,0.1547966741173326
D,131,D_w131,0.18617952708620517,0.16727971554942797
D,132,D_w132,0.19346696608596523,0.15974138152401607
D,133,D_w133,0.12990824055176814,0.15466355445059873
D,134,D_w134,0.1207395490732774,0.15612983007128023
D,135,D_w135,0.1294942944958786,0.15704704445099835
D,136,D_w136,0.09852095167076129,0.13531281209426224
D,137,D_w137,0.09433955946410315,0.13439018120343463
D,138,D_w138,0.12317988401393884,0.1391131835466126
D,139,D_w139,0.16377124589975023,0.14891742234508784
D,140,D_w140,0.14063079701531625,0.1424043226154628
D,141,D_w141,0.14078812628784768,0.1619251746579613
D,142,D_w142,0.13965191489801682,0.14733285540827312
D,143,D_w143,0.18659854026845182,0.18632902260596132
D,144,D_w144,0.2062140598869606,0.1701501582236029
D,145,D_w145,0.17497417469068852,0.16603543119069505
D,146,D_w146,0.15184327972295858,0.15503162740289708
D,147,D_w147,0.12129014472705404,0.16339673884730185
D,148,D_w148,0.2078020347000624,0.21484087224342993
D,149,D_w149,0.181173796591689,0.16614081766778865
D,150,D_w150,0.18518019932485125,0.17753373270257974
D,151,D_w151,0.12017488598135538,0.15847454872207975
D,152,D_w152,0.14908299083515753,0.17323511487651758
D,153,D_w153,0.19088343825326357,0.19140679847070036
D,154,D_w154,0.1875851250085453,0.18717241783080782
D,155,D_w155,0.17058728162271444,0.15952977484990155
D,156,D_w156,0.1648093523514039,0.19400420026400883
D,157,D_w157,0.22407251744041218,0.19443715615525303
D,158,D_w158,0.2030264178090617,0.1528314984266806
D,159,D_w159,0.1753083556455757,0.13675209352729548
D,160,D_w160,0.14422387433790174,0.1513250590000941
D,161,D_w161,0.16864924459458244,0.1610127055869494
D,162,D_w162,0.16970824934093848,0.1637478542829838
D,163,D_w163,0.16955693310326383,0.16588137569678107
D,164,D_w164,0.15538497629824727,0.17787404484931274
D,165,D_w165,0.1430823326101425,0.15748020541863308
D,166,D_w166,0.21085727541298524,0.17848860876269831
D,167,D_w167,0.19584779854113252,0.18242216408924702
D,168,D_w168,0.20553659248996758,0.18587644233016662
D,169,D_w169,0.21846075007297977,0.23583310451596592
D,170,D_w170,0.18655240783353583,0.21003317320504827
D,171,D_w171,0.26462903714173125,0.26280601770303613
D,172,D_w172,0.18722168388216748,0.15527174731589694
D,173,D_w173,0.15111296700827717,0.13609611863880983
D,174,D_w174,0.19098147732903484,0.20394384659971304
D,175,D_w175,0.15793605665718088,0.1655126538151429
D,176,D_w176,0.14966350800575712,0.1318517232079101
D,177,D_w177,0.14886632224188076,0.15158782044005414
D,178,D_w178,0.12031929901422661,0.1426222939775892
D,179,D_w179,0.15308036329969257,0.16359434644870205
D,180,D_w180,0.15852147060971777,0.1796102858213371
D,181,D_w181,0.11022495250189122,0.1566589119224961
D,182,D_w182,0.2743215687023684,0.28030137766128127
D,183,D_w183,0.19769398702342325,0.19547026688824412
D,184,D_w184,0.16884398702408346,0.1634138960912785
D,185,D_w185,0.1364761952826394,0.15575251254670117
D,186,D_w186,0.14276962337789845,0.1783265757749307
D,187,D_w187,0.1636662468894688,0.19854872188605469
D,188,D_w188,0.21141573767271998,0.2164453292655397
D,189,D_w189,0.1627369481078928,0.16144144746630995
D,190,D_w190,0.17570288303491433,0.17704935485462397
D,191,D_w191,0.12436801032472328,0.13129461751846697
D,192,D_w192,0.10412711296272387,0.14884906660568453
D,193,D_w193,0.1609795481819888,0.17891912938712023
D,194,D_w194,0.11421275363739136,0.13215944736989568
D,195,D_w195,0.16404461117175162,0.182878726848999
D,196,D_w196,0.1518133560141603,0.220630702730694
D,197,D_w197,0.2237230294906106,0.21231167433440049
D,198,D_w198,0.06983567895978404,0.09732281892278519
D,199,D_w199,0.09284085832749867,0.13817390463653234
D,200,D_w200,0.16910164704987385,0.16295709081972592
D,201,D_w201,0.23669941881191878,0.22239208194650711
D,202,D_w202,0.25629599304602674,0.2520602055589934
D,203,D_w203,0.1544607228166322,0.15119346121897403
D,204,D_w204,0.2094099961957623,0.17648712897388655
D,205,D_w205,0.1452818344752852,0.1762136107690936
D,206,D_w206,0.1179400844535108,0.1728682279235038
D,207,D_w207,0.2257073389910641,0.2119584477726665
D,208,D_w208,0.2544246716222852,0.26878046248076626
D,209,D_w209,0.19867674282935205,0.22558236125280612
D,210,D_w210,0.16229982861302264,0.1669469016432977
D,211,D_w211,0.10549886428090383,0.1254461052106929
D,212,D_w212,0.11847244406232565,0.14493724496917745
D,213,D_w213,0.18351247153421177,0.18602860579841637
D,214,D_w214,0.13703045730150723,0.17656221326482174
D,215,D_w215,0.16009156662433785,0.1807618193320416
D,216,D_w216,0.11759036367690799,0.1881251502953495
D,217,D_w217,0.13865538923969886,0.1320208983868132
D,218,D_w218,0.2943700534294253,0.2265666690707761
D,219,D_w219,0.16192476467733213,0.17582599286395606
D,220,D_w220,0.17678606862796165,0.2266084820570362
D,221,D_w221,0.20329643968053154,0.2806223162361193
D,222,D_w222,0.2771394735637971,0.21087987804718658
D,223,D_w223,0.17957485920812744,0.18710608413047716
D,224,D_w224,0.13060966110017092,0.15110062698609267
D,225,D_w225,0.163888996400865,0.1629602942954345
D,226,D_w226,0.07262591543784025,0.10581742302396492
D,227,D_w227,0.10174463157291858,0.1461153196641097
D,228,D_w228,0.10439243664282291,0.12309244806809241
D,229,D_w229,0.2701437326507804,0.26337733156241366
D,230,D_w230,0.15243204637489502,0.14891619626736569
D,231,D_w231,0.12453486505180714,0.14053710900966473
D,232,D_w232,0.09700592850502274,0.14018109569275633
D,233,D_w233,0.10624928930256425,0.1664851364946777
D,234,D_w234,0.12212484933322626,0.13277618797075563
D,235,D_w235,0.10361449384757412,0.1530274840202545
D,236,D_w236,0.12918583326937055,0.14934001770460095
D,237,D_w237,0.2058612485105263,0.20492134129144518
D,238,D_w238,0.18873605136402305,0.2435201720716406
D,239,D_w239,0.19390271930222672,0.2042984635866625
D,240,D_w240,0.173307923813603,0.190533339554313
D,241,D_w241,0.14531392306397803,0.18000298729990294
D,242,D_w242,0.31242846135345925,0.2746616023744379
D,243,D_w243,0.15741833451866788,0.16515734050624678
D,244,D_w244,0.22167872744050734,0.22713073783735682
D,245,D_w245,0.2298034770163966,0.19494215175933727
D,246,D_w246,0.16890275575446717,0.17376057802716036
D,247,D_w247,0.2037666214835315,0.2178528648495467
D,248,D_w248,0.15773734155316385,0.16763967944155012
D,249,D_w249,0.17567576284819197,0.17044659104861148
D,250,D_w250,0.275672442004301,0.21672943473328202
D,251,D_w251,0.13481272648810708,0.15280240844195445
D,252,D_w252,0.1343317552548398,0.12132641947238415
D,253,D_w253,0.15809090627293565,0.15859628444604118
D,254,D_w254,0.2714589446686855,0.2712946484670873
D,255,D_w255,0.26857759541845017,0.24374823917967794
D,256,D_w256,0.2375605064171146,0.1932391253314568
D,257,D_w257,0.12757331191810403,0.10254874432921258
D,258,D_w258,0.06353353788417085,0.09718719872089487
D,259,D_w259,0.15351952550471457,0.16405281087015944
D,260,D_w260,0.295237805577185,0.2717576353802308
D,261,D_w261,0.09116969298277698,0.13264659450810967
D,262,D_w262,0.18013449894485953,0.13626389472281597
D,263,D_w263,0.007677315243252378,0.010668235400552634
E,0,E_w0,0.8378226297562354,0.5715218508862626
E,1,E_w1,0.03984456954744103,0.12455942284148637
E,2,E_w2,0.062228502326494066,0.0985251109576375
E,3,E_w3,0.06184463656433145,0.09284336585046828
E,4,E_w4,0.06551466516306313,0.09277003376676189
E,5,E_w5,0.2512813826003464,0.2412134612990237
E,6,E_w6,0.1631603947137701,0.1747931744682637
E,7,E_w7,0.14815931832999074,0.200776698943753
E,8,E_w8,0.2244975407331075,0.21528775249379933
E,9,E_w9,0.30369065208204765,0.2656356562855167
E,10,E_w10,0.2803088485877696,0.24742509661381015
E,11,E_w11,0.39210412248253484,0.3031195719702422
E,12,E_w12,0.21771629939437948,0.24529346724926998
E,13,E_w13,0.2541039674326438,0.2390536023035144
E,14,E_w14,0.17899008366937952,0.1591468057919587
E,15,E_w15,0.16271826168331072,0.16379523031003218
E,16,E_w16,0.26344088734562,0.2216448975840748
E,17,E_w17,0.1626274841019409,0.15701143715536187
E,18,E_w18,0.11692836803289391,0.14920549700547295
E,19,E_w19,0.13514420408823205,0.17608068938149762
E,20,E_w20,0.18392017340941627,0.1849580435602404
E,21,E_w21,0.25810831819592317,0.2376516004224584
E,22,E_w22,0.3129777211132386,0.27831969842726445
E,23,E_w23,0.22258085542739095,0.204580315434713
E,24,E_w24,0.24860466645520496,0.21995089956791855
E,25,E_w25,0.2631475150886557,0.2559781541935297
E,26,E_w26,0.179561585928725,0.14940742132584908
E,27,E_w27,0.224967382533837,0.19549346863303743
E,28,E_w28,0.1588349410864618,0.17519301634675186
E,29,E_w29,0.1686983303468122,0.16676964560062632
E,30,E_w30,0.14779227076946724,0.15752297192079825
E,31,E_w31,0.16447666930251295,0.16118402196940768
E,32,E_w32,0.23349856191975035,0.17594909407403087
E,33,E_w33,0.25625305686239436,0.2145956473769507
E,34,E_w34,0.22390492179264468,0.2074682598350982
E,35,E_w35,0.19672184502506018,0.16822669555029132
E,36,E_w36,0.13921668168727014,0.1449158664629419
E,37,E_w37,0.30683719899828615,0.24420340926319356
E,38,E_w38,0.12960604607713772,0.20956844438773461
E,39,E_w39,0.14726171578464645,0.21108435590404548
E,40,E_w40,0.1637094806151618,0.20340786671442257
E,41,E_w41,0.1392452776400457,0.1995441141086925
E,42,E_w42,0.23700500063720972,0.2311415339446535
E,43,E_w43,0.27385993934196806,0.22641985105980247
E,44,E_w44,0.13733931350831372,0.14375171413122875
E,45,E_w45,0.12115547779013133,0.14392033094333534
E,46,E_w46,0.1728797765480796,0.18314340733324677
E,47,E_w47,0.18802130961474456,0.16566897549107829
E,48,E_w48,0.16634381493324274,0.15607103393373448
E,49,E_w49,0.2151344733689716,0.2016269908115129
E,50,E_w50,0.16650148417411822,0.16149173525122754
E,51,E_w51,0.16309039877300027,0.1574481545678802
E,52,E_w52,0.17790448079014043,0.15983474192489855
E,53,E_w53,0.26294349926239774,0.18268771797171396
E,54,E_w54,0.21229406160637906,0.17227887754506588
E,55,E_w55,0.18007260579029605,0.17448956343699895
E,56,E_w56,0.17301884182218286,0.174677163007422
E,57,E_w57,0.2334187874862117,0.21617715735337933
E,58,E_w58,0.16995067142340206,0.17424801299159184
E,59,E_w59,0.16785275823004786,0.15878083234160442
E,60,E_w60,0.18819075159415233,0.17056152384504164
E,61,E_w61,0.23262687696423306,0.1572078330477534
E,62,E_w62,0.1909475900326249,0.1805665374649116
E,63,E_w63,0.2016533567297197,0.18099775918169997
E,64,E_w64,0.19038932918781032,0.18300352085971178
E,65,E_w65,0.21580933764597846,0.18589538632218702
E,66,E_w66,0.20025094269771826,0.184220227131666
E,67,E_w67,0.2140039688942361,0.1908385292992535
E,68,E_w68,0.22184756328809335,0.1632570061788914
E,69,E_w69,0.1723753426046841,0.15649699813711826
E,70,E_w70,0.16487966791934144,0.15807922247151007
E,71,E_w71,0.1435707356891424,0.15709383510255068
E,72,E_w72,0.1626633939510961,0.18450272093209716
E,73,E_w73,0.16418960912461475,0.18903527798610806
E,74,E_w74,0.13452877299392,0.1190336824722138
E,75,E_w75,0.12306619409414994,0.15671602641128213
E,76,E_w76,0.1713914270116318,0.16843002567569687
E,77,E_w77,0.1489563737573456,0.13016537174758014
E,78,E_w78,0.15397622920618764,0.12334504834364644
E,79,E_w79,0.09290085802848538,0.11552019726155777
E,80,E_w80,0.09997867680221592,0.11082923348355397
E,81,E_w81,0.1372405885757589,0.16195049845514692
E,82,E_w82,0.13262340892435354,0.1699158738204001
E,83,E_w83,0.15292360204345323,0.15879145313443307
E,84,E_w84,0.1377477389339725,0.14945803579519476
E,85,E_w85,0.14652841964962784,0.15230312534867557
E,86,E_w86,0.1806997490944258,0.161322779400411
E,87,E_w87,0.1856802889418372,0.152206692608477
E,88,E_w88,0.16769244132840735,0.13747855546405274
E,89,E_w89,0.16166667027573334,0.143720284221949
E,90,E_w90,0.13880243837527456,0.1491440065299934
E,91,E_w91,0.11901030117390114,0.1143605830320041
E,92,E_w92,0.10302757802351488,0.12661521899288525
E,93,E_w93,0.39633791922397293,0.23470143578032107
E,94,E_w94,0.14955974963027147,0.1389239780811839
E,95,E_w95,0.16355579107710494,0.11773324247295229
E,96,E_w96,0.13089660889664917,0.12048737282194318
E,97,E_w97,0.11021855978979075,0.10685653403102535
E,98,E_w98,0.1453798693871497,0.14899232731544845
E,99,E_w99,0.1667959062642798,0.16511845595395672
E,100,E_w100,0.22468872744206905,0.22405633490336524
E,101,E_w101,0.14149423157936167,0.14806230728427416
E,102,E_w102,0.15869200947447756,0.14592947900947204
E,103,E_w103,0.14546476996734364,0.14376455012691355
E,104,E_w104,0.1579397469190975,0.14947818665134432
E,105,E_w105,0.12411833072846633,0.1149470116543221
E,106,E_w106,0.11664587239927036,0.1431371731067526
E,107,E_w107,0.11187650940036506,0.11510613193662605
E,108,E_w108,0.113513523081745,0.13918796604829003
E,109,E_w109,0.13596604061872467,0.13002008755757888
E,110,E_w110,0.19135892467677065,0.16189145397587693
E,111,E_w111,0.21875384950946264,0.16609206225204334
E,112,E_w112,0.1690116189960463,0.14259890424555427
E,113,E_w113,0.1431386840305251,0.13360866013694936
E,114,E_w114,0.19274750259644366,0.14646875342981522
E,115,E_w115,0.15828996958570804,0.1481062819412673
E,116,E_w116,0.21377690408206734,0.17144011203167137
E,117,E_w117,0.16193629890498307,0.14230320480446565
E,118,E_w118,0.12714247835032227,0.1717737845837957
E,119,E_w119,0.15577591767848897,0.14217422866288792
E,120,E_w120,0.16622620806646693,0.1446937447537362
E,121,E_w121,0.14513018722080664,0.13903294072876543
E,122,E_w122,0.13013257379025614,0.1268916377873591
E,123,E_w123,0.09883697053028397,0.10313113585441913
E,124,E_w124,0.10356900641878111,0.10833029024077076
E,125,E_w125,0.16014717275068657,0.14069647290623435
E,126,E_w126,0.14891610428510085,0.14550052614169576
E,127,E_w127,0.11943266821053074,0.11873280680512982
E,128,E_w128,0.13026303288080382,0.12184805262892215
E,129,E_w129,0.1288084407243233,0.14967548021449953
E,130,E_w130,0.20397149330525213,0.17436257269925842
E,131,E_w131,0.19968866048650186,0.16183730886557465
E,132,E_w132,0.1358559995957016,0.14861266964335818
E,133,E_w133,0.12486687068251351,0.15584760632207614
E,134,E_w134,0.16321462048354637,0.15224077189005522
E,135,E_w135,0.1728781108577483,0.1466727217695185
E,136,E_w136,0.19042872269074354,0.18391833245872652
E,137,E_w137,0.2405929310285936,0.15923244806535108
E,138,E_w138,0.1849774753671194,0.160474250787833
E,139,E_w139,0.15677017393783432,0.16155431148777777
E,140,E_w140,0.16563574270845052,0.2075035241452762
E,141,E_w141,0.1936075735781674,0.22154671046294633
E,142,E_w142,0.10377615557828611,0.11562396233272688
E,143,E_w143,0.14887651453994583,0.12897827571352838
E,144,E_w144,0.17710596965308917,0.12825321360932423
E,145,E_w145,0.2233671037642449,0.1696043451646063
E,146,E_w146,0.19539897871825007,0.19524714945237207
E,147,E_w147,0.16684304743077685,0.16650749790091
E,148,E_w148,0.1891439201744043,0.15584463492599218
E,149,E_w149,0.17257897486271911,0.15087528968440442
E,150,E_w150,0.1648115491321343,0.15159080890772855
E,151,E_w151,0.1384391104697131,0.1415270365671019
E,152,E_w152,0.15472138863061263,0.16175687552592546
E,153,E_w153,0.1524627751264854,0.1695211055092131
E,154,E_w154,0.1586245191168341,0.17130917610235902
E,155,E_w155,0.21263010168429233,0.19264714844791445
E,156,E_w156,0.1306415123182676,0.13962412698010054
E,157,E_w157,0.16015581893270328,0.13949245144333616
E,158,E_w158,0.26077288130961407,0.21045919414369033
E,159,E_w159,0.2610168925701179,0.24330428656156708
E,160,E_w160,0.25308199533299686,0.23404192824552228
E,161,E_w161,0.2694292884700628,0.28152219614999463
E,162,E_w162,0.39416196516324276,0.366967893966225
E,163,E_w163,0.224366182981911,0.20079434387367656
E,164,E_w164,0.10840461187072402,0.11408108147542774
E,165,E_w165,0.10547349035801794,0.13148059756174268
E,166,E_w166,0.16348891658877657,0.190557959351767
E,167,E_w167,0.1471551690479985,0.1100428197653136
E,168,E_w168,0.1825765075273297,0.16312870513744135
E,169,E_w169,0.1853281448092781,0.16428971788644275
E,170,E_w170,0.16462909182884036,0.12891781634509977
E,171,E_w171,0.16712120146459564,0.13173325373227066
E,172,E_w172,0.1367321078952737,0.10271258042068596
E,173,E_w173,0.14811694876694811,0.1288764983614306
E,174,E_w174,0.17902024997569493,0.14528868997531846
E,175,E_w175,0.15321979512238984,0.11291550598062614
E,176,E_w176,0.1259671485441967,0.0869930538573046
E,177,E_w177,0.3360639851764692,0.3045913055819161
E,178,E_w178,0.1318452945026851,0.15285042171467433
E,179,E_w179,0.1541197450954623,0.1653167088149371
E,180,E_w180,0.1700268800249792,0.2041821706900885
E,181,E_w181,0.20935946807031758,0.19245255559681754
E,182,E_w182,0.22125922272052248,0.18313625037469344
E,183,E_w183,0.17209606758725018,0.1531794862607645
E,184,E_w184,0.22812939399808116,0.22065731826797175
E,185,E_w185,0.17567488377861348,0.14442954149003842
E,186,E_w186,0.29720578624506355,0.25697414353942694
E,187,E_w187,0.2442650801928263,0.22253311306632037
E,188,E_w188,0.41041662426671743,0.3206000663681253
E,189,E_w189,0.45603608565629106,0.4256381010969037
E,190,E_w190,0.42958230861408037,0.3580250379142594
E,191,E_w191,0.27238953962951584,0.2540589696347642
E,192,E_w192,0.41067594344259384,0.3268612055433327
E,193,E_w193,0.2998446897956923,0.2250661172669699
E,194,E_w194,0.26776255335211546,0.2099124181580069
E,195,E_w195,0.23549263231393683,0.22349275045828446
E,196,E_w196,0.5112436095517613,0.46594168409923603
E,197,E_w197,0.18761054796111393,0.13129776382162175
E,198,E_w198,0.21087185812685033,0.17704512703512934
E,199,E_w199,0.16585763201086282,0.1398491716393897
E,200,E_w200,0.10317497808455386,0.11906697904775629
E,201,E_w201,0.1921838251408529,0.1749681797760678
E,202,E_w202,0.13971279785004295,0.14743771025935223
E,203,E_w203,0.25361174303998707,0.20250504245665582
E,204,E_w204,0.20937036534036083,0.189591874599938
E,205,E_w205,0.21376853556300227,0.191969394730612
E,206,E_w206,0.2167348238484824,0.15585173957218743
E,207,E_w207,0.16720522123899403,0.1166414155108545
E,208,E_w208,0.13905489525351522,0.1668423771629423
E,209,E_w209,0.07326339148562999,0.06319749825235839
E,210,E_w210,0.08249448909119157,0.07482962184372502
E,211,E_w211,0.09425416804212337,0.07998829288200462
E,212,E_w212,0.07734244429443632,0.08944669510758875
E,213,E_w213,0.08246353029645451,0.10088286159195722
E,214,E_w214,0.06270697872764844,0.04645143618403845
E,215,E_w215,0.05476911958859551,0.058014833436320995
E,216,E_w216,0.033587482601897437,0.04355881451182786
E,217,E_w217,0.04656978329964742,0.08237090957087766
E,218,E_w218,0.07472685367218748,0.08190192908027655
E,219,E_w219,0.024433870696933924,0.020798021191395417
E,220,E_w220,0.03128258199902645,0.06591636557109866
E,221,E_w221,0.05770175352688987,0.06706286485739993
E,222,E_w222,0.011708512217299325,0.04181150786651379
E,223,E_w223,0.04445486625460241,0.043626378212645575
E,224,E_w224,0.03672165196280397,0.07096725709228222
E,225,E_w225,0.06581493536660664,0.0817837372690284
E,226,E_w226,0.01371207396587804,0.03754133312600919
E,227,E_w227,0.04357887737572099,0.08450790223277255
E,228,E_w228,0.025980367824184614,0.04360636806168609
E,229,E_w229,0.059150181661224197,0.07168441560245331
E,230,E_w230,0.05018051624047297,0.04727428642431044
E,231,E_w231,0.03170501875448447,0.037926887405407686
E,232,E_w232,0.02280756786153208,0.05905905416736004
E,233,E_w233,0.08642275105726493,0.052889408138648085
E,234,E_w234,0.06987149428343782,0.06793144630206147
E,235,E_w235,0.08158441714940547,0.10333145885858475
E,236,E_w236,0.05211295153323554,0.07494365375455797
E,237,E_w237,0.053798990015859194,0.05768464539243538
E,238,E_w238,0.024791882141106256,0.060256618011843024
E,239,E_w239,0.018798510657685907,0.048659620478724734
E,240,E_w240,0.012827865368203045,0.038746155067083496
E,241,E_w241,0.05516542441915169,0.1043231250495619
E,242,E_w242,0.045509482883934554,0.0692720074410921
E,243,E_w243,0.014426334831298427,0.04536239130108087
E,244,E_w244,0.04635537090197776,0.08216762664196418
E,245,E_w245,0.04490285725613505,0.08649744370568459
E,246,E_w246,0.06317091850877958,0.08029095645863701
E,247,E_w247,0.03126469930752769,0.043603696012041435
E,248,E_w248,0.07674592199960062,0.04908764499270938
E,249,E_w249,0.061404809135405115,0.03374891550474832
E,250,E_w250,0.032602788992160896,0.0763210432308402
E,251,E_w251,0.04904168336354252,0.058028084793919785
E,252,E_w252,0.038462616206105374,0.06548363277982372
E,253,E_w253,0.06275901024735503,0.03911837522158346
E,254,E_w254,0.09972972596196615,0.03946697933331149
E,255,E_w255,0.05643797320619402,0.09815399402929248
E,256,E_w256,0.1320289877746307,0.11234231120455414
E,257,E_w257,0.23381383182210866,0.18027925286946095
E,258,E_w258,0.30068595458123004,0.20979392302378472
E,259,E_w259,0.13195610818103384,0.1286643996107424
E,260,E_w260,0.11389880091307146,0.06413075620671789
E,261,E_w261,0.06146392397557141,0.04428469763959863
E,262,E_w262,0.0,0.008189355233477363
E,263,E_w263,0.003208034347011111,0.00848298604134562
E,264,E_w264,0.0,0.03429681409507052
E,265,E_w265,0.0024060257602583185,0.03601406992557824
E,266,E_w266,0.003929023613749917,0.011554321378441644
E,267,E_w267,0.004056978867804123,0.010927332913403724
E,268,E_w268,0.1450144963151793,0.1564577398876377
E,269,E_w269,0.25062269102706347,0.2172298837553067
E,270,E_w270,0.10583519431716576,0.11031552302873784
E,271,E_w271,0.11290067209654575,0.11507435455306711
E,272,E_w272,0.08836099994318623,0.10293202113250882
E,273,E_w273,0.1221646007135022,0.1056398408111111
E,274,E_w274,0.2117189945697071,0.20374584377739127
E,275,E_w275,0.13805007294364258,0.14104506816533352
E,276,E_w276,0.3446953975447244,0.28118591140270666
E,277,E_w277,0.4230229705656736,0.33302165623737295
F,0,F_w0,0.9999999999998679,0.7826830704053285
F,1,F_w1,0.262994835576836,0.34017293759436834
F,2,F_w2,0.1946683589114311,0.2655838818042126
F,3,F_w3,0.27767968074981797,0.27769078152699217
F,4,F_w4,0.2502493002245301,0.2655080831655443
F,5,F_w5,0.24493301742536544,0.2269784835629955
F,6,F_w6,0.2297616345563906,0.24323325627345455
F,7,F_w7,0.2336744100366607,0.2286311716689328
F,8,F_w8,0.14043230318873096,0.1725343070028013
F,9,F_w9,0.12081783842898647,0.13935796847592324
F,10,F_w10,0.1594220384886212,0.20504609572788446
F,11,F_w11,0.2008402375844358,0.21985155159228678
F,12,F_w12,0.16768405278293874,0.1831155085551412
F,13,F_w13,0.16108361284157063,0.18771312039644217
F,14,F_w14,0.11660307314407986,0.15856783562676846
F,15,F_w15,0.1232935270988961,0.1599524365000922
F,16,F_w16,0.11265297329736584,0.17081530155968308
F,17,F_w17,0.2261156623997112,0.238934355089731
F,18,F_w18,0.1616901249023931,0.1766590560443349
F,19,F_w19,0.1585104766285235,0.15654272002796013
F,20,F_w20,0.16280433433765934,0.18588623661292822
F,21,F_w21,0.18239971654196663,0.23092501425317766
F,22,F_w22,0.17573876408398578,0.1249557268559651
F,23,F_w23,0.18233312215532085,0.1412580070830359
F,24,F_w24,0.17100547465031307,0.14925071789702815
F,25,F_w25,0.17323078045290535,0.21242895050929123
F,26,F_w26,0.1651742605829872,0.14667944407955644
F,27,F_w27,0.20695969967459166,0.19014920866642687
F,28,F_w28,0.13419347369252393,0.1409360852360219
F,29,F_w29,0.1700231010699288,0.14236711282487463
F,30,F_w30,0.15271426762488283,0.13475083369996219
F,31,F_w31,0.16405794346935682,0.14244325365445618
F,32,F_w32,0.06977643083949557,0.035134586439277214
F,33,F_w33,0.09620305948128759,0.10638660295425208
F,34,F_w34,0.11521605321512168,0.1355046686760583
F,35,F_w35,0.1196362909487901,0.11659512597298906
F,36,F_w36,0.21365068765606304,0.1788720794395671
F,37,F_w37,0.17961164102729352,0.1562383055388393
F,38,F_w38,0.15617128905312946,0.14167729051110736
F,39,F_w39,0.1544427689135817,0.13784639508487187
F,40,F_w40,0.16473236969108965,0.15055347108671177
F,41,F_w41,0.16187364984401595,0.14556241248081847
F,42,F_w42,0.16225304110201763,0.18811971693048754
F,43,F_w43,0.16805001353215915,0.17348980908120992
F,44,F_w44,0.16238479720284646,0.15396080277691368
F,45,F_w45,0.1456541824498087,0.1079600825173965
F,46,F_w46,0.13904145861016712,0.11338830132834397
F,47,F_w47,0.15675750862268167,0.11819958416047203
F,48,F_w48,0.14511976214347624,0.14846351052956389
F,49,F_w49,0.10759893282861961,0.12125855559935259
F,50,F_w50,0.08455506458741158,0.13476832706528272
F,51,F_w51,0.14813590805242258,0.1640452928096191
F,52,F_w52,0.14837324115615666,0.1464949496682083
F,53,F_w53,0.1603448050088568,0.15139790427249852
F,54,F_w54,0.13374610205819962,0.1462908092614394
F,55,F_w55,0.1709329743376523,0.1398209561730485
F,56,F_w56,0.11161095830067841,0.11896171591801102
F,57,F_w57,0.10336577169910763,0.12066128998941529
F,58,F_w58,0.11665190269810914,0.12296042235808048
F,59,F_w59,0.13705657331804535,0.13519160696269422
F,60,F_w60,0.11367859369669103,0.13979349137249156
F,61,F_w61,0.14726937014264624,0.20565913250473736
F,62,F_w62,0.14852358203185845,0.1869156918201109
F,63,F_w63,0.13743779981420548,0.14532893320031598
F,64,F_w64,0.10074202676758487,0.14947858860144425
F,65,F_w65,0.12367352841729948,0.18403646043122399
F,66,F_w66,0.10845002546691256,0.1513582572688979
F,67,F_w67,0.13360273066103864,0.1519284288683276
F,68,F_w68,0.15768682624580202,0.21498627703395823
F,69,F_w69,0.14120120366928285,0.19016026634069844
F,70,F_w70,0.1379502586204047,0.1395735372540141
F,71,F_w71,0.1366365183660635,0.13779824079347702
F,72,F_w72,0.10474150000741918,0.13928971784903943
F,73,F_w73,0.12186540827403704,0.12728512401507633
F,74,F_w74,0.17254406909844008,0.17296955574845435
F,75,F_w75,0.15316854453823198,0.15846113303092216
F,76,F_w76,0.10729650312789915,0.1314282385952439
F,77,F_w77,0.1147128066881266,0.1265667946358919
F,78,F_w78,0.10671860208416702,0.13264286255177848
F,79,F_w79,0.10036724093496359,0.14703613566412055
F,80,F_w80,0.10791051936633637,0.15252882906727575
F,81,F_w81,0.12744352748236215,0.16459190976679391
F,82,F_w82,0.12899840279888378,0.15796604653873708
F,83,F_w83,0.16472132445921195,0.1427061172140146
F,84,F_w84,0.14616278515694092,0.1502911697948607
F,85,F_w85,0.142453107776748,0.14907495397576948
F,86,F_w86,0.1433085067826616,0.16400988093027113
F,87,F_w87,0.11709950358784052,0.14567129829138736
F,88,F_w88,0.12629784491298227,0.13302647464852077
F,89,F_w89,0.133729502954009,0.0956987217920092
F,90,F_w90,0.15219828840506908,0.13277863487343472
F,91,F_w91,0.12954862382124585,0.12006987033416885
F,92,F_w92,0.16392377651257736,0.139120277942313
F,93,F_w93,0.12896690995956406,0.13561241150749437
F,94,F_w94,0.1174989162530933,0.13968416152735724
F,95,F_w95,0.13483100360120767,0.11966114522829813
F,96,F_w96,0.14390002058509507,0.1363308859091912
F,97,F_w97,0.14239481360406794,0.1373412605829631
F,98,F_w98,0.12275267140569167,0.1278786162941835
F,99,F_w99,0.17382748566977857,0.12751735268794903
F,100,F_w100,0.1644003627618934,0.14265423885787668
F,101,F_w101,0.12761568747244892,0.132129955568487
F,102,F_w102,0.13422197656080226,0.1304899342995978
F,103,F_w103,0.11358261619455301,0.13255007477087466
F,104,F_w104,0.12024129512230647,0.1317149825271821
F,105,F_w105,0.13602548801879,0.16851428873189345
F,106,F_w106,0.12473027176489253,0.12261973191939288
F,107,F_w107,0.16402621329443376,0.17712767783281033
F,108,F_w108,0.14503339211482516,0.16749723953808507
F,109,F_w109,0.1351835068174498,0.1391873818444336
F,110,F_w110,0.11465343511100452,0.10778057557913193
F,111,F_w111,0.11364788624678078,0.12032154974332955
F,112,F_w112,0.08336028173815764,0.126272321772677
F,113,F_w113,0.08723208984573859,0.11212155604323235
F,114,F_w114,0.11186471255758366,0.10668390512646567
F,115,F_w115,0.08944175873242002,0.12005965021490372
F,116,F_w116,0.08912304284723394,0.0918052548413116
F,117,F_w117,0.07314585611394914,0.09919462120729289
F,118,F_w118,0.10179462106889141,0.10148652450530882
F,119,F_w119,0.11570976683594021,0.10644733485616432
F,120,F_w120,0.15608440100267443,0.15164435805476142
F,121,F_w121,0.148721008048119,0.1521303258537186
F,122,F_w122,0.192161122827918,0.15470431178745073
F,123,F_w123,0.13245925337440323,0.14369547438991345
F,124,F_w124,0.12471881947508112,0.14313325632774088
F,125,F_w125,0.15517377451860825,0.16226809352196184
F,126,F_w126,0.11788295447154826,0.13042352774892985
F,127,F_w127,0.11074793358186791,0.12643281552234048
F,128,F_w128,0.09179344466663529,0.1185087066673849
F,129,F_w129,0.08404104830146576,0.1087819954260107
F,130,F_w130,0.0681805378487168,0.12205467344909704
F,131,F_w131,0.07735336609598736,0.13331986629191714
F,132,F_w132,0.09002650058219029,0.09699443025150613
F,133,F_w133,0.14533066739570463,0.1253245951287204
F,134,F_w134,0.12976725895519625,0.13042247573186466
F,135,F_w135,0.10616266582810797,0.127042664210002
F,136,F_w136,0.09043548081427834,0.1245288834536747
F,137,F_w137,0.12684315866157012,0.1702585044388719
F,138,F_w138,0.13594248013182472,0.1382145187699493
F,139,F_w139,0.09786817305370768,0.12470838476709499
F,140,F_w140,0.0939624563789441,0.12868133172681478
F,141,F_w141,0.1308527590788998,0.1393082917853191
F,142,F_w142,0.10107734527986491,0.10810863168738027
F,143,F_w143,0.1301638116031588,0.12842166941588512
F,144,F_w144,0.12759699108528927,0.12990754506654578
F,145,F_w145,0.10760885672202239,0.11082027776910171
F,146,F_w146,0.09432529701357864,0.10777352431409583
F,147,F_w147,0.10817997173277424,0.12448500655061995
F,148,F_w148,0.0975704637704721,0.10810810236500348
F,149,F_w149,0.08455423468222542,0.09864182098557718
F,150,F_w150,0.08133595334465497,0.10605904232572218
F,151,F_w151,0.10854856378853153,0.11360241152504771
F,152,F_w152,0.23135352686021543,0.20738096183707425
F,153,F_w153,0.20602979197667862,0.20146093649405294
F,154,F_w154,0.09563828595225066,0.13464268751808942
F,155,F_w155,0.13414454750619623,0.12299712148705212
F,156,F_w156,0.11580185305619783,0.10161099386138317
F,157,F_w157,0.12201857457254446,0.13198317456560796
F,158,F_w158,0.10029667180607958,0.10858916299018208
F,159,F_w159,0.1349503724111828,0.1420991795542321
F,160,F_w160,0.1080809878380771,0.1505642028504734
F,161,F_w161,0.13254152885775441,0.13273684442696557
F,162,F_w162,0.1004327248930168,0.11298961925641912
F,163,F_w163,0.1424717370382969,0.15302914352956917
F,164,F_w164,0.16564232046949812,0.14246635090434262
F,165,F_w165,0.13504080294623244,0.1413539645829631
F,166,F_w166,0.10618501768997245,0.11343384606641849
F,167,F_w167,0.13303735177300183,0.12271052430449972
F,168,F_w168,0.11770013772994692,0.13997392003627035
F,169,F_w169,0.1297404555036287,0.1482626639930046
F,170,F_w170,0.10452730755811956,0.12237922150066396
F,171,F_w171,0.13543076862733577,0.10791945247901148
F,172,F_w172,0.1298605192988509,0.11113230853677444
F,173,F_w173,0.10641661152932622,0.12843101496941997
F,174,F_w174,0.15741732240651204,0.13882397114048683
F,175,F_w175,0.11708978780558356,0.13620480090422168
F,176,F_w176,0.11991840534020486,0.14684400153599642
F,177,F_w177,0.10616707242808836,0.13023151958357249
F,178,F_w178,0.11383522809471358,0.1210815905344106
F,179,F_w179,0.11588693991354779,0.13214266579133133
F,180,F_w180,0.11545601850891592,0.1505626153494541
F,181,F_w181,0.15364257144239477,0.17780063039491656
F,182,F_w182,0.1293001829680203,0.12680567509572163
F,183,F_w183,0.12593891717916877,0.15546821434776803
F,184,F_w184,0.12514648809894902,0.14073029950139043
F,185,F_w185,0.15309773395661588,0.1187405940522484
F,186,F_w186,0.1285928619654689,0.14613430467446945
F,187,F_w187,0.14449074285198754,0.1520992676818583
F,188,F_w188,0.155084864346652,0.14583782444024943
F,189,F_w189,0.1500958885052639,0.15042996922019444
F,190,F_w190,0.17075453169049581,0.15260331149877018
F,191,F_w191,0.18392313975606434,0.13314351980290312
F,192,F_w192,0.09560363688797527,0.11025825799764948
F,193,F_w193,0.15657950274715862,0.1333228663224642
F,194,F_w194,0.1099918862083631,0.13435239911910324
F,195,F_w195,0.12678362475934174,0.14792866010830866
F,196,F_w196,0.1367009934513734,0.14174259188568214
F,197,F_w197,0.14671096865205227,0.15909973952351392
F,198,F_w198,0.12790279354802564,0.15104915464004878
F,199,F_w199,0.13975499727335192,0.14827155715118104
F,200,F_w200,0.10351092558354916,0.13207490603344058
F,201,F_w201,0.1166042928818644,0.1461302958475667
F,202,F_w202,0.12974532692569418,0.14313021239685847
F,203,F_w203,0.13397654260369674,0.16730721088515843
F,204,F_w204,0.1186030724144671,0.1683131425093794
F,205,F_w205,0.19306621368859764,0.20510337340279916
F,206,F_w206,0.16715776630862456,0.1766613046914897
F,207,F_w207,0.12919039252081094,0.17997797942249075
F,208,F_w208,0.14030095693845915,0.16285837034911713
F,209,F_w209,0.13359412323032135,0.13200348993236447
F,210,F_w210,0.1565827283034293,0.21619429489012873
F,211,F_w211,0.12836772793869355,0.1804714996730089
F,212,F_w212,0.19128304626369586,0.1879887534255754
F,213,F_w213,0.20991834930714365,0.2026288792728284
F,214,F_w214,0.22037968589174467,0.2736204562599262
F,215,F_w215,0.2446962599908591,0.2900713030699807
F,216,F_w216,0.0943064474195445,0.09505514998758646
F,217,F_w217,0.09267683537279192,0.12172324162728981
F,218,F_w218,0.10817037136319964,0.13092754999665615
F,219,F_w219,0.12601161812284706,0.14634974885644964
F,220,F_w220,0.16207898598172477,0.18364942775151832
F,221,F_w221,0.21889705053972086,0.23340722591804933
F,222,F_w222,0.1925314057478616,0.20867451002993673
F,223,F_w223,0.15732673494422852,0.15500679144761104
F,224,F_w224,0.18326091946596254,0.13604047847886755
F,225,F_w225,0.20507179021603533,0.17920197067648735
F,226,F_w226,0.182210662708719,0.15106415599540018
F,227,F_w227,0.2748464764351033,0.2111975003545468
F,228,F_w228,0.15613718471547264,0.15206710212911942
F,229,F_w229,0.15327124161988043,0.1365133566064417
F,230,F_w230,0.13712567182173868,0.1456629036374575
F,231,F_w231,0.1187693219810918,0.09017661038265641
F,232,F_w232,0.11618372967844422,0.1069119520452216
F,233,F_w233,0.11633193089485873,0.14155377041060674
F,234,F_w234,0.15603003272729743,0.18878203633306928
F,235,F_w235,0.2009109979751927,0.17919762394408523
F,236,F_w236,0.16742977592138522,0.16109377378360804
F,237,F_w237,0.16435563325045446,0.132301129112832
F,238,F_w238,0.11171405962214383,0.0974854443451928
F,239,F_w239,0.09799179073309806,0.09760910313482794
F,240,F_w240,0.15374004069568206,0.1728568805472325
F,241,F_w241,0.15303531152376454,0.14630687534307568
F,242,F_w242,0.16900447464252955,0.09714310002728632
F,243,F_w243,0.14159970492879495,0.10664678853888829
F,244,F_w244,0.14020508589887573,0.06870885899663712
F,245,F_w245,0.10755139483182072,0.12873445796268262
F,246,F_w246,0.14603221390772547,0.12818335593962826
F,247,F_w247,0.17545827443668338,0.15288483626498306
F,248,F_w248,0.11067977613359845,0.1361088279510615
F,249,F_w249,0.09451589209086941,0.0891904924814494
F,250,F_w250,0.11662260007512354,0.10993311051360131
F,251,F_w251,0.10143298455953124,0.12659671863488714
F,252,F_w252,0.10575619330243342,0.09655923061366269
F,253,F_w253,0.13433462268906116,0.1506687860241463
F,254,F_w254,0.10444400938456229,0.10212276264560392
F,255,F_w255,0.10339487299506724,0.10890999115471295
F,256,F_w256,0.209216154367887,0.2662544936662379
F,257,F_w257,0.24749913609544466,0.23664330971352524
F,258,F_w258,0.0862986448640694,0.11615292570793041
F,259,F_w259,0.14592862571473134,0.17041970973654347
F,260,F_w260,0.17556102477019833,0.1880149893178818
F,261,F_w261,0.12719303365835918,0.09794129527367845
F,262,F_w262,0.08671138102449186,0.08322552067668212
F,263,F_w263,0.10154435012722633,0.10066745078003743
F,264,F_w264,0.11472381542641485,0.13062894950508794
F,265,F_w265,0.14820907044894494,0.1409939457103812
F,266,F_w266,0.13305636046500643,0.18032407175421344
F,267,F_w267,0.2653217836991478,0.22694693867710677
F,268,F_w268,0.31497263967782113,0.24695335000494922
F,269,F_w269,0.1506938201120987,0.17671587210712564
F,270,F_w270,0.09825167526206234,0.11058007370981926
F,271,F_w271,0.250471351977518,0.19829348725853924
F,272,F_w272,0.1654982720680891,0.22003663581470914
F,273,F_w273,0.269722701728776,0.23427368900195375
F,274,F_w274,0.29642414512039034,0.2576919283838002
F,275,F_w275,0.31872060176279166,0.31501931416343926
F,276,F_w276,0.2716409815714558,0.28152800565318004
F,277,F_w277,0.32139404112224695,0.32290957209596166
F,278,F_w278,0.32127002594937953,0.31409872758624946
F,279,F_w279,0.2977262002015585,0.291796178425017
F,280,F_w280,0.2303941904664139,0.24885021801195828
F,281,F_w281,0.37194947230451053,0.3471125646679379
F,282,F_w282,0.17838873246162418,0.2256445475281677
F,283,F_w283,0.34417347577153656,0.3222785628824903
F,284,F_w284,0.2802310729855858,0.21308582072392343
F,285,F_w285,0.14085933581847235,0.151734115694228
F,286,F_w286,0.3586804626336652,0.3381783714658434
F,287,F_w287,0.054099773895945696,0.11420520315178259
F,288,F_w288,0.30451138120202326,0.26798651818146035
F,289,F_w289,0.3014655943523103,0.2632245053995124
F,290,F_w290,0.3000003778216286,0.2972463711060183
F,291,F_w291,0.2000235664807163,0.22919061468795798
F,292,F_w292,0.692726674968329,0.6429004386068833
F,293,F_w293,0.022008303697323497,0.026022627416592378
G,0,G_w0,0.9778228206812475,0.677719614476592
G,1,G_w1,0.1636874408776546,0.2257114662140162
G,2,G_w2,0.19361915465793325,0.24808122382757072
G,3,G_w3,0.1629870595200678,0.24917775442044066
G,4,G_w4,0.14314065721877411,0.20426599190820777
G,5,G_w5,0.13174977570628615,0.20096508773262445
G,6,G_w6,0.12720774549070202,0.15170571331072874
G,7,G_w7,0.19782430407175933,0.1954938194408406
G,8,G_w8,0.17735977508404008,0.1811169715524161
G,9,G_w9,0.1568683908992524,0.17154257162163003
G,10,G_w10,0.15999598755339559,0.17022824002626494
G,11,G_w11,0.2138508054263239,0.2392239605733256
G,12,G_w12,0.16176031538664132,0.18177139167358347
G,13,G_w13,0.15958850156141421,0.18141207457339062
G,14,G_w14,0.1401263832328635,0.17499821215257513
G,15,G_w15,0.16296763200903455,0.1879552213219068
G,16,G_w16,0.14670024603863277,0.1731489938228104
G,17,G_w17,0.18523579984366326,0.17682337805624884
G,18,G_w18,0.16503150666979352,0.11528689306886825
G,19,G_w19,0.10240967016462801,0.11101735690819213
G,20,G_w20,0.10698068535724041,0.07462581724505138
G,21,G_w21,0.11457235081753112,0.12406762104486672
G,22,G_w22,0.1260181093559971,0.14479538150664617
G,23,G_w23,0.14114572924877133,0.15631523116370633
G,24,G_w24,0.1859606162853041,0.17935819148069224
G,25,G_w25,0.1417235998870203,0.16881282115322094
G,26,G_w26,0.1635975008930192,0.15393585566776075
G,27,G_w27,0.1838332725265359,0.1787197792111099
G,28,G_w28,0.17921529636602435,0.16554100093386895
G,29,G_w29,0.14887889935859586,0.17534051653008711
G,30,G_w30,0.12985178656731605,0.157541075480863
G,31,G_w31,0.1147228703865216,0.1310076565084983
G,32,G_w32,0.095023497467082,0.10458749198608959
G,33,G_w33,0.21878994744768615,0.18517371860877843
G,34,G_w34,0.17153508400115183,0.1950677191519294
G,35,G_w35,0.16709875981230093,0.18099949468958704
G,36,G_w36,0.19702391372326697,0.1864322039719803
G,37,G_w37,0.14266660780521837,0.15672493353444747
G,38,G_w38,0.14485621396326168,0.15307875412085814
G,39,G_w39,0.118162388087192,0.136868092697014
G,40,G_w40,0.1311252669813305,0.17583226769489746
G,41,G_w41,0.10664423562580917,0.17871025668777402
G,42,G_w42,0.14085766349907475,0.17834718437813513
G,43,G_w43,0.13621503575671629,0.17970639356471965
G,44,G_w44,0.12723861216718044,0.14671511566644446
G,45,G_w45,0.12837853897736484,0.15324471825895344
G,46,G_w46,0.13151823025770212,0.14195124738682652
G,47,G_w47,0.10970569561659597,0.12157623152687713
G,48,G_w48,0.12023543730382383,0.16144376518977813
G,49,G_w49,0.15153526463407968,0.1598599473759184
G,50,G_w50,0.13197426255993314,0.15880185566193
G,51,G_w51,0.143020447252348,0.1721809930805688
G,52,G_w52,0.19205137246306986,0.17294944558025635
G,53,G_w53,0.16060673678887183,0.1687038457885702
G,54,G_w54,0.1500665377903608,0.16074637606407113
G,55,G_w55,0.12789774733917428,0.16783027835502964
G,56,G_w56,0.11408849582693202,0.17080885336486928
G,57,G_w57,0.09723607909811348,0.14423425868773115
G,58,G_w58,0.09547445224061558,0.15194895262395808
G,59,G_w59,0.16518943829221466,0.1880951022432068
G,60,G_w60,0.12596553120865053,0.13264660119313676
G,61,G_w61,0.15184902789804777,0.1559823766926672
G,62,G_w62,0.14699487616978718,0.16000423104276484
G,63,G_w63,0.15846644661855316,0.17013459732890862
G,64,G_w64,0.1349478533753987,0.1692990250582149
G,65,G_w65,0.16548707768495519,0.17397774467409652
G,66,G_w66,0.10859971388834617,0.13523285066371127
G,67,G_w67,0.14281790824124488,0.1660805958401445
G,68,G_w68,0.11599165620220635,0.14589623753025882
G,69,G_w69,0.13211809380701303,0.1606365326938938
G,70,G_w70,0.11249037399318078,0.15791395293175578
G,71,G_w71,0.10439487982216818,0.16384095429027073
G,72,G_w72,0.10469170512126254,0.1315888565735218
G,73,G_w73,0.09548196789956849,0.0950906336898028
G,74,G_w74,0.06716702491148498,0.08522989711026795
G,75,G_w75,0.07208804672608694,0.09602820364786299
G,76,G_w76,0.07072295085301138,0.06055837278389366
G,77,G_w77,0.0795300924269992,0.0877214157641528
G,78,G_w78,0.10425963186339515,0.13735547663821251
G,79,G_w79,0.12929967474262552,0.15335839739226134
G,80,G_w80,0.1293572835835031,0.13818505524168476
G,81,G_w81,0.0977824355860601,0.11736253269044263
G,82,G_w82,0.13970817335129318,0.15108735719394997
G,83,G_w83,0.0933789863141145,0.09980551703756566
G,84,G_w84,0.1150946752542418,0.1322789071879232
G,85,G_w85,0.17004186534508736,0.1746904967333118
G,86,G_w86,0.11493628478575642,0.12691234459685796
G,87,G_w87,0.0739078933509036,0.11969614474245342
G,88,G_w88,0.08669925200179336,0.11765373897951471
G,89,G_w89,0.0926476057394113,0.09091776331210313
G,90,G_w90,0.08434991000528366,0.09030582810835013
G,91,G_w91,0.06717557430815527,0.09045244714657806
G,92,G_w92,0.07420874380314292,0.10077590684525653
G,93,G_w93,0.07355078775050769,0.09106710164286622
G,94,G_w94,0.07410974271870936,0.07657920635950125
G,95,G_w95,0.09621030851621902,0.09555305591209631
G,96,G_w96,0.0877068807359684,0.09196987103846464
G,97,G_w97,0.049859377850819286,0.08915133472363708
G,98,G_w98,0.06620850077255097,0.09472655992304646
G,99,G_w99,0.08170492182804272,0.11145018216510719
G,100,G_w100,0.07972268815199955,0.09421757097281888
G,101,G_w101,0.08724119481129304,0.10744397186067517
G,102,G_w102,0.11063635150752502,0.11007666041849737
G,103,G_w103,0.10732363894448395,0.11526441567570976
G,104,G_w104,0.09940773406426304,0.10642343998811611
G,105,G_w105,0.08709544306363841,0.08172835902570746
G,106,G_w106,0.1024575835072244,0.1319358826544643
G,107,G_w107,0.06907371543779549,0.12278426665565796
G,108,G_w108,0.07648984150925274,0.11480809559719041
G,109,G_w109,0.07256111771284528,0.0959127407003137
G,110,G_w110,0.09612400664232175,0.10334807623980106
G,111,G_w111,0.088613559804133,0.11280833386448966
G,112,G_w112,0.3214160366224532,0.1248833956555688
G,113,G_w113,0.06884018681401968,0.08271423162049117
G,114,G_w114,0.09702005757318433,0.08752484791137152
G,115,G_w115,0.11772333163581264,0.11740630982889849
G,116,G_w116,0.10968940771471279,0.10781747736505971
G,117,G_w117,0.0978479598585736,0.09767817470978406
G,118,G_w118,0.08040225503860543,0.0986830009658494
G,119,G_w119,0.09540135687754495,0.08319001271696216
G,120,G_w120,0.07112196788478442,0.08343477280154855
G,121,G_w121,0.074550875102286,0.08872275360703005
G,122,G_w122,0.12636323666758198,0.11055697067984756
G,123,G_w123,0.09238717081975499,0.10120545325598004
G,124,G_w124,0.09463872410214262,0.08291844398459805
G,125,G_w125,0.25127727277190515,0.1436734698929515
G,126,G_w126,0.1707869359819486,0.14916124488942414
G,127,G_w127,0.17500113134681888,0.14858327436767527
G,128,G_w128,0.12232356334679002,0.12542410911224794
G,129,G_w129,0.09185269947413618,0.11558113970229318
G,130,G_w130,0.09138703123659098,0.09403266834398098
G,131,G_w131,0.07951281311384517,0.1161949995334525
G,132,G_w132,0.09328747071697864,0.12404478510534069
G,133,G_w133,0.11655092607463176,0.13756050244372198
G,134,G_w134,0.12181287813409322,0.13969130710713734
G,135,G_w135,0.17209137627487436,0.14608684639497732
G,136,G_w136,0.13318736890361185,0.13959048978362174
G,137,G_w137,0.1328493818209843,0.11790691976903112
G,138,G_w138,0.1459495131008556,0.12753533804446168
G,139,G_w139,0.17797537765451552,0.17461129774563777
G,140,G_w140,0.14487742300858308,0.13815236599280967
G,141,G_w141,0.17048383218424942,0.14347510449874762
G,142,G_w142,0.11625325607038915,0.1426666821647102
G,143,G_w143,0.10402873819900689,0.12904701698052826
G,144,G_w144,0.14943465896381256,0.1744238701880895
G,145,G_w145,0.15601347786681408,0.14746259156619546
G,146,G_w146,0.13465477195854386,0.14125249789422217
G,147,G_w147,0.09799999088394994,0.10302834446628549
G,148,G_w148,0.09363645572247975,0.11623706308743181
G,149,G_w149,0.07760319350689308,0.07537990419365659
G,150,G_w150,0.14596009006806338,0.14398833507879097
G,151,G_w151,0.14759730545839045,0.14857376096927485
G,152,G_w152,0.1786977762434473,0.18761495863829017
G,153,G_w153,0.18790667504574068,0.19904628920161593
G,154,G_w154,0.1015572397596298,0.13326646651505641
G,155,G_w155,0.11642374089657637,0.12870609898648047
G,156,G_w156,0.1561141669250349,0.17493370670999744
G,157,G_w157,0.19534345768202643,0.1776700751975211
G,158,G_w158,0.11269793721156823,0.13282402325337167
G,159,G_w159,0.1618279855476125,0.14078942731898875
G,160,G_w160,0.16457760439369137,0.1658480860640587
G,161,G_w161,0.13647664082449848,0.15254268343325475
G,162,G_w162,0.16978082975845313,0.1474650145121568
G,163,G_w163,0.11242020927824369,0.10855887959742914
G,164,G_w164,0.1562573552898839,0.17343965119165353
G,165,G_w165,0.2004109596015652,0.2154960925394689
G,166,G_w166,0.20867885314995624,0.19255973709489815
G,167,G_w167,0.12909613670098483,0.14954097590509094
G,168,G_w168,0.18774375901772888,0.20554767662434179
G,169,G_w169,0.1985779029639444,0.2347629160568791
G,170,G_w170,0.17554236289337893,0.2126548347407574
G,171,G_w171,0.19037876290269834,0.24029610752269265
G,172,G_w172,0.3723442300068259,0.3567104047287947
G,173,G_w173,0.131647115274154,0.14087380444680406
G,174,G_w174,0.13313044164532664,0.13098036256624798
G,175,G_w175,0.29683556048868537,0.2602842170611883
G,176,G_w176,0.29748282714313845,0.29359153220362433
G,177,G_w177,0.2339728217108693,0.2692254664863954
G,178,G_w178,0.14533828155856832,0.20656241037791737
G,179,G_w179,0.15075147292391786,0.16937921095859454
G,180,G_w180,0.13569764988143013,0.12918872637937304
G,181,G_w181,0.10283725513023075,0.0808545215336451
G,182,G_w182,0.11949073445017966,0.14791774350426484
G,183,G_w183,0.13066646278396846,0.14959712901035083
G,184,G_w184,0.107977894406238,0.1511394593184994
G,185,G_w185,0.1206034315364581,0.14417195923769108
G,186,G_w186,0.19257322543381988,0.18788070240247853
G,187,G_w187,0.17873213198765842,0.2118409826836133
G,188,G_w188,0.17967835113722208,0.1839502309142051
G,189,G_w189,0.16151582826859506,0.19350467789822456
G,190,G_w190,0.10006306686134077,0.18806649230396053
G,191,G_w191,0.20242417509379024,0.24373484136473966
G,192,G_w192,0.18534479354681102,0.1940592022935295
G,193,G_w193,0.13595432243323544,0.16907700154898275
G,194,G_w194,0.13286810557570677,0.18290627867886097
G,195,G_w195,0.18200737294670674,0.20075187415899978
G,196,G_w196,0.16078142726064326,0.17746171701661942
G,197,G_w197,0.1489699762347042,0.16944273160381543
G,198,G_w198,0.1658073903067742,0.1573281079851102
G,199,G_w199,0.16951643431163468,0.20996365029242672
G,200,G_w200,0.15366856706675502,0.20087730700708964
G,201,G_w201,0.17691218926660154,0.17783254061249054
G,202,G_w202,0.0656080953860888,0.07248001616532328
G,203,G_w203,0.6426340358706936,0.6218176053169513
H,0,H_w0,0.7901222557712905,0.1764720525761962
H,1,H_w1,0.10309189500901753,0.14644704266356284
H,2,H_w2,0.07475659875328995,0.15117251289096142
H,3,H_w3,0.1674999567651966,0.16193463082623302
H,4,H_w4,0.22567027873564624,0.25884603070736106
H,5,H_w5,0.4589160113705481,0.39164394889921855
H,6,H_w6,0.25081540659603924,0.21659163637675685
H,7,H_w7,0.17991547285474424,0.15581086433170074
H,8,H_w8,0.21114369327970986,0.200129007625714
H,9,H_w9,0.22791153012311197,0.2228567463119574
H,10,H_w10,0.1440834274234622,0.15020364534638567
H,11,H_w11,0.18358412761314105,0.2109019431532575
H,12,H_w12,0.2767547697887113,0.2852417189404537
H,13,H_w13,0.30370225342923046,0.262246716618012
H,14,H_w14,0.422441216442215,0.30035201826083896
H,15,H_w15,0.27035673054914316,0.18794605521279717
H,16,H_w16,0.35910881301912756,0.2499654973446374
H,17,H_w17,0.19688725996146259,0.17457257412498106
H,18,H_w18,0.286651440858468,0.2074270004863154
H,19,H_w19,0.31002869019822266,0.3450066462945546
H,20,H_w20,0.255579667020277,0.20305407677470733
H,21,H_w21,0.28134153908846404,0.2230542711805441
H,22,H_w22,0.17869559495696166,0.1758848377119937
H,23,H_w23,0.1534939007711937,0.17879917325251724
H,24,H_w24,0.20274556453130535,0.1991222740746574
H,25,H_w25,0.24562274170865955,0.2135141511869812
H,26,H_w26,0.2711888318783244,0.20315051224388708
H,27,H_w27,0.14388987568704986,0.1806675573516382
H,28,H_w28,0.18819152866459493,0.18661175886266873
H,29,H_w29,0.2422940000346203,0.20751400795974018
H,30,H_w30,0.19406205782913488,0.15597670117532547
H,31,H_w31,0.22711548280788765,0.15673330018438206
H,32,H_w32,0.1963863993431828,0.1819097494288402
H,33,H_w33,0.24059038581290426,0.1973760057265124
H,34,H_w34,0.20763170828771113,0.19944337299409415
H,35,H_w35,0.2203686190173797,0.23920666883188188
H,36,H_w36,0.14400631610357534,0.12055293766627492
H,37,H_w37,0.15585196119714448,0.17174734789021878
H,38,H_w38,0.20263373383325148,0.17577360877193693
H,39,H_w39,0.14527299888034015,0.1683009904040232
H,40,H_w40,0.14848974353822092,0.1746577728277095
H,41,H_w41,0.23852108543723097,0.17158001194052544
H,42,H_w42,0.1916382124886815,0.16152670441340589
H,43,H_w43,0.27876392358016844,0.20831676967144336
H,44,H_w44,0.2512917776130951,0.175814997749324
H,45,H_w45,0.1508345788175046,0.14407986880094587
H,46,H_w46,0.10877763151713919,0.13492590092134946
H,47,H_w47,0.0784506443667799,0.10326089664354633
H,48,H_w48,0.10158824836440718,0.12877304938911913
H,49,H_w49,0.12891561508591845,0.14818864679849078
H,50,H_w50,0.1872645928510259,0.1687492808147279
H,51,H_w51,0.17876912570020323,0.17718657184174771
H,52,H_w52,0.19676612512017655,0.198829400069888
H,53,H_w53,0.21888892615169114,0.2051129291551003
H,54,H_w54,0.14442993537217244,0.16009633843139162
H,55,H_w55,0.14000813242412433,0.15269008282339205
H,56,H_w56,0.14383253169731855,0.10185352496795276
H,57,H_w57,0.08431198364656554,0.1102894591358587
H,58,H_w58,0.07119560233652975,0.09620462138161322
H,59,H_w59,0.1271526208351463,0.13832860354404078
H,60,H_w60,0.16472049217335147,0.16012805986591175
H,61,H_w61,0.17683035601791988,0.1714694411175005
H,62,H_w62,0.18130156194042782,0.18170791310925574
H,63,H_w63,0.10872791296647501,0.15174778615962795
H,64,H_w64,0.10711178393187092,0.1257855540453388
H,65,H_w65,0.1290083071197417,0.16242084859615824
H,66,H_w66,0.12658418067768032,0.15177720031885222
H,67,H_w67,0.12145655834533617,0.13480605692006892
H,68,H_w68,0.1367926070991648,0.16189955949403323
H,69,H_w69,0.11676084608720913,0.1723843962173594
H,70,H_w70,0.14641802990520697,0.16330180115561937
H,71,H_w71,0.13031487401525785,0.1604792180582489
H,72,H_w72,0.17071798613310574,0.20769316058568452
H,73,H_w73,0.19193527465242124,0.20476409278208105
H,74,H_w74,0.15768014865687346,0.21054217012168247
H,75,H_w75,0.1586379916919406,0.1702658307128648
H,76,H_w76,0.17232410667696751,0.1513563391519146
H,77,H_w77,0.13471086386302725,0.14882475262116365
H,78,H_w78,0.09387139015803148,0.10757708488951055
H,79,H_w79,0.08764811159259162,0.09733449033221597
H,80,H_w80,0.09219676064447777,0.11997423434365206
H,81,H_w81,0.10299321876636981,0.1183274971858363
H,82,H_w82,0.11289558429994165,0.1478632807792625
H,83,H_w83,0.1247064661165146,0.15726975687145506
H,84,H_w84,0.13725064812025162,0.1366874587488862
H,85,H_w85,0.1224879522297317,0.12251522446200507
H,86,H_w86,0.12177912115560538,0.15231190375333545
H,87,H_w87,0.1513381441006788,0.13929449312270697
H,88,H_w88,0.12796376940566864,0.14988092228000455
H,89,H_w89,0.14089386934821105,0.1595155221937921
H,90,H_w90,0.11483752306298609,0.15239159264696905
H,91,H_w91,0.1344366170715861,0.15581282214018416
H,92,H_w92,0.11350708002572493,0.152664255714248
H,93,H_w93,0.15241402703353593,0.1764875107385392
H,94,H_w94,0.13791408275532374,0.13883427095796746
H,95,H_w95,0.14592469321992202,0.14156919537470605
H,96,H_w96,0.10475680760627233,0.12807593608309825
H,97,H_w97,0.14593358412136126,0.16449565100709165
H,98,H_w98,0.11476393169818172,0.16756686427064568
H,99,H_w99,0.0987851433274038,0.16049881522381196
H,100,H_w100,0.144179952387656,0.17313005116853375
H,101,H_w101,0.156239900100116,0.14473824142676703
H,102,H_w102,0.0803223015215536,0.1190984969282911
H,103,H_w103,0.087039400782128,0.13553479897337023
H,104,H_w104,0.08339550434356553,0.14298011945196137
H,105,H_w105,0.08990517385852335,0.1101370548562747
H,106,H_w106,0.13658173205066756,0.15366103565218497
H,107,H_w107,0.10578470507450852,0.16077444450736864
H,108,H_w108,0.16562548811240474,0.1766056118926417
H,109,H_w109,0.14935631749411624,0.1398026040712203
H,110,H_w110,0.12010142940751752,0.13475776837465528
H,111,H_w111,0.12042486409389506,0.13747855546405274
H,112,H_w112,0.10673005371647687,0.14808997943231905
H,113,H_w113,0.16975623412920607,0.16378926860430962
H,114,H_w114,0.15857093592634555,0.17487065367234944
H,115,H_w115,0.17375826615064272,0.17794534797442793
H,116,H_w116,0.13121608223631756,0.16141710937684858
H,117,H_w117,0.17658768591229196,0.14308573393906998
H,118,H_w118,0.15350061543981258,0.18901372529094687
H,119,H_w119,0.1999373757673586,0.1680896123647039
H,120,H_w120,0.17455852716078715,0.17867761099276724
H,121,H_w121,0.13851187146785462,0.1717531373494573
H,122,H_w122,0.1604243113623694,0.15952343683441908
H,123,H_w123,0.14010902181771057,0.126881487364549
H,124,H_w124,0.1209670448076866,0.09856904028903987
H,125,H_w125,0.1224998740849132,0.09553180342036846
H,126,H_w126,0.16252602794344728,0.13000637563432077
H,127,H_w127,0.10626495590321557,0.1387439309577189
H,128,H_w128,0.14489773149109483,0.157765649707044
H,129,H_w129,0.1983085568772168,0.1477839949802679
H,130,H_w130,0.22861507054295824,0.1643931375006706
H,131,H_w131,0.12365375052060631,0.12606340745936775
H,132,H_w132,0.13497409026498242,0.11239842610696775
H,133,H_w133,0.14991967881274051,0.14801207637967395
H,134,H_w134,0.19194290552902848,0.15240095832371203
H,135,H_w135,0.16795346168051203,0.17905017288108552
H,136,H_w136,0.1730686409302826,0.13914693483242974
H,137,H_w137,0.13686928585560137,0.14914154737482832
H,138,H_w138,0.15622925642076085,0.14211821981106562
H,139,H_w139,0.13121449273265537,0.16585120232879788
H,140,H_w140,0.16097041421758088,0.17150103145244286
H,141,H_w141,0.13254557609955936,0.12201968691908734
H,142,H_w142,0.13976336601811445,0.13038010440558365
H,143,H_w143,0.16173868124741295,0.16141338830622248
H,144,H_w144,0.1456645085801426,0.1595001628537573
H,145,H_w145,0.1660143439623006,0.15548014629388565
H,146,H_w146,0.14981707368674654,0.16586982624739818
H,147,H_w147,0.17046540417063052,0.15436775748944212
H,148,H_w148,0.11636921404248993,0.10938231512489363
H,149,H_w149,0.1170970095289667,0.09759323582467502
H,150,H_w150,0.12819295397957836,0.12564261398751825
H,151,H_w151,0.11980828803602633,0.12353282576556568
H,152,H_w152,0.0750700436942701,0.08199339087611303
H,153,H_w153,0.1293187513135897,0.10804372668733148
H,154,H_w154,0.13356482966031824,0.1415548493575611
H,155,H_w155,0.11871557720352804,0.12711153094094255
H,156,H_w156,0.10253150196403918,0.10207947051210742
H,157,H_w157,0.09758791240967399,0.12678308837196248
H,158,H_w158,0.10532365567418282,0.11569286432749727
H,159,H_w159,0.10889469187835919,0.11800462396695716
H,160,H_w160,0.1832039795041463,0.10777899236020573
H,161,H_w161,0.08611163370003735,0.13022319836551402
H,162,H_w162,0.0899221062758135,0.12758865223875643
H,163,H_w163,0.15488156924868038,0.1677686054322697
H,164,H_w164,0.14575491516198852,0.12258930489752248
H,165,H_w165,0.12900313914323297,0.10597810583907902
H,166,H_w166,0.08448272229483014,0.09633986089816414
H,167,H_w167,0.0877842189898388,0.11609523988246971
H,168,H_w168,0.15675259650964615,0.11153183954129929
H,169,H_w169,0.1494276291757232,0.13313902826147542
H,170,H_w170,0.09910103389991703,0.1317342976791852
H,171,H_w171,0.14557696270258802,0.1425464945023571
H,172,H_w172,0.13347135373294836,0.1285111843638923
H,173,H_w173,0.1566633217148438,0.15391615538556233
H,174,H_w174,0.1992543360703013,0.15525361700983326
H,175,H_w175,0.20688084692896572,0.13739498773987105
H,176,H_w176,0.1584750840648601,0.20489001668689286
H,177,H_w177,0.11167927891527038,0.21196912240832372
H,178,H_w178,0.14925847969257736,0.1895316376015417
H,179,H_w179,0.16966272736360932,0.14629002275011516
H,180,H_w180,0.18648402770910655,0.145630922825715
H,181,H_w181,0.13846212428145863,0.1583501365319222
H,182,H_w182,0.11559537770478828,0.1311051017929209
H,183,H_w183,0.12621634918270483,0.14191628044159008
H,184,H_w184,0.13454227955343562,0.13777570404391443
H,185,H_w185,0.141667147841581,0.13546366940134946
H,186,H_w186,0.11976358836984319,0.1371948902861379
H,187,H_w187,0.12386539365830498,0.12637825624865992
H,188,H_w188,0.18338629024143008,0.1804968957152755
H,189,H_w189,0.14504095653100288,0.17844968246502507
H,190,H_w190,0.13543569993054622,0.15702385597184826
H,191,H_w191,0.13698476244342006,0.15004517964929215
H,192,H_w192,0.15587931910300132,0.15723343912493573
H,193,H_w193,0.16930314641102012,0.1611964769058421
H,194,H_w194,0.18633963337496715,0.16125695184268835
H,195,H_w195,0.23159053765079252,0.19192945127804026
H,196,H_w196,0.15300378393003758,0.1538294405360338
H,197,H_w197,0.13550549090027164,0.13966729781468892
H,198,H_w198,0.23245954687471668,0.17887069083125218
H,199,H_w199,0.1886346534073092,0.18923800459054288
H,200,H_w200,0.24476083741798527,0.20532359384101218
H,201,H_w201,0.34674686342371613,0.262381482447402
H,202,H_w202,0.2595520736783363,0.2702722519828879
H,203,H_w203,0.2649423251751859,0.2955172412041368
H,204,H_w204,0.3990692393302318,0.3348920913366534
H,205,H_w205,0.1368712654767266,0.1252152734447786
H,206,H_w206,0.11066734959324201,0.1106135343551215
H,207,H_w207,0.08669542435677262,0.10330323950566053
H,208,H_w208,0.07282949483534164,0.08482767644671382
H,209,H_w209,0.10195975080885065,0.10465705029475464
H,210,H_w210,0.15805500123184302,0.14570608452944328
H,211,H_w211,0.14909956865745688,0.11064985796178815
H,212,H_w212,0.125889407188485,0.1283469538972161
H,213,H_w213,0.12265802982060672,0.1360158599752672
H,214,H_w214,0.18104597023592972,0.15550741615110816
H,215,H_w215,0.16787971565800977,0.14010565273893957
H,216,H_w216,0.10581788531361969,0.12636262220832284
H,217,H_w217,0.12398266459860766,0.1423807078082788
H,218,H_w218,0.15221341149472215,0.1748511523016373
H,219,H_w219,0.21684549178542364,0.20939031503958455
H,220,H_w220,0.21999608323900421,0.16670648113138842
H,221,H_w221,0.19057737921769483,0.15927960635113456
H,222,H_w222,0.10953459557558333,0.13615648087151508
H,223,H_w223,0.24446320143242906,0.24753685359092445
H,224,H_w224,0.22433712979091752,0.19378672063614982
H,225,H_w225,0.17974288310005282,0.11272519763417876
H,226,H_w226,0.27781208069037616,0.18121366283499218
H,227,H_w227,0.17192235528414174,0.17986576550138625
H,228,H_w228,0.16267896700382634,0.16938961010807826
H,229,H_w229,0.25144694535914086,0.2058617294915119
H,230,H_w230,0.27901680285240915,0.2782918570574881
H,231,H_w231,0.3718195637183211,0.3169040150664771
H,232,H_w232,0.23257615068562074,0.17720993659936332
H,233,H_w233,0.1818222009244855,0.21106511258469307
H,234,H_w234,0.16530046920528402,0.16074541950250434
H,235,H_w235,0.11489314757373426,0.1862611317573086
H,236,H_w236,0.09755540383804413,0.1599002944984175
H,237,H_w237,0.1941645799010024,0.2347460656270645
H,238,H_w238,0.16774834365863023,0.1809755692924684
H,239,H_w239,0.2603626202386127,0.20857374092739497
H,240,H_w240,0.14042683280369955,0.21111338834249901
H,241,H_w241,0.16012604395763927,0.17680951527498
H,242,H_w242,0.20678267112430504,0.3048598232839001
H,243,H_w243,0.3455851017495447,0.27102599118383264
H,244,H_w244,0.4826457175161146,0.38257708584593797
H,245,H_w245,0.26858476958416244,0.17393713307105632
H,246,H_w246,0.09705039915299914,0.0907174314248665
H,247,H_w247,0.1660214843375066,0.180502194817018
H,248,H_w248,0.24162256151003397,0.2561808359349376
H,249,H_w249,0.1837168746887358,0.38155178757168884
H,250,H_w250,0.2033383231625066,0.36314497633394144
H,251,H_w251,0.20603551080434035,0.14912069233064856
H,252,H_w252,0.17328438447090047,0.13242669334137494
H,253,H_w253,0.08266731794719047,0.10219268856306585
H,254,H_w254,0.10115997128703733,0.08289706038067163
H,255,H_w255,0.3391354238304492,0.2324827789996198
H,256,H_w256,0.14239263389795218,0.11589922073576713
H,257,H_w257,0.1508362675378444,0.14728998032083598
H,258,H_w258,0.03815771829958279,0.031902380312325396
H,259,H_w259,0.021240572172998257,0.021664349446796162
H,260,H_w260,0.021496482681106654,0.021664349446796162
H,261,H_w261,0.024030463695419196,0.02026012064566227
H,262,H_w262,0.1090774981718735,0.12059980311215379
H,263,H_w263,0.08237311001896282,0.10157266015613926
H,264,H_w264,0.11197447841116201,0.11641347116277088
H,265,H_w265,0.06138333303518428,0.09539562360404173
H,266,H_w266,0.10572892454201345,0.15595458654978914
H,267,H_w267,0.12117523595674051,0.10446190464085164
H,268,H_w268,0.011004151848661733,0.022522124133165972
H,269,H_w269,0.011388017610824369,0.024715495695082863
H,270,H_w270,0.011643928118932782,0.019610977641301236
H,271,H_w271,0.011899838627041194,0.01998464670381787
H,272,H_w272,0.014203033200016911,0.023676471648764495
H,273,H_w273,0.014458943708125326,0.028113152252505005
H,274,H_w274,0.01484280947028793,0.018968905319309136
H,275,H_w275,0.015226675232450564,0.021062082114347968
H,276,H_w276,0.01776065624676309,0.014826698838248878
H,277,H_w277,0.0961920599593323,0.15875348695035624
H,278,H_w278,0.14447661296878656,0.12159256330855779
H,279,H_w279,0.06184232752409297,0.0757883003925945
H,280,H_w280,0.04774850935742209,0.08292274980137941
H,281,H_w281,0.11593465806540088,0.18973056535751145
H,282,H_w282,0.12835120083731139,0.19886077720360879
H,283,H_w283,0.10943793650918363,0.18274907218516845
H,284,H_w284,0.2782723393148256,0.21012038768434632
H,285,H_w285,0.31385539588569866,0.21350373273408743
H,286,H_w286,0.2501018392756471,0.3486759532949548
H,287,H_w287,0.1182726116441205,0.1587846566057759
I,0,I_w0,0.7805728417248919,0.6462791481324144
I,1,I_w1,0.16913072314083546,0.1992124667858318
I,2,I_w2,0.2509848648162381,0.2406891615757236
I,3,I_w3,0.20326665049414053,0.20516514816445555
I,4,I_w4,0.13299623296351482,0.16330660363685384
I,5,I_w5,0.2937656486464131,0.28690392023832684
I,6,I_w6,0.21923852879505737,0.210083042900801
I,7,I_w7,0.16785069484136597,0.17261327278846522
I,8,I_w8,0.19503463039473978,0.19129502787967903
I,9,I_w9,0.180911740140714,0.19407937428029506
I,10,I_w10,0.15871254164493503,0.1707147933364191
I,11,I_w11,0.244991256103745,0.2693476609999325
I,12,I_w12,0.30075408282184163,0.2779652135098314
I,13,I_w13,0.28598744164555845,0.23725128716107294
I,14,I_w14,0.24392129096928347,0.24020475468675292
I,15,I_w15,0.20559483638989384,0.22205455951223887
I,16,I_w16,0.22443000081230752,0.222410923249295
I,17,I_w17,0.2755767893502563,0.24373659904959138
I,18,I_w18,0.22908300760432912,0.1822125894120817
I,19,I_w19,0.2238186911528873,0.15255617535025806
I,20,I_w20,0.21170133813952755,0.16554846477151328
I,21,I_w21,0.205036431743287,0.19296612292605303
I,22,I_w22,0.14280928364727058,0.1404908526487605
I,23,I_w23,0.18414708006783892,0.1817745129863705
I,24,I_w24,0.1750328555065716,0.19338560755143497
I,25,I_w25,0.279310466721093,0.21295855046142334
I,26,I_w26,0.25126503623148205,0.18117639848818146
I,27,I_w27,0.2226684770036084,0.22058626590386893
I,28,I_w28,0.18995043828543481,0.13969494778246086
I,29,I_w29,0.19479757695629,0.16025539808002487
I,30,I_w30,0.1580783487484293,0.1430967688767635
I,31,I_w31,0.207037127991807,0.18042083983689386
I,32,I_w32,0.2695299679740917,0.22089024950667152
I,33,I_w33,0.21195393514277341,0.1642258559284073
I,34,I_w34,0.2963636684639988,0.2730781410105084
I,35,I_w35,0.1516830560061349,0.14804953860881645
I,36,I_w36,0.1583952429678885,0.13500582850649545
I,37,I_w37,0.13552350745718678,0.1258468514621203
I,38,I_w38,0.1710849381735001,0.16430751653265818
I,39,I_w39,0.20173314336620232,0.18850291697915525
I,40,I_w40,0.12663335002688778,0.15641467781454732
I,41,I_w41,0.11961163531271816,0.14205916819547335
I,42,I_w42,0.11239018738681077,0.11912497417354956
I,43,I_w43,0.13065483769995126,0.12582477418818588
I,44,I_w44,0.18932853905601343,0.15511092136394716
I,45,I_w45,0.139878574804711,0.13330910853413644
I,46,I_w46,0.16286178278784746,0.12817783853551787
I,47,I_w47,0.09765237722832402,0.08200289167979813
I,48,I_w48,0.12428770988294668,0.14154044623748008
I,49,I_w49,0.1471475556556996,0.1615950481427208
I,50,I_w50,0.10275776784263632,0.11980386111023114
I,51,I_w51,0.15432558773572885,0.15201812041668525
I,52,I_w52,0.14812998147851184,0.14880443494890117
I,53,I_w53,0.1331621297273502,0.15040852476115008
I,54,I_w54,0.13122542904144455,0.15757510124169724
I,55,I_w55,0.17214963055735036,0.14520831101599743
I,56,I_w56,0.16322328153398455,0.1479251999503977
I,57,I_w57,0.1829705556135626,0.14563430478356054
I,58,I_w58,0.12217033218230477,0.14517661707653792
I,59,I_w59,0.12414782567914506,0.15690688959510035
I,60,I_w60,0.12354589467585385,0.1586287579351684
I,61,I_w61,0.11370934385479516,0.13034041409000463
I,62,I_w62,0.16086466783715866,0.16452657990014044
I,63,I_w63,0.2117845729241508,0.17943556997313992
I,64,I_w64,0.17105707551124377,0.17891052866334453
I,65,I_w65,0.1580241709521964,0.15300372355926375
I,66,I_w66,0.11961640088506603,0.13052600429673678
I,67,I_w67,0.20666140664291913,0.18430388241612775
I,68,I_w68,0.2234883957575627,0.18077893728629513
I,69,I_w69,0.16518736106922124,0.1515758452261014
I,70,I_w70,0.1694077927850931,0.14423562390867634
I,71,I_w71,0.20183236989069736,0.18120459653662382
I,72,I_w72,0.12198053664873121,0.13581511708106211
I,73,I_w73,0.12870482126607863,0.14511580408886401
I,74,I_w74,0.15679332221524062,0.15463343905041155
I,75,I_w75,0.1766185410601983,0.15851688813298614
I,76,I_w76,0.15854141139285174,0.16668399412290152
I,77,I_w77,0.1309643399883491,0.15855807217748927
I,78,I_w78,0.19942374475766245,0.19215795779484848
I,79,I_w79,0.1579136588324573,0.1616614782539163
I,80,I_w80,0.17698466243020686,0.17153624928303815
I,81,I_w81,0.11662572647411044,0.09677755985324417
I,82,I_w82,0.0933974501452108,0.09845619692482736
I,83,I_w83,0.14402796915064936,0.1473633964598361
I,84,I_w84,0.15428413530767002,0.1436462121083931
I,85,I_w85,0.130795044140365,0.14289374074069866
I,86,I_w86,0.17657350272459044,0.1525063190928972
I,87,I_w87,0.1884956910036545,0.16734820377299725
I,88,I_w88,0.23431278532737657,0.19997645393721694
I,89,I_w89,0.25501246372904507,0.17866371462262945
I,90,I_w90,0.13873132847897343,0.12194071891447185
I,91,I_w91,0.11483004602416741,0.1177493778320924
I,92,I_w92,0.10455288158025466,0.1313258819661443
I,93,I_w93,0.14554642636740006,0.16627235050610364
I,94,I_w94,0.12754627619332448,0.1222254226931042
I,95,I_w95,0.11164872885060503,0.10337235994705893
I,96,I_w96,0.0951540342205274,0.09697960562358672
I,97,I_w97,0.08556004134729757,0.0906057628834217
I,98,I_w98,0.08666260308597365,0.12929817552321507
I,99,I_w99,0.12514500876883,0.13343391009987957
I,100,I_w100,0.11991389743014542,0.10888708882234124
I,101,I_w101,0.1176407459314975,0.11844487605001167
I,102,I_w102,0.09759293762151988,0.13114694618337838
I,103,I_w103,0.08926103835297088,0.09754320087958317
I,104,I_w104,0.1174516529750563,0.1157354035042143
I,105,I_w105,0.10655599395749023,0.10433450587534344
I,106,I_w106,0.09425352606566244,0.09557570588238647
I,107,I_w107,0.1065057317333309,0.11604862580033712
I,108,I_w108,0.09335038439223194,0.11023290737400862
I,109,I_w109,0.09482706448496404,0.10589688783418438
I,110,I_w110,0.1359783465552857,0.1305183986811243
I,111,I_w111,0.09746558865692252,0.0981685470803712
I,112,I_w112,0.0894367547929321,0.10405150074207586
I,113,I_w113,0.12119506601123306,0.14152365371401088
I,114,I_w114,0.11102367434662337,0.10746427709904702
I,115,I_w115,0.09974946138722092,0.07844664537323494
I,116,I_w116,0.08137183738318055,0.0794327048400636
I,117,I_w117,0.07281176766427327,0.07849699579395657
I,118,I_w118,0.06816728627904663,0.07756879717230275
I,119,I_w119,0.06697103404195372,0.06673951438601715
I,120,I_w120,0.06214032521283508,0.07669071814765319
I,121,I_w121,0.06951393447017847,0.07492513847528134
I,122,I_w122,0.0691797593674587,0.08378115362978354
I,123,I_w123,0.08119737379358545,0.10144631611507449
I,124,I_w124,0.07268505379432168,0.08966087881895494
I,125,I_w125,0.08603391663392372,0.09111591076221605
I,126,I_w126,0.10011466896895631,0.09058985038791449
I,127,I_w127,0.11168974692042935,0.10539084895439293
I,128,I_w128,0.09034933066635087,0.09389105903566629
I,129,I_w129,0.06718336183240065,0.09260146964015609
I,130,I_w130,0.15326902453681357,0.13842200688107104
I,131,I_w131,0.1904384467078768,0.1494114857707976
I,132,I_w132,0.1399438483328307,0.15120877228781704
I,133,I_w133,0.1394233932749578,0.15145153862479657
I,134,I_w134,0.17215799512135907,0.17322458252475037
I,135,I_w135,0.24949313441113705,0.2320642924598349
I,136,I_w136,0.13432677088158412,0.13878393697432861
I,137,I_w137,0.11951996244440843,0.1193265111126106
I,138,I_w138,0.09529292895783932,0.11874655787175578
I,139,I_w139,0.15836634347983017,0.14633335531065972
I,140,I_w140,0.15503586477207115,0.1589110091771975
I,141,I_w141,0.18827628546635347,0.1586143206971012
I,142,I_w142,0.1959203727418394,0.18111738628976107
I,143,I_w143,0.17112504319155442,0.15458315342779316
I,144,I_w144,0.17284793628487533,0.14775507648147546
I,145,I_w145,0.1552784052311439,0.13710293159153708
I,146,I_w146,0.1669910440342039,0.15357968598586358
I,147,I_w147,0.20848104190909786,0.1802719836603767
I,148,I_w148,0.18641857780688684,0.1829639949009036
I,149,I_w149,0.17422879725957224,0.15203266666662696
I,150,I_w150,0.2395145222854131,0.2158021093706848
I,151,I_w151,0.2527276351987978,0.21876937261189192
I,152,I_w152,0.17936999972528814,0.16420880476193198
I,153,I_w153,0.2518945539025135,0.25682623682915673
I,154,I_w154,0.18304577436451222,0.20932373428993759
I,155,I_w155,0.08242569104453983,0.08488484225783428
I,156,I_w156,0.13583743125596567,0.11072354133001229
I,157,I_w157,0.13360995408530205,0.12632940544702256
I,158,I_w158,0.1217428285385249,0.11713941459755169
I,159,I_w159,0.14276909896404708,0.13379198693417585
I,160,I_w160,0.18317975915552312,0.17282068919709248
I,161,I_w161,0.14559099797686703,0.1491939557978864
I,162,I_w162,0.1603729178597697,0.15869771707597435
I,163,I_w163,0.14442144376468738,0.1054147496604781
I,164,I_w164,0.19180933211067458,0.18501735450265427
I,165,I_w165,0.14849592432193603,0.17053625441602932
I,166,I_w166,0.1368149571518912,0.10582766149218167
I,167,I_w167,0.1363598512433973,0.13027814728764364
I,168,I_w168,0.14004603956838893,0.1481313739122546
I,169,I_w169,0.24022577261866424,0.24071421714818603
I,170,I_w170,0.14644433133068813,0.1417818596323018
I,171,I_w171,0.11928556671814498,0.13286919886873755
I,172,I_w172,0.1188310790696261,0.13529080019370918
I,173,I_w173,0.12165034088129484,0.12606952527697016
I,174,I_w174,0.11978438343105896,0.14622881511031413
I,175,I_w175,0.2269548840675427,0.21227824559725908
I,176,I_w176,0.12350304527271158,0.1514907798618219
I,177,I_w177,0.14372510734003813,0.13116392424819967
I,178,I_w178,0.2515253626559017,0.23887354815737286
I,179,I_w179,0.2992024645362924,0.2773507844297957
I,180,I_w180,0.12955234435988155,0.15781578259361617
I,181,I_w181,0.07488679290051405,0.11131439308570365
I,182,I_w182,0.13603463291616616,0.16182710636765021
I,183,I_w183,0.0998986321715325,0.14858796036269703
I,184,I_w184,0.15929730416842566,0.16715517401439464
I,185,I_w185,0.17077253451049912,0.1464855972855825
I,186,I_w186,0.1800535475284462,0.17798664871635417
I,187,I_w187,0.16121307246233077,0.18469694123069635
I,188,I_w188,0.1810993789497203,0.20048912999364246
I,189,I_w189,0.12211139064485323,0.13766152525690367
I,190,I_w190,0.21051390559694774,0.1624949646775803
I,191,I_w191,0.1618895300167891,0.16430936223257864
I,192,I_w192,0.28435465761051604,0.29831553771666164
I,193,I_w193,0.23102887397590152,0.246259249164033
I,194,I_w194,0.3156607729117833,0.30711723767512483
I,195,I_w195,0.31177083841753866,0.2965242365562844
I,196,I_w196,0.3544778783611197,0.253259374258714
I,197,I_w197,0.5653514860369566,0.5117328102271929
I,198,I_w198,0.17366565035506656,0.13315333701483612
I,199,I_w199,0.10919569073121367,0.09999707009486232
I,200,I_w200,0.16653064635523537,0.1598516298499199
I,201,I_w201,0.12365493728365123,0.12113579723327132
I,202,I_w202,0.12162809509045001,0.11528622824507445
I,203,I_w203,0.23270969317630827,0.18576833463011308
I,204,I_w204,0.15257091027453587,0.12656345025120197
I,205,I_w205,0.35970509796810346,0.28226821909933436
I,206,I_w206,0.30630221280225584,0.2839819045269214
I,207,I_w207,0.3944217641434242,0.3427322451725951
I,208,I_w208,0.3938027184006832,0.34003101086177856
I,209,I_w209,0.26024831782853786,0.23165926891950125
I,210,I_w210,0.14052986789788152,0.15578700563431627
I,211,I_w211,0.10952689979515051,0.10712776559633042
I,212,I_w212,0.26129573762845976,0.17970494435550458
I,213,I_w213,0.14656373226072655,0.19006183146201774
I,214,I_w214,0.3757527843757244,0.28870107434344006
I,215,I_w215,0.35474511640777606,0.22405437727718452
I,216,I_w216,0.024055587762190786,0.031352992333365505
J,0,J_w0,0.9981927088333834,0.9088207758497525
J,1,J_w1,0.20347789319487886,0.269476443497027
J,2,J_w2,0.25164992620071863,0.2571674597454444
J,3,J_w3,0.35023611081297507,0.29478136872672783
J,4,J_w4,0.33264921132797964,0.23209229530468242
J,5,J_w5,0.37797876211553505,0.3426895292495483
J,6,J_w6,0.3367108099427067,0.32584619291188094
J,7,J_w7,0.2947605638940939,0.2807287863553077
J,8,J_w8,0.2774100210451273,0.22295625813224781
J,9,J_w9,0.24006803579210706,0.186538089272809
J,10,J_w10,0.23111480532891046,0.20517986458607756
J,11,J_w11,0.3846695518807544,0.3065298507514036
J,12,J_w12,0.19799127214293555,0.1845999113061466
J,13,J_w13,0.26591406478990953,0.22963820004020497
J,14,J_w14,0.2728531305407119,0.20472027939560736
J,15,J_w15,0.18322092089498995,0.17332779076481847
J,16,J_w16,0.12552053679683478,0.12555817855491377
J,17,J_w17,0.14391586159902647,0.13074219371588158
J,18,J_w18,0.20240117099168325,0.1842990155031531
J,19,J_w19,0.16891738446387988,0.17510935642891465
J,20,J_w20,0.22993622744536463,0.20364428433558165
J,21,J_w21,0.22320596522131778,0.18384072717183544
J,22,J_w22,0.2075876515530427,0.18252868019447632
J,23,J_w23,0.2331120857279037,0.1840895218055986
J,24,J_w24,0.20076194106002945,0.2054090427515583
J,25,J_w25,0.20887214948892582,0.16101339710880216
J,26,J_w26,0.15285448672994087,0.1588465416968735
J,27,J_w27,0.12673980903056006,0.16164795315334354
J,28,J_w28,0.20998579753846533,0.18448586472884107
J,29,J_w29,0.15935790058451266,0.1643908425651063
J,30,J_w30,0.13687633131163332,0.14094134641251474
J,31,J_w31,0.20037370416628622,0.16273857720309026
J,32,J_w32,0.15746792841460425,0.1637874283584066
J,33,J_w33,0.16097161015702982,0.14198823077254477
J,34,J_w34,0.0772675935795299,0.06377384213198184
J,35,J_w35,0.12206007442916655,0.1418003700486644
J,36,J_w36,0.1765642905556136,0.17645278882946758
J,37,J_w37,0.19779658765243088,0.18327432939667435
J,38,J_w38,0.23078473622598736,0.18607521119915746
J,39,J_w39,0.1798800805645651,0.1790828036021978
J,40,J_w40,0.13796159485473986,0.14697557894976487
J,41,J_w41,0.13649616689516303,0.15448991510563773
J,42,J_w42,0.1578022516209721,0.15441291998784676
J,43,J_w43,0.15061601007750394,0.1406685391048191
J,44,J_w44,0.14814334395597625,0.15437352090121087
J,45,J_w45,0.13079225857979215,0.15276805396336807
J,46,J_w46,0.15153080705091015,0.1543868860306153
J,47,J_w47,0.1418541231377875,0.16659521545163286
J,48,J_w48,0.12613594409605228,0.1423027685166511
J,49,J_w49,0.1556650300891898,0.13604907502266106
J,50,J_w50,0.17893450149910015,0.17920197067648735
J,51,J_w51,0.2495244321349477,0.19932138189119628
J,52,J_w52,0.19525400732429685,0.13805533445787738
J,53,J_w53,0.14867860805071684,0.15133981916286052
J,54,J_w54,0.15104528760984873,0.16397260406954844
J,55,J_w55,0.16157920481464388,0.16011179859715002
J,56,J_w56,0.17269433139350682,0.16080885031720743
J,57,J_w57,0.19035585647532952,0.16923208750056118
J,58,J_w58,0.1658828276552917,0.16713013693519374
J,59,J_w59,0.18321285682834934,0.16955949000787912
J,60,J_w60,0.16084910533073316,0.1583197766999595
J,61,J_w61,0.1833610396657578,0.16927894224811477
J,62,J_w62,0.1881429289542757,0.16550644460878985
J,63,J_w63,0.20588657253911022,0.20662229204107382
J,64,J_w64,0.2575616432073229,0.22218647915718193
J,65,J_w65,0.18210944842683324,0.15556250473125988
J,66,J_w66,0.18947188245293337,0.1866384452084386
J,67,J_w67,0.18429931251465337,0.1814459407320074
J,68,J_w68,0.26790899110272853,0.2417638824267016
J,69,J_w69,0.2900736774482412,0.2330875943558348
J,70,J_w70,0.2307823252015046,0.21790744961474967
J,71,J_w71,0.16260281268756926,0.13987860107872804
J,72,J_w72,0.19225866852342383,0.1662855165871122
J,73,J_w73,0.23067010575643568,0.18095239187109674
J,74,J_w74,0.17745064103390265,0.16311337969981587
J,75,J_w75,0.1651196374600856,0.17045565653602102
J,76,J_w76,0.20442221583874096,0.175985375582523
J,77,J_w77,0.16127633469779992,0.1703426464091071
J,78,J_w78,0.16044636055090472,0.1693144696687258
J,79,J_w79,0.18275031582392698,0.17330862328923957
J,80,J_w80,0.16366546536790663,0.16673685622339818
J,81,J_w81,0.14866493886224502,0.16646159584699763
J,82,J_w82,0.1316592965061336,0.15327543072604002
J,83,J_w83,0.11531787887637412,0.14513749293299874
J,84,J_w84,0.1826943512096659,0.15690941304695788
J,85,J_w85,0.17962302350899226,0.14779429639919786
J,86,J_w86,0.1628451743824288,0.15953661318203533
J,87,J_w87,0.1819369606055913,0.16035239660456385
J,88,J_w88,0.17766819679601145,0.1687579270790199
J,89,J_w89,0.18249658453888606,0.1725597738219878
J,90,J_w90,0.15920456465329513,0.1642107603297151
J,91,J_w91,0.1856196110940854,0.18472978085355263
J,92,J_w92,0.15191665573399707,0.16348281244546514
J,93,J_w93,0.18389107795252693,0.1518719525431644
J,94,J_w94,0.13510888175463795,0.11647697399399425
J,95,J_w95,0.16124149317907518,0.14240450926377168
J,96,J_w96,0.1433433245268245,0.1261534796543301
J,97,J_w97,0.17596334869616106,0.1677289607899247
J,98,J_w98,0.1361434031306751,0.14846120938856602
J,99,J_w99,0.20266633078575141,0.1711874538220577
J,100,J_w100,0.1882553926705562,0.1657287628951251
J,101,J_w101,0.15214924653628417,0.14481213781070845
J,102,J_w102,0.13565052021675442,0.11189323476917436
J,103,J_w103,0.1425671169856604,0.1475380341047833
J,104,J_w104,0.16197348418771054,0.182877450777978
J,105,J_w105,0.18245054709608258,0.17948381201062155
J,106,J_w106,0.15199388354251353,0.15902548380814446
J,107,J_w107,0.21465204406882576,0.1845829590113989
J,108,J_w108,0.195994050641623,0.18931550438785547
J,109,J_w109,0.2813795792679721,0.21503267758638747
J,110,J_w110,0.17877868463737945,0.15975895825352984
J,111,J_w111,0.19084256109885506,0.15659348211923102
J,112,J_w112,0.21062329674573077,0.1583890448266287
J,113,J_w113,0.17395671836262985,0.16009473909426372
J,114,J_w114,0.12258551188582514,0.15053583333958614
J,115,J_w115,0.13066156289948092,0.16394248178919102
J,116,J_w116,0.18354460968289313,0.17338229927302812
J,117,J_w117,0.21590155159016,0.1923150391325984
J,118,J_w118,0.13760541195254855,0.1362593384718755
J,119,J_w119,0.15385600889505355,0.15911693958816475
J,120,J_w120,0.19962303062771575,0.1607600124596327
J,121,J_w121,0.16155790804249068,0.14393452535523726
J,122,J_w122,0.16048372446676556,0.15635886327683066
J,123,J_w123,0.18054798966838875,0.1290653053796611
J,124,J_w124,0.11773783505116255,0.13510775676661016
J,125,J_w125,0.1393037582740075,0.13280151089376
J,126,J_w126,0.10167295656891123,0.09955897265021527
J,127,J_w127,0.10175153921999637,0.11407917800540739
J,128,J_w128,0.10554104498361816,0.1082395309519028
J,129,J_w129,0.14534368066116887,0.14070988382829322
J,130,J_w130,0.10751442428228486,0.15154563927504802
J,131,J_w131,0.12434834411946627,0.13732079086143936
J,132,J_w132,0.11511984291791186,0.15355907122556972
J,133,J_w133,0.14458465423248545,0.14164282838385236
J,134,J_w134,0.21285363431181753,0.20513843020135064
J,135,J_w135,0.18349452531191876,0.15949524792452704
J,136,J_w136,0.13870442008043718,0.16502855163334615
J,137,J_w137,0.1557204924167673,0.16606831915783898
J,138,J_w138,0.15563245166656442,0.1747794564653923
J,139,J_w139,0.19321634288463882,0.17641123144411433
J,140,J_w140,0.1278239847064569,0.14703177213504307
J,141,J_w141,0.2646573377082369,0.19329901767810062
J,142,J_w142,0.18671996476245467,0.1781263944075057
J,143,J_w143,0.24859881420191385,0.25660630114715177
J,144,J_w144,0.23188976826741595,0.27280497889135397
J,145,J_w145,0.14599850830422564,0.24819315233293024
J,146,J_w146,0.41011413239783506,0.3667765542285601
J,147,J_w147,0.12764044129840044,0.1304172965582262
J,148,J_w148,0.15980163167259173,0.1315630073581583
J,149,J_w149,0.1323398441444406,0.1396487729367431
J,150,J_w150,0.16410155412507582,0.14344152792844267
J,151,J_w151,0.1337268530221179,0.12923982206935003
J,152,J_w152,0.17072632627696815,0.15637999432219463
J,153,J_w153,0.17171783866636997,0.14822364240522515
J,154,J_w154,0.16218977661036915,0.11831954151550331
J,155,J_w155,0.12668616422920587,0.10871885569179641
J,156,J_w156,0.15925223909119865,0.11752391499145934
J,157,J_w157,0.1574976227548519,0.13995391981268965
J,158,J_w158,0.1253770423080796,0.1323429523903314
J,159,J_w159,0.13315857194816189,0.12134499221933973
J,160,J_w160,0.10801805300758421,0.11237073760536663
J,161,J_w161,0.12139745509659446,0.13789884503730152
J,162,J_w162,0.1295740488010056,0.15001612851674698
J,163,J_w163,0.13463270904339475,0.15073419644514197
J,164,J_w164,0.1408415861744429,0.14472298644464968
J,165,J_w165,0.15221345169692369,0.12542315224511885
J,166,J_w166,0.12647770574260214,0.12267003281250764
J,167,J_w167,0.11171540961170098,0.10001297832315977
J,168,J_w168,0.16412217401059656,0.1487992426314919
J,169,J_w169,0.08064830783650684,0.07722450337108866
J,170,J_w170,0.16124853262080785,0.18904818299756151
J,171,J_w171,0.24132381947657588,0.2517711154728047
J,172,J_w172,0.10550967200023564,0.11057464810853306
J,173,J_w173,0.10966669122561147,0.09905943126417807
J,174,J_w174,0.12192468858620008,0.09400271570393527
J,175,J_w175,0.13961693567992772,0.12191705006432343
J,176,J_w176,0.12453235631662396,0.13086463084390138
J,177,J_w177,0.15531015293812775,0.12438046374398905
J,178,J_w178,0.1798487074740002,0.1604586642616426
J,179,J_w179,0.14039406748046243,0.1010617465472531
J,180,J_w180,0.13314388451200554,0.11576992124187101
J,181,J_w181,0.12877540157249398,0.14325483347590215
J,182,J_w182,0.13044634798888619,0.13150132854120955
J,183,J_w183,0.10802210864739972,0.14863783530575927
J,184,J_w184,0.0952686258106824,0.14591685678209257
J,185,J_w185,0.10150730974871802,0.11283915098692891
J,186,J_w186,0.12672498532457344,0.12747795143300333
J,187,J_w187,0.12849930678032498,0.140085663761507
J,188,J_w188,0.12152034503939788,0.14463812905144796
J,189,J_w189,0.15396914256714025,0.15904048613476524
J,190,J_w190,0.13505552886542807,0.16043473455500762
J,191,J_w191,0.17682148704737832,0.21195613845408576
J,192,J_w192,0.16678095972891827,0.19456933697564985
J,193,J_w193,0.14175875970959131,0.17626314429178108
J,194,J_w194,0.19048173059754733,0.22311618488528262
J,195,J_w195,0.20199260614557724,0.2183653878712704
J,196,J_w196,0.11532176918217388,0.1528405417418605
J,197,J_w197,0.15220840372131217,0.14233781066413947
J,198,J_w198,0.15194265407176183,0.14718763320504166
J,199,J_w199,0.14798929626548665,0.15577872119374356
J,200,J_w200,0.12724086417472105,0.14054024354066325
J,201,J_w201,0.12073709282609792,0.13538276809729394
J,202,J_w202,0.1569260834018058,0.15719400766177782
J,203,J_w203,0.1439004999867321,0.14547063176256578
J,204,J_w204,0.26353692839695253,0.22111353073134157
J,205,J_w205,0.13252477255527928,0.1355046511609317
J,206,J_w206,0.18771607855800557,0.17291839657438363
J,207,J_w207,0.12423406406337574,0.14469810666637228
J,208,J_w208,0.17832771764293576,0.1462914425272054
J,209,J_w209,0.17655944266994122,0.16560046396020742
J,210,J_w210,0.16390566864487285,0.1556605943202175
J,211,J_w211,0.15811425940208002,0.17240081103464322
J,212,J_w212,0.26366344894048255,0.22227359223852614
J,213,J_w213,0.2140189795120203,0.18342672972510438
J,214,J_w214,0.22690640579460575,0.19960231004998696
J,215,J_w215,0.3746627189948747,0.34091653893993884
J,216,J_w216,0.3132102497381614,0.333064439964705
J,217,J_w217,0.10678701872604077,0.11646659681381737
J,218,J_w218,0.17735746229742036,0.1561933504462954
J,219,J_w219,0.20664651540124984,0.18063432997260853
J,220,J_w220,0.20054735186674136,0.1848431228429512
J,221,J_w221,0.16421852923428842,0.15803555808324873
J,222,J_w222,0.12304645439663205,0.10051144815617288
J,223,J_w223,0.1258005423043085,0.14221986573924136
J,224,J_w224,0.17909511343428125,0.16892870065535728
J,225,J_w225,0.18357425229652155,0.15496780834628676
J,226,J_w226,0.2886059442845406,0.22880789965071183
J,227,J_w227,0.13252104953073326,0.1520399168137491
J,228,J_w228,0.28041120823916155,0.2259671712399812
J,229,J_w229,0.27826447605273363,0.30118756542545655
J,230,J_w230,0.28877676124569635,0.2813508671983683
J,231,J_w231,0.24303977169775448,0.2525042161255068
J,232,J_w232,0.21901748176757715,0.21533340308680332
J,233,J_w233,0.12202908161251022,0.1012854532722056
J,234,J_w234,0.10986818555475339,0.10606770783714344
J,235,J_w235,0.07055502358938878,0.06141385906836186
J,236,J_w236,0.05396014008667616,0.08037778546246699
J,237,J_w237,0.1654339275053198,0.1122299645503905
J,238,J_w238,0.08492024685824365,0.08534936303716098
J,239,J_w239,0.08757533589012721,0.1032869565248748
J,240,J_w240,0.06831312731041574,0.0827297659872602
J,241,J_w241,0.08370456858069432,0.0833186115803192
J,242,J_w242,0.09855611203813136,0.07754628839759085
J,243,J_w243,0.04101029480551375,0.06467221585935204
J,244,J_w244,0.1558384735692391,0.14837045532923263
J,245,J_w245,0.127541262404491,0.07007979409329819
J,246,J_w246,0.036766587971640674,0.03255033424908141
J,247,J_w247,0.22788969852844432,0.16767784930532642
J,248,J_w248,0.10172451929570567,0.08652975248937843
J,249,J_w249,0.09188977172393833,0.08946544356864758
J,250,J_w250,0.11308179066012662,0.09956134892174137
J,251,J_w251,0.08037629705020538,0.07425857071109536
J,252,J_w252,0.10595967556920727,0.13755328784222276
J,253,J_w253,0.11994925502451408,0.10299007251456158
J,254,J_w254,0.08485438680747635,0.07596823297494741
J,255,J_w255,0.10707738020879316,0.11286527808932113
J,256,J_w256,0.27391316511608116,0.2517867649337662
J,257,J_w257,0.14620507641089936,0.136499810988069
J,258,J_w258,0.07724728720648492,0.04338591076712725
J,259,J_w259,0.033371197241376244,0.021099921315541777
J,260,J_w260,0.14030905978607794,0.14790376240003067
J,261,J_w261,0.16688043154211196,0.1352564924806791
J,262,J_w262,0.17701091268510777,0.13878658130789798
J,263,J_w263,0.150037932795229,0.12469965389781983
J,264,J_w264,0.13099833143311948,0.16369331774264206
J,265,J_w265,0.10959461130623149,0.08396714482341035
J,266,J_w266,0.026695752822892438,0.035062988020089586
J,267,J_w267,0.1057156253818608,0.1458998110121804
J,268,J_w268,0.27787127354414515,0.26609390118218307
J,269,J_w269,0.11550276473034166,0.13001961435367373
J,270,J_w270,0.11526000785229258,0.09902585248136193
J,271,J_w271,0.17191529471847677,0.1527776542712077
J,272,J_w272,0.12061508781861653,0.12996138634093823
J,273,J_w273,0.09984747126672663,0.11926650497241262
J,274,J_w274,0.1533709159089658,0.13741337749655988
J,275,J_w275,0.055768373584080135,0.06649318998958044
J,276,J_w276,0.31162093418530196,0.2221605571642703
J,277,J_w277,0.06558372132468483,0.0923283748753298
J,278,J_w278,0.20150422301188023,0.17692542109329323
J,279,J_w279,0.20418231084619543,0.2156061468418595
J,280,J_w280,0.20001943237756054,0.20386508077313903
J,281,J_w281,0.2552437141232342,0.2417925695402671
J,282,J_w282,0.06404193602088726,0.06892048328528953
J,283,J_w283,0.08713752801091448,0.02944456637349353
J,284,J_w284,0.08470637818388459,0.03222344225350307
J,285,J_w285,0.053101430432495614,0.026939098184703216
J,286,J_w286,0.00012795525405420654,0.013279239579238192
J,287,J_w287,0.00012795525405420654,0.016486566945398323
J,288,J_w288,0.00012795525405420654,0.014879052789693602
J,289,J_w289,0.00012795525405420654,0.029900867997147303
J,290,J_w290,0.03155222036712853,0.05831734532416128
J,291,J_w291,0.00012795525405420654,0.018334722917549975
J,292,J_w292,0.00012795525405420654,0.021824948150003555
J,293,J_w293,0.00012795525405420654,0.02395382288479041
J,294,J_w294,0.004946800383426646,0.016709880924144833
